{"form": [{"box": [403, 36, 550, 584], "text": "WINE", "label": "others", "words": [{"box": [403, 36, 550, 584], "text": "WINE"}], "linking": [], "id": 0}, {"box": [406, 94, 894, 923], "text": "PURCHASE ORDER", "label": "others", "words": [{"box": [406, 94, 894, 923], "text": "PURCHASE ORDER"}], "linking": [], "id": 1}, {"box": [57, 106, 341, 362], "text": "wine excellence", "label": "others", "words": [{"box": [57, 106, 341, 362], "text": "wine excellence"}], "linking": [], "id": 2}, {"box": [138, 126, 259, 277], "text": " Since 2007", "label": "others", "words": [{"box": [138, 126, 259, 277], "text": " Since 2007"}], "linking": [], "id": 3}, {"box": [39, 186, 66, 79], "text": "To:", "label": "vendor_address_title", "words": [{"box": [39, 186, 66, 79], "text": "To:"}], "linking": [[4, 6], [4, 10], [4, 12], [4, 14], [4, 17]], "id": 4}, {"box": [363, 185, 424, 439], "text": "Ship To:", "label": "sender_address_title", "words": [{"box": [363, 185, 424, 439], "text": "Ship To:"}], "linking": [[5, 7], [5, 11], [5, 13], [5, 15], [5, 18]], "id": 5}, {"box": [40, 203, 165, 179], "text": "[Purchaser Name]", "label": "vendor_address", "words": [{"box": [40, 203, 165, 179], "text": "[Purchaser Name]"}], "linking": [[4, 6]], "id": 6}, {"box": [365, 202, 486, 501], "text": "[Recipient Name]", "label": "sender_address", "words": [{"box": [365, 202, 486, 501], "text": "[Recipient Name]"}], "linking": [[5, 7]], "id": 7}, {"box": [917, 202, 963, 979], "text": "DATE", "label": "date_heading", "words": [{"box": [917, 202, 963, 979], "text": "DATE"}], "linking": [[8, 9]], "id": 8}, {"box": [876, 218, 961, 976], "text": "19/05/2022", "label": "po_date", "words": [{"box": [876, 218, 961, 976], "text": "19/05/2022"}], "linking": [[8, 9]], "id": 9}, {"box": [40, 220, 162, 176], "text": "[Company Name]", "label": "vendor_address", "words": [{"box": [40, 220, 162, 176], "text": "[Company Name]"}], "linking": [[4, 10]], "id": 10}, {"box": [366, 220, 487, 501], "text": "[Company Name]", "label": "sender_address", "words": [{"box": [366, 220, 487, 501], "text": "[Company Name]"}], "linking": [[5, 11]], "id": 11}, {"box": [40, 236, 153, 168], "text": "[Street Address]", "label": "vendor_address", "words": [{"box": [40, 236, 153, 168], "text": "[Street Address]"}], "linking": [[4, 12]], "id": 12}, {"box": [366, 236, 478, 493], "text": "[Street Address]", "label": "sender_address", "words": [{"box": [366, 236, 478, 493], "text": "[Street Address]"}], "linking": [[5, 13]], "id": 13}, {"box": [37, 250, 171, 189], "text": "[City, ST ZIP Code]", "label": "vendor_address", "words": [{"box": [37, 250, 171, 189], "text": "[City, ST ZIP Code]"}], "linking": [[4, 14]], "id": 14}, {"box": [366, 253, 495, 510], "text": "[City, ST ZIP Code]", "label": "sender_address", "words": [{"box": [366, 253, 495, 510], "text": "[City, ST ZIP Code]"}], "linking": [[5, 15]], "id": 15}, {"box": [886, 254, 963, 978], "text": "CLIENT ID", "label": "others", "words": [{"box": [886, 254, 963, 978], "text": "CLIENT ID"}], "linking": [], "id": 16}, {"box": [39, 271, 98, 113], "text": "[Phone]", "label": "vendor_address", "words": [{"box": [39, 271, 98, 113], "text": "[Phone]"}], "linking": [[4, 17]], "id": 17}, {"box": [365, 271, 424, 439], "text": "[Phone]", "label": "sender_address", "words": [{"box": [365, 271, 424, 439], "text": "[Phone]"}], "linking": [[5, 18]], "id": 18}, {"box": [896, 271, 962, 977], "text": "EX12058", "label": "others", "words": [{"box": [896, 271, 962, 977], "text": "EX12058"}], "linking": [], "id": 19}, {"box": [97, 307, 182, 193], "text": "P/O NUMBER", "label": "po_no_heading", "words": [{"box": [97, 307, 182, 193], "text": "P/O NUMBER"}], "linking": [[20, 25]], "id": 20}, {"box": [443, 307, 498, 509], "text": "SHIP VIA", "label": "others", "words": [{"box": [443, 307, 498, 509], "text": "SHIP VIA"}], "linking": [], "id": 21}, {"box": [811, 307, 856, 867], "text": "TERMS", "label": "others", "words": [{"box": [811, 307, 856, 867], "text": "TERMS"}], "linking": [], "id": 22}, {"box": [419, 325, 516, 531], "text": "FedEx Service", "label": "others", "words": [{"box": [419, 325, 516, 531], "text": "FedEx Service"}], "linking": [], "id": 23}, {"box": [808, 324, 856, 871], "text": "NET 7", "label": "others", "words": [{"box": [808, 324, 856, 871], "text": "NET 7"}], "linking": [], "id": 24}, {"box": [103, 326, 175, 186], "text": "52488000", "label": "po_no", "words": [{"box": [103, 326, 175, 186], "text": "52488000"}], "linking": [[20, 25]], "id": 25}, {"box": [618, 366, 670, 682], "text": "BOTTLE", "label": "column_name", "words": [{"box": [618, 366, 670, 682], "text": "BOTTLE"}], "linking": [], "id": 26}, {"box": [61, 372, 120, 135], "text": "VINTAGE", "label": "column_name", "words": [{"box": [61, 372, 120, 135], "text": "VINTAGE"}], "linking": [[27, 34], [27, 43], [27, 45], [27, 51], [27, 57], [27, 67], [27, 70]], "id": 27}, {"box": [287, 373, 348, 360], "text": "VARIETAL", "label": "column_name", "words": [{"box": [287, 373, 348, 360], "text": "VARIETAL"}], "linking": [[28, 35], [28, 39], [28, 46], [28, 52], [28, 58], [28, 68], [28, 69]], "id": 28}, {"box": [525, 373, 556, 569], "text": "QTY", "label": "column_name", "words": [{"box": [525, 373, 556, 569], "text": "QTY"}], "linking": [[29, 36], [29, 40], [29, 47], [29, 53], [29, 59], [29, 63], [29, 71]], "id": 29}, {"box": [719, 373, 792, 804], "text": "DISCOUNT*", "label": "column_name", "words": [{"box": [719, 373, 792, 804], "text": "DISCOUNT*"}], "linking": [[30, 38], [30, 42], [30, 49], [30, 55], [30, 61], [30, 65], [30, 73]], "id": 30}, {"box": [905, 372, 951, 966], "text": "TOTAL", "label": "column_name", "words": [{"box": [905, 372, 951, 966], "text": "TOTAL"}], "linking": [[31, 33], [31, 44], [31, 50], [31, 56], [31, 62], [31, 66], [31, 74]], "id": 31}, {"box": [622, 380, 664, 675], "text": "PRICE", "label": "column_name", "words": [{"box": [622, 380, 664, 675], "text": "PRICE"}], "linking": [[32, 37], [32, 41], [32, 48], [32, 54], [32, 60], [32, 64], [32, 72]], "id": 32}, {"box": [889, 403, 950, 966], "text": "243.20$", "label": "column_value", "words": [{"box": [889, 403, 950, 966], "text": "243.20$"}], "linking": [[31, 33]], "id": 33}, {"box": [70, 404, 107, 119], "text": "2010", "label": "column_value", "words": [{"box": [70, 404, 107, 119], "text": "2010"}], "linking": [[27, 34]], "id": 34}, {"box": [152, 404, 293, 308], "text": "Cabernet Sauvignon", "label": "column_value", "words": [{"box": [152, 404, 293, 308], "text": "Cabernet Sauvignon"}], "linking": [[28, 35]], "id": 35}, {"box": [533, 405, 546, 559], "text": "8", "label": "column_value", "words": [{"box": [533, 405, 546, 559], "text": "8"}], "linking": [[29, 36]], "id": 36}, {"box": [616, 404, 668, 683], "text": "32.00$", "label": "column_value", "words": [{"box": [616, 404, 668, 683], "text": "32.00$"}], "linking": [[32, 37]], "id": 37}, {"box": [741, 404, 766, 781], "text": "5%", "label": "column_value", "words": [{"box": [741, 404, 766, 781], "text": "5%"}], "linking": [[30, 38]], "id": 38}, {"box": [150, 427, 294, 309], "text": "Cabernet Sauvignon", "label": "column_value", "words": [{"box": [150, 427, 294, 309], "text": "Cabernet Sauvignon"}], "linking": [[28, 39]], "id": 39}, {"box": [531, 427, 549, 564], "text": "4", "label": "column_value", "words": [{"box": [531, 427, 549, 564], "text": "4"}], "linking": [[29, 40]], "id": 40}, {"box": [616, 427, 670, 685], "text": "45.00$", "label": "column_value", "words": [{"box": [616, 427, 670, 685], "text": "45.00$"}], "linking": [[32, 41]], "id": 41}, {"box": [738, 426, 769, 786], "text": "5%", "label": "column_value", "words": [{"box": [738, 426, 769, 786], "text": "5%"}], "linking": [[30, 42]], "id": 42}, {"box": [69, 428, 108, 120], "text": "2002", "label": "column_value", "words": [{"box": [69, 428, 108, 120], "text": "2002"}], "linking": [[27, 43]], "id": 43}, {"box": [890, 427, 951, 966], "text": "171.00$", "label": "column_value", "words": [{"box": [890, 427, 951, 966], "text": "171.00$"}], "linking": [[31, 44]], "id": 44}, {"box": [70, 452, 107, 120], "text": "2019", "label": "column_value", "words": [{"box": [70, 452, 107, 120], "text": "2019"}], "linking": [[27, 45]], "id": 45}, {"box": [150, 452, 192, 206], "text": "Rose", "label": "column_value", "words": [{"box": [150, 452, 192, 206], "text": "Rose"}], "linking": [[28, 46]], "id": 46}, {"box": [527, 452, 552, 566], "text": "24", "label": "column_value", "words": [{"box": [527, 452, 552, 566], "text": "24"}], "linking": [[29, 47]], "id": 47}, {"box": [616, 451, 670, 685], "text": "25.00$", "label": "column_value", "words": [{"box": [616, 451, 670, 685], "text": "25.00$"}], "linking": [[32, 48]], "id": 48}, {"box": [737, 451, 773, 789], "text": "15%", "label": "column_value", "words": [{"box": [737, 451, 773, 789], "text": "15%"}], "linking": [[30, 49]], "id": 49}, {"box": [890, 451, 951, 966], "text": "510.00$", "label": "column_value", "words": [{"box": [890, 451, 951, 966], "text": "510.00$"}], "linking": [[31, 50]], "id": 50}, {"box": [70, 476, 107, 120], "text": "2016", "label": "column_value", "words": [{"box": [70, 476, 107, 120], "text": "2016"}], "linking": [[27, 51]], "id": 51}, {"box": [150, 475, 195, 211], "text": " Syrah", "label": "column_value", "words": [{"box": [150, 475, 195, 211], "text": " Syrah"}], "linking": [[28, 52]], "id": 52}, {"box": [530, 475, 552, 567], "text": "12", "label": "column_value", "words": [{"box": [530, 475, 552, 567], "text": "12"}], "linking": [[29, 53]], "id": 53}, {"box": [616, 475, 668, 683], "text": "34.00$", "label": "column_value", "words": [{"box": [616, 475, 668, 683], "text": "34.00$"}], "linking": [[32, 54]], "id": 54}, {"box": [737, 475, 773, 789], "text": "15%", "label": "column_value", "words": [{"box": [737, 475, 773, 789], "text": "15%"}], "linking": [[30, 55]], "id": 55}, {"box": [890, 475, 951, 966], "text": "346.80$", "label": "column_value", "words": [{"box": [890, 475, 951, 966], "text": "346.80$"}], "linking": [[31, 56]], "id": 56}, {"box": [69, 498, 109, 125], "text": "2020", "label": "column_value", "words": [{"box": [69, 498, 109, 125], "text": "2020"}], "linking": [[27, 57]], "id": 57}, {"box": [153, 499, 277, 292], "text": "Cabernet Reserve", "label": "column_value", "words": [{"box": [153, 499, 277, 292], "text": "Cabernet Reserve"}], "linking": [[28, 58]], "id": 58}, {"box": [531, 499, 549, 565], "text": "5", "label": "column_value", "words": [{"box": [531, 499, 549, 565], "text": "5"}], "linking": [[29, 59]], "id": 59}, {"box": [616, 499, 670, 685], "text": "26.00$", "label": "column_value", "words": [{"box": [616, 499, 670, 685], "text": "26.00$"}], "linking": [[32, 60]], "id": 60}, {"box": [741, 500, 766, 780], "text": "5%", "label": "column_value", "words": [{"box": [741, 500, 766, 780], "text": "5%"}], "linking": [[30, 61]], "id": 61}, {"box": [890, 499, 951, 966], "text": "123.50$", "label": "column_value", "words": [{"box": [890, 499, 951, 966], "text": "123.50$"}], "linking": [[31, 62]], "id": 62}, {"box": [528, 523, 550, 564], "text": "10", "label": "column_value", "words": [{"box": [528, 523, 550, 564], "text": "10"}], "linking": [[29, 63]], "id": 63}, {"box": [616, 523, 670, 685], "text": "33.00$", "label": "column_value", "words": [{"box": [616, 523, 670, 685], "text": "33.00$"}], "linking": [[32, 64]], "id": 64}, {"box": [741, 523, 766, 781], "text": "5%", "label": "column_value", "words": [{"box": [741, 523, 766, 781], "text": "5%"}], "linking": [[30, 65]], "id": 65}, {"box": [890, 522, 951, 966], "text": "313.50$", "label": "column_value", "words": [{"box": [890, 522, 951, 966], "text": "313.50$"}], "linking": [[31, 66]], "id": 66}, {"box": [69, 524, 108, 119], "text": "2016", "label": "column_value", "words": [{"box": [69, 524, 108, 119], "text": "2016"}], "linking": [[27, 67]], "id": 67}, {"box": [153, 524, 220, 231], "text": "Zinfandel", "label": "column_value", "words": [{"box": [153, 524, 220, 231], "text": "Zinfandel"}], "linking": [[28, 68]], "id": 68}, {"box": [150, 547, 205, 221], "text": "Merlot", "label": "column_value", "words": [{"box": [150, 547, 205, 221], "text": "Merlot"}], "linking": [[28, 69]], "id": 69}, {"box": [69, 546, 109, 125], "text": "2019", "label": "column_value", "words": [{"box": [69, 546, 109, 125], "text": "2019"}], "linking": [[27, 70]], "id": 70}, {"box": [533, 548, 546, 558], "text": "5", "label": "column_value", "words": [{"box": [533, 548, 546, 558], "text": "5"}], "linking": [[29, 71]], "id": 71}, {"box": [616, 547, 670, 685], "text": "40.00$", "label": "column_value", "words": [{"box": [616, 547, 670, 685], "text": "40.00$"}], "linking": [[32, 72]], "id": 72}, {"box": [741, 547, 766, 780], "text": "5%", "label": "column_value", "words": [{"box": [741, 547, 766, 780], "text": "5%"}], "linking": [[30, 73]], "id": 73}, {"box": [890, 547, 951, 966], "text": "190.00$", "label": "column_value", "words": [{"box": [890, 547, 951, 966], "text": "190.00$"}], "linking": [[31, 74]], "id": 74}, {"box": [39, 825, 363, 377], "text": "*) Discounts are granted for the following categories:.", "label": "others", "words": [{"box": [39, 825, 363, 377], "text": "*) Discounts are granted for the following categories:."}], "linking": [], "id": 75}, {"box": [876, 824, 949, 964], "text": "1,898.00$", "label": "others", "words": [{"box": [876, 824, 949, 964], "text": "1,898.00$"}], "linking": [], "id": 76}, {"box": [734, 826, 793, 804], "text": "Subtotal", "label": "others", "words": [{"box": [734, 826, 793, 804], "text": "Subtotal"}], "linking": [], "id": 77}, {"box": [727, 848, 793, 808], "text": " Sales Tax", "label": "others", "words": [{"box": [727, 848, 793, 808], "text": " Sales Tax"}], "linking": [], "id": 78}, {"box": [39, 850, 231, 241], "text": "10% CASE DISCOUNT (12 PACK)", "label": "others", "words": [{"box": [39, 850, 231, 241], "text": "10% CASE DISCOUNT (12 PACK)"}], "linking": [], "id": 79}, {"box": [923, 849, 950, 964], "text": "5%", "label": "others", "words": [{"box": [923, 849, 950, 964], "text": "5%"}], "linking": [], "id": 80}, {"box": [36, 872, 219, 233], "text": "5% WINE CLUB MEMBERSHIP", "label": "others", "words": [{"box": [36, 872, 219, 233], "text": "5% WINE CLUB MEMBERSHIP"}], "linking": [], "id": 81}, {"box": [652, 873, 795, 809], "text": "Shipping & Handling.", "label": "others", "words": [{"box": [652, 873, 795, 809], "text": "Shipping & Handling."}], "linking": [], "id": 82}, {"box": [896, 873, 950, 965], "text": "20.00$", "label": "others", "words": [{"box": [896, 873, 950, 965], "text": "20.00$"}], "linking": [], "id": 83}, {"box": [897, 896, 948, 964], "text": "15.00$", "label": "others", "words": [{"box": [897, 896, 948, 964], "text": "15.00$"}], "linking": [], "id": 84}, {"box": [37, 895, 254, 268], "text": "1-5% SPECIAL AGREEMENT CLAUSE", "label": "others", "words": [{"box": [37, 895, 254, 268], "text": "1-5% SPECIAL AGREEMENT CLAUSE"}], "linking": [], "id": 85}, {"box": [750, 895, 792, 808], "text": "Other", "label": "others", "words": [{"box": [750, 895, 792, 808], "text": "Other"}], "linking": [], "id": 86}, {"box": [737, 920, 794, 809], "text": "TOTAL", "label": "total_id", "words": [{"box": [737, 920, 794, 809], "text": "TOTAL"}], "linking": [[87, 88]], "id": 87}, {"box": [863, 919, 949, 964], "text": "2,027.90$", "label": "total_cost", "words": [{"box": [863, 919, 949, 964], "text": "2,027.90$"}], "linking": [[87, 88]], "id": 88}, {"box": [318, 966, 684, 698], "text": "[Street Address], [City, ST ZIP Code] [Phone] [Fax] [E-mail]", "label": "others", "words": [{"box": [318, 966, 684, 698], "text": "[Street Address], [City, ST ZIP Code] [Phone] [Fax] [E-mail]"}], "linking": [], "id": 89}]}