{"form": [{"box": [237, 35, 747, 778], "text": "PURCHASE ORDER", "label": "others", "words": [{"box": [237, 35, 747, 778], "text": "PURCHASE ORDER"}], "linking": [], "id": 0}, {"box": [39, 140, 128, 143], "text": "Store Name: T-Shirt Dreams", "label": "vendor_address_title", "words": [{"box": [39, 140, 128, 143], "text": "Store Name: T-Shirt Dreams"}], "linking": [[1, 109], [1, 5], [1, 7], [1, 10], [1, 4], [1, 6], [1, 9]], "id": 1}, {"box": [710, 140, 763, 778], "text": "PO#: 10238-102", "label": "po_no_heading", "words": [{"box": [710, 140, 763, 778], "text": "PO#: 10238-102"}], "linking": [[2, 106]], "id": 2}, {"box": [667, 157, 764, 778], "text": "Order Date: 02/05/2022", "label": "date_heading", "words": [{"box": [667, 157, 764, 778], "text": "Order Date: 02/05/2022"}], "linking": [[3, 107]], "id": 3}, {"box": [39, 160, 87, 99], "text": "Buyer:", "label": "vendor_address", "words": [{"box": [39, 160, 87, 99], "text": "Buyer:"}], "linking": [[1, 4]], "id": 4}, {"box": [137, 159, 226, 241], "text": "Nancy Doe", "label": "vendor_address", "words": [{"box": [137, 159, 226, 241], "text": "Nancy Doe"}], "linking": [[1, 5]], "id": 5}, {"box": [40, 180, 91, 103], "text": "Phone:", "label": "vendor_address", "words": [{"box": [40, 180, 91, 103], "text": "Phone:"}], "linking": [[1, 6]], "id": 6}, {"box": [137, 178, 326, 340], "text": "000 - 1234 - 5678 - 9000", "label": "vendor_address", "words": [{"box": [137, 178, 326, 340], "text": "000 - 1234 - 5678 - 9000"}], "linking": [[1, 7]], "id": 7}, {"box": [638, 177, 866, 880], "text": "Date Required: 05/05/2022", "label": "others", "words": [{"box": [638, 177, 866, 880], "text": "Date Required: 05/05/2022"}], "linking": [], "id": 8}, {"box": [39, 197, 88, 103], "text": "Email:", "label": "vendor_address", "words": [{"box": [39, 197, 88, 103], "text": "Email:"}], "linking": [[1, 9]], "id": 9}, {"box": [135, 198, 357, 371], "text": "tshirtdreams123@eunet.com", "label": "vendor_address", "words": [{"box": [135, 198, 357, 371], "text": "tshirtdreams123@eunet.com"}], "linking": [[1, 10]], "id": 10}, {"box": [49, 241, 126, 141], "text": "Ship To: John Doe", "label": "sender_address_title", "words": [{"box": [49, 241, 126, 141], "text": "Ship To: John Doe"}], "linking": [[11, 108], [11, 13], [11, 15]], "id": 11}, {"box": [525, 241, 592, 607], "text": "Bill To:  Nancy Doe", "label": "others", "words": [{"box": [525, 241, 592, 607], "text": "Bill To:  Nancy Doe"}], "linking": [], "id": 12}, {"box": [138, 257, 431, 446], "text": "185 Military Street, Westminster, 21588 NY", "label": "sender_address", "words": [{"box": [138, 257, 431, 446], "text": "185 Military Street, Westminster, 21588 NY"}], "linking": [[11, 13]], "id": 13}, {"box": [603, 257, 901, 916], "text": "202 White Avenue, Westminster, 21588 NY", "label": "others", "words": [{"box": [603, 257, 901, 916], "text": "202 White Avenue, Westminster, 21588 NY"}], "linking": [], "id": 14}, {"box": [138, 274, 300, 314], "text": "(555) 125 - 1252 - 2544", "label": "sender_address", "words": [{"box": [138, 274, 300, 314], "text": "(555) 125 - 1252 - 2544"}], "linking": [[11, 15]], "id": 15}, {"box": [604, 274, 768, 782], "text": "(555) 125 - 1252 - 2544", "label": "others", "words": [{"box": [604, 274, 768, 782], "text": "(555) 125 - 1252 - 2544"}], "linking": [], "id": 16}, {"box": [610, 325, 766, 781], "text": "Quantities by sizes", "label": "column_name", "words": [{"box": [610, 325, 766, 781], "text": "Quantities by sizes"}], "linking": [], "id": 17}, {"box": [152, 327, 211, 226], "text": "Colour", "label": "column_name", "words": [{"box": [152, 327, 211, 226], "text": "Colour"}], "linking": [[18, 32], [18, 41], [18, 48]], "id": 18}, {"box": [481, 326, 523, 539], "text": "Unit", "label": "column_name", "words": [{"box": [481, 326, 523, 539], "text": "Unit"}], "linking": [[19, 43], [19, 63], [19, 76], [19, 86]], "id": 19}, {"box": [887, 327, 946, 961], "text": "TOTAL", "label": "column_name", "words": [{"box": [887, 327, 946, 961], "text": "TOTAL"}], "linking": [], "id": 20}, {"box": [61, 335, 116, 131], "text": "Item #", "label": "column_name", "words": [{"box": [61, 335, 116, 131], "text": "Item #"}], "linking": [[21, 31], [21, 40], [21, 47], [21, 61], [21, 65], [21, 74], [21, 83]], "id": 21}, {"box": [277, 335, 411, 425], "text": "Item Description", "label": "column_name", "words": [{"box": [277, 335, 411, 425], "text": "Item Description"}], "linking": [[22, 33], [22, 42], [22, 49], [22, 62], [22, 66], [22, 73], [22, 85]], "id": 22}, {"box": [151, 343, 210, 226], "text": "(Code)", "label": "column_name", "words": [{"box": [151, 343, 210, 226], "text": "(Code)"}], "linking": [[23, 48], [23, 55], [23, 71], [23, 75], [23, 84]], "id": 23}, {"box": [477, 343, 525, 541], "text": "Price", "label": "column_name", "words": [{"box": [477, 343, 525, 541], "text": "Price"}], "linking": [[24, 34], [24, 50], [24, 67]], "id": 24}, {"box": [563, 344, 584, 600], "text": "s", "label": "column_name", "words": [{"box": [563, 344, 584, 600], "text": "s"}], "linking": [[25, 35], [25, 77], [25, 56]], "id": 25}, {"box": [677, 344, 696, 711], "text": "L", "label": "column_name", "words": [{"box": [677, 344, 696, 711], "text": "L"}], "linking": [[26, 37], [26, 45], [26, 52], [26, 58], [26, 69], [26, 79], [26, 88]], "id": 26}, {"box": [729, 343, 762, 779], "text": "XL", "label": "column_name", "words": [{"box": [729, 343, 762, 779], "text": "XL"}], "linking": [[27, 38], [27, 53], [27, 59], [27, 70], [27, 80], [27, 89]], "id": 27}, {"box": [891, 343, 948, 963], "text": "PRICE", "label": "column_name", "words": [{"box": [891, 343, 948, 963], "text": "PRICE"}], "linking": [[28, 30], [28, 46], [28, 54], [28, 64], [28, 72], [28, 82], [28, 90]], "id": 28}, {"box": [787, 345, 820, 833], "text": "2XL", "label": "column_name", "words": [{"box": [787, 345, 820, 833], "text": "2XL"}], "linking": [[29, 39], [29, 60], [29, 81]], "id": 29}, {"box": [886, 380, 948, 964], "text": "252.00$", "label": "column_value", "words": [{"box": [886, 380, 948, 964], "text": "252.00$"}], "linking": [[28, 30]], "id": 30}, {"box": [62, 380, 116, 131], "text": "154285", "label": "column_value", "words": [{"box": [62, 380, 116, 131], "text": "154285"}], "linking": [[21, 31]], "id": 31}, {"box": [146, 380, 213, 228], "text": "#FF5733", "label": "column_value", "words": [{"box": [146, 380, 213, 228], "text": "#FF5733"}], "linking": [[18, 32]], "id": 32}, {"box": [226, 380, 415, 429], "text": " Bike riders T-shirt with logo", "label": "column_value", "words": [{"box": [226, 380, 415, 429], "text": " Bike riders T-shirt with logo"}], "linking": [[22, 33]], "id": 33}, {"box": [475, 380, 529, 544], "text": "14.00$", "label": "column_value", "words": [{"box": [475, 380, 529, 544], "text": "14.00$"}], "linking": [[24, 34]], "id": 34}, {"box": [564, 380, 583, 598], "text": "2", "label": "column_value", "words": [{"box": [564, 380, 583, 598], "text": "2"}], "linking": [[25, 35]], "id": 35}, {"box": [620, 380, 641, 656], "text": "4", "label": "column_value", "words": [{"box": [620, 380, 641, 656], "text": "4"}], "linking": [[111, 36]], "id": 36}, {"box": [678, 380, 697, 713], "text": "5", "label": "column_value", "words": [{"box": [678, 380, 697, 713], "text": "5"}], "linking": [[26, 37]], "id": 37}, {"box": [737, 380, 756, 771], "text": "5", "label": "column_value", "words": [{"box": [737, 380, 756, 771], "text": "5"}], "linking": [[27, 38]], "id": 38}, {"box": [795, 380, 813, 828], "text": "2", "label": "column_value", "words": [{"box": [795, 380, 813, 828], "text": "2"}], "linking": [[29, 39]], "id": 39}, {"box": [62, 402, 116, 131], "text": "154586", "label": "column_value", "words": [{"box": [62, 402, 116, 131], "text": "154586"}], "linking": [[21, 40]], "id": 40}, {"box": [146, 402, 216, 231], "text": "#76D7C4", "label": "column_value", "words": [{"box": [146, 402, 216, 231], "text": "#76D7C4"}], "linking": [[18, 41]], "id": 41}, {"box": [229, 402, 299, 314], "text": "Valentino", "label": "column_value", "words": [{"box": [229, 402, 299, 314], "text": "Valentino"}], "linking": [[22, 42]], "id": 42}, {"box": [476, 402, 528, 543], "text": "12.50$", "label": "column_value", "words": [{"box": [476, 402, 528, 543], "text": "12.50$"}], "linking": [[19, 43]], "id": 43}, {"box": [620, 402, 639, 655], "text": "8", "label": "column_value", "words": [{"box": [620, 402, 639, 655], "text": "8"}], "linking": [[111, 44]], "id": 44}, {"box": [678, 402, 697, 713], "text": "8", "label": "column_value", "words": [{"box": [678, 402, 697, 713], "text": "8"}], "linking": [[26, 45]], "id": 45}, {"box": [887, 402, 949, 964], "text": "200.00$", "label": "column_value", "words": [{"box": [887, 402, 949, 964], "text": "200.00$"}], "linking": [[28, 46]], "id": 46}, {"box": [62, 425, 114, 125], "text": "154287", "label": "column_value", "words": [{"box": [62, 425, 114, 125], "text": "154287"}], "linking": [[21, 47]], "id": 47}, {"box": [143, 425, 217, 228], "text": "#D5DBDB", "label": "column_value", "words": [{"box": [143, 425, 217, 228], "text": "#D5DBDB"}], "linking": [[18, 48], [23, 48]], "id": 48}, {"box": [226, 425, 428, 442], "text": " New Age with longer sleeves.", "label": "column_value", "words": [{"box": [226, 425, 428, 442], "text": " New Age with longer sleeves."}], "linking": [[22, 49]], "id": 49}, {"box": [476, 424, 528, 543], "text": "11.00$", "label": "column_value", "words": [{"box": [476, 424, 528, 543], "text": "11.00$"}], "linking": [[24, 50]], "id": 50}, {"box": [620, 424, 639, 654], "text": "3", "label": "column_value", "words": [{"box": [620, 424, 639, 654], "text": "3"}], "linking": [[111, 51]], "id": 51}, {"box": [677, 424, 701, 716], "text": "10", "label": "column_value", "words": [{"box": [677, 424, 701, 716], "text": "10"}], "linking": [[26, 52]], "id": 52}, {"box": [734, 424, 759, 774], "text": "10", "label": "column_value", "words": [{"box": [734, 424, 759, 774], "text": "10"}], "linking": [[27, 53]], "id": 53}, {"box": [887, 424, 949, 964], "text": "253.00$", "label": "column_value", "words": [{"box": [887, 424, 949, 964], "text": "253.00$"}], "linking": [[28, 54]], "id": 54}, {"box": [144, 445, 215, 230], "text": "#CA6F1E", "label": "column_value", "words": [{"box": [144, 445, 215, 230], "text": "#CA6F1E"}], "linking": [[23, 55]], "id": 55}, {"box": [564, 446, 582, 597], "text": "3", "label": "column_value", "words": [{"box": [564, 446, 582, 597], "text": "3"}], "linking": [[25, 56]], "id": 56}, {"box": [620, 445, 639, 655], "text": "3", "label": "column_value", "words": [{"box": [620, 445, 639, 655], "text": "3"}], "linking": [[111, 57]], "id": 57}, {"box": [682, 446, 696, 710], "text": "4", "label": "column_value", "words": [{"box": [682, 446, 696, 710], "text": "4"}], "linking": [[26, 58]], "id": 58}, {"box": [738, 445, 756, 772], "text": "4", "label": "column_value", "words": [{"box": [738, 445, 756, 772], "text": "4"}], "linking": [[27, 59]], "id": 59}, {"box": [795, 445, 813, 829], "text": "2", "label": "column_value", "words": [{"box": [795, 445, 813, 829], "text": "2"}], "linking": [[29, 60]], "id": 60}, {"box": [64, 447, 113, 125], "text": "155200", "label": "column_value", "words": [{"box": [64, 447, 113, 125], "text": "155200"}], "linking": [[21, 61]], "id": 61}, {"box": [229, 447, 299, 311], "text": "Street Art", "label": "column_value", "words": [{"box": [229, 447, 299, 311], "text": "Street Art"}], "linking": [[22, 62]], "id": 62}, {"box": [478, 447, 527, 539], "text": "10.00$", "label": "column_value", "words": [{"box": [478, 447, 527, 539], "text": "10.00$"}], "linking": [[19, 63]], "id": 63}, {"box": [887, 446, 949, 964], "text": "160.00$", "label": "column_value", "words": [{"box": [887, 446, 949, 964], "text": "160.00$"}], "linking": [[28, 64]], "id": 64}, {"box": [62, 467, 114, 129], "text": "155202", "label": "column_value", "words": [{"box": [62, 467, 114, 129], "text": "155202"}], "linking": [[21, 65]], "id": 65}, {"box": [228, 468, 319, 334], "text": " Funky Prints", "label": "column_value", "words": [{"box": [228, 468, 319, 334], "text": " Funky Prints"}], "linking": [[22, 66]], "id": 66}, {"box": [476, 467, 528, 543], "text": "13.00$", "label": "column_value", "words": [{"box": [476, 467, 528, 543], "text": "13.00$"}], "linking": [[24, 67]], "id": 67}, {"box": [622, 467, 640, 655], "text": "8", "label": "column_value", "words": [{"box": [622, 467, 640, 655], "text": "8"}], "linking": [[111, 68]], "id": 68}, {"box": [677, 467, 701, 716], "text": "10", "label": "column_value", "words": [{"box": [677, 467, 701, 716], "text": "10"}], "linking": [[26, 69]], "id": 69}, {"box": [734, 466, 761, 779], "text": "15", "label": "column_value", "words": [{"box": [734, 466, 761, 779], "text": "15"}], "linking": [[27, 70]], "id": 70}, {"box": [147, 468, 211, 223], "text": "#1E8449", "label": "column_value", "words": [{"box": [147, 468, 211, 223], "text": "#1E8449"}], "linking": [[23, 71]], "id": 71}, {"box": [888, 467, 949, 964], "text": "429.00$", "label": "column_value", "words": [{"box": [888, 467, 949, 964], "text": "429.00$"}], "linking": [[28, 72]], "id": 72}, {"box": [225, 489, 312, 327], "text": " Urban Hero", "label": "column_value", "words": [{"box": [225, 489, 312, 327], "text": " Urban Hero"}], "linking": [[22, 73]], "id": 73}, {"box": [59, 489, 114, 129], "text": "155203", "label": "column_value", "words": [{"box": [59, 489, 114, 129], "text": "155203"}], "linking": [[21, 74]], "id": 74}, {"box": [143, 490, 217, 228], "text": "#D5DBDB", "label": "column_value", "words": [{"box": [143, 490, 217, 228], "text": "#D5DBDB"}], "linking": [[23, 75]], "id": 75}, {"box": [478, 489, 526, 541], "text": "8.00$", "label": "column_value", "words": [{"box": [478, 489, 526, 541], "text": "8.00$"}], "linking": [[19, 76]], "id": 76}, {"box": [564, 489, 583, 597], "text": "5", "label": "column_value", "words": [{"box": [564, 489, 583, 597], "text": "5"}], "linking": [[25, 77]], "id": 77}, {"box": [618, 489, 643, 657], "text": "10", "label": "column_value", "words": [{"box": [618, 489, 643, 657], "text": "10"}], "linking": [[111, 78]], "id": 78}, {"box": [677, 489, 701, 716], "text": "15", "label": "column_value", "words": [{"box": [677, 489, 701, 716], "text": "15"}], "linking": [[26, 79]], "id": 79}, {"box": [734, 490, 759, 773], "text": "15", "label": "column_value", "words": [{"box": [734, 490, 759, 773], "text": "15"}], "linking": [[27, 80]], "id": 80}, {"box": [793, 489, 815, 829], "text": "10", "label": "column_value", "words": [{"box": [793, 489, 815, 829], "text": "10"}], "linking": [[29, 81]], "id": 81}, {"box": [887, 489, 949, 964], "text": "400.00$", "label": "column_value", "words": [{"box": [887, 489, 949, 964], "text": "400.00$"}], "linking": [[28, 82]], "id": 82}, {"box": [62, 509, 116, 131], "text": "155204", "label": "column_value", "words": [{"box": [62, 509, 116, 131], "text": "155204"}], "linking": [[21, 83]], "id": 83}, {"box": [146, 509, 215, 230], "text": "#1E8449", "label": "column_value", "words": [{"box": [146, 509, 215, 230], "text": "#1E8449"}], "linking": [[23, 84]], "id": 84}, {"box": [228, 509, 287, 302], "text": "Graphix", "label": "column_value", "words": [{"box": [228, 509, 287, 302], "text": "Graphix"}], "linking": [[22, 85]], "id": 85}, {"box": [476, 509, 530, 545], "text": "10.00$", "label": "column_value", "words": [{"box": [476, 509, 530, 545], "text": "10.00$"}], "linking": [[19, 86]], "id": 86}, {"box": [622, 509, 640, 655], "text": "6", "label": "column_value", "words": [{"box": [622, 509, 640, 655], "text": "6"}], "linking": [[111, 87]], "id": 87}, {"box": [678, 509, 696, 711], "text": "8", "label": "column_value", "words": [{"box": [678, 509, 696, 711], "text": "8"}], "linking": [[26, 88]], "id": 88}, {"box": [735, 509, 754, 769], "text": "9", "label": "column_value", "words": [{"box": [735, 509, 754, 769], "text": "9"}], "linking": [[27, 89]], "id": 89}, {"box": [887, 509, 949, 964], "text": "230.00$", "label": "column_value", "words": [{"box": [887, 509, 949, 964], "text": "230.00$"}], "linking": [[28, 90]], "id": 90}, {"box": [231, 747, 410, 420], "text": "SHIPPING CALCULATOR", "label": "others", "words": [{"box": [231, 747, 410, 420], "text": "SHIPPING CALCULATOR"}], "linking": [], "id": 91}, {"box": [869, 746, 948, 963], "text": "1,964.00$", "label": "others", "words": [{"box": [869, 746, 948, 963], "text": "1,964.00$"}], "linking": [], "id": 92}, {"box": [676, 748, 771, 783], "text": "SUBTOTAL:", "label": "others", "words": [{"box": [676, 748, 771, 783], "text": "SUBTOTAL:"}], "linking": [], "id": 93}, {"box": [732, 774, 775, 791], "text": "TAX:", "label": "others", "words": [{"box": [732, 774, 775, 791], "text": "TAX:"}], "linking": [], "id": 94}, {"box": [882, 775, 948, 963], "text": "196.40$", "label": "others", "words": [{"box": [882, 775, 948, 963], "text": "196.40$"}], "linking": [], "id": 95}, {"box": [402, 795, 472, 484], "text": "..$0.05/pc", "label": "others", "words": [{"box": [402, 795, 472, 484], "text": "..$0.05/pc"}], "linking": [], "id": 96}, {"box": [685, 803, 773, 788], "text": "SHIPPING:", "label": "others", "words": [{"box": [685, 803, 773, 788], "text": "SHIPPING:"}], "linking": [], "id": 97}, {"box": [899, 803, 948, 963], "text": "9.20$", "label": "others", "words": [{"box": [899, 803, 948, 963], "text": "9.20$"}], "linking": [], "id": 98}, {"box": [61, 844, 179, 193], "text": "THANK YOU!", "label": "others", "words": [{"box": [61, 844, 179, 193], "text": "THANK YOU!"}], "linking": [], "id": 99}, {"box": [853, 844, 947, 962], "text": "2,169.60$", "label": "total_cost", "words": [{"box": [853, 844, 947, 962], "text": "2,169.60$"}], "linking": [[101, 100]], "id": 100}, {"box": [699, 846, 770, 782], "text": "TOTAL:", "label": "total_id", "words": [{"box": [699, 846, 770, 782], "text": "TOTAL:"}], "linking": [[101, 100]], "id": 101}, {"box": [52, 885, 284, 298], "text": "IMPORTANT ORDER NOTES", "label": "others", "words": [{"box": [52, 885, 284, 298], "text": "IMPORTANT ORDER NOTES"}], "linking": [], "id": 102}, {"box": [51, 920, 890, 905], "text": " Delivery can be received at the specified address only on Tuesdays and Thursdays. Please take this into account when arranging.", "label": "others", "words": [{"box": [51, 920, 890, 905], "text": " Delivery can be received at the specified address only on Tuesdays and Thursdays. Please take this into account when arranging."}], "linking": [], "id": 103}, {"box": [52, 944, 942, 956], "text": "Lorem ipsum dolor sit amet, consectetuer adipiscing elit. Maecenas porttitor congue massa. Fusce posuere, magna sed pulvinar ultricies,", "label": "others", "words": [{"box": [52, 944, 942, 956], "text": "Lorem ipsum dolor sit amet, consectetuer adipiscing elit. Maecenas porttitor congue massa. Fusce posuere, magna sed pulvinar ultricies,"}], "linking": [], "id": 104}, {"box": [52, 957, 717, 727], "text": " purus lectus malesuada libero, sit amet commodo magna eros quis urna. Nunc viverra imperdiet enim.", "label": "others", "words": [{"box": [52, 957, 717, 727], "text": " purus lectus malesuada libero, sit amet commodo magna eros quis urna. Nunc viverra imperdiet enim."}], "linking": [], "id": 105}, {"box": [774, 137, 879, 896], "text": "10238-102", "label": "po_no", "words": [{"box": [774, 137, 879, 896], "text": "10238-102"}], "linking": [[2, 106]], "id": 106}, {"box": [774, 158, 873, 889], "text": "02/05/2022", "label": "po_date", "words": [{"box": [774, 158, 873, 889], "text": "02/05/2022"}], "linking": [[3, 107]], "id": 107}, {"box": [137, 239, 222, 238], "text": "John Doe", "label": "sender_address", "words": [{"box": [137, 239, 222, 238], "text": "John Doe"}], "linking": [[11, 108]], "id": 108}, {"box": [134, 138, 263, 279], "text": "T-Shirt Dreams", "label": "vendor_address", "words": [{"box": [134, 138, 263, 279], "text": "T-Shirt Dreams"}], "linking": [[1, 109]], "id": 109}, {"box": [600, 237, 699, 717], "text": "Nancy Doe", "label": "others", "words": [{"box": [600, 237, 699, 717], "text": "Nancy Doe"}], "linking": [], "id": 110}, {"box": [615, 343, 645, 663], "text": "M", "label": "column_name", "words": [{"box": [615, 343, 645, 663], "text": "M"}], "linking": [[111, 44], [111, 36], [111, 51], [111, 57], [111, 68], [111, 78], [111, 87]], "id": 111}]}