{"form": [{"box": [57, 30, 292, 324], "text": "VEHICLE", "label": "others", "words": [{"box": [57, 30, 292, 324], "text": "VEHICLE"}], "linking": [], "id": 0}, {"box": [58, 77, 344, 365], "text": "PURCHASE ORDER", "label": "po_no_heading", "words": [{"box": [58, 77, 344, 365], "text": "PURCHASE ORDER"}], "linking": [[1, 2]], "id": 1}, {"box": [55, 106, 231, 249], "text": "# 200154/2022", "label": "po_no", "words": [{"box": [55, 106, 231, 249], "text": "# 200154/2022"}], "linking": [[1, 2]], "id": 2}, {"box": [60, 165, 135, 150], "text": " JOHN DOE", "label": "others", "words": [{"box": [60, 165, 135, 150], "text": " JOHN DOE"}], "linking": [], "id": 3}, {"box": [560, 163, 678, 692], "text": "COMPANY NAME", "label": "others", "words": [{"box": [560, 163, 678, 692], "text": "COMPANY NAME"}], "linking": [], "id": 4}, {"box": [59, 183, 180, 194], "text": "Purchaser Name", "label": "others", "words": [{"box": [59, 183, 180, 194], "text": "Purchaser Name"}], "linking": [], "id": 5}, {"box": [561, 184, 635, 646], "text": "Car Dealer", "label": "others", "words": [{"box": [561, 184, 635, 646], "text": "Car Dealer"}], "linking": [], "id": 6}, {"box": [61, 212, 365, 375], "text": "201 ARLINGTON ROAD, LANAGSBY, 25989 CA", "label": "sender_address", "words": [{"box": [61, 212, 365, 375], "text": "201 ARLINGTON ROAD, LANAGSBY, 25989 CA"}], "linking": [[9, 7]], "id": 7}, {"box": [561, 210, 827, 837], "text": "180 CAR DEALER BAY, RACCO, 18105 NY", "label": "vendor_address", "words": [{"box": [561, 210, 827, 837], "text": "180 CAR DEALER BAY, RACCO, 18105 NY"}], "linking": [[10, 8]], "id": 8}, {"box": [59, 229, 121, 136], "text": "Address", "label": "sender_address_title", "words": [{"box": [59, 229, 121, 136], "text": "Address"}], "linking": [[9, 7]], "id": 9}, {"box": [557, 229, 619, 634], "text": "Address", "label": "vendor_address_title", "words": [{"box": [557, 229, 619, 634], "text": "Address"}], "linking": [[10, 8]], "id": 10}, {"box": [59, 255, 191, 205], "text": "555 - 2500 - 25669", "label": "others", "words": [{"box": [59, 255, 191, 205], "text": "555 - 2500 - 25669"}], "linking": [], "id": 11}, {"box": [560, 255, 649, 660], "text": "JOHN SMITH", "label": "others", "words": [{"box": [560, 255, 649, 660], "text": "JOHN SMITH"}], "linking": [], "id": 12}, {"box": [60, 276, 106, 118], "text": "Phone", "label": "others", "words": [{"box": [60, 276, 106, 118], "text": "Phone"}], "linking": [], "id": 13}, {"box": [561, 275, 653, 665], "text": "Sales Person", "label": "others", "words": [{"box": [561, 275, 653, 665], "text": "Sales Person"}], "linking": [], "id": 14}, {"box": [360, 307, 640, 655], "text": "VEHICLE INFORMATION", "label": "others", "words": [{"box": [360, 307, 640, 655], "text": "VEHICLE INFORMATION"}], "linking": [], "id": 15}, {"box": [61, 346, 241, 255], "text": "Please enter my order for:.", "label": "others", "words": [{"box": [61, 346, 241, 255], "text": "Please enter my order for:."}], "linking": [], "id": 16}, {"box": [289, 345, 407, 422], "text": " New Vehicle", "label": "others", "words": [{"box": [289, 345, 407, 422], "text": " New Vehicle"}], "linking": [], "id": 17}, {"box": [516, 345, 637, 652], "text": " Used Vehicle", "label": "others", "words": [{"box": [516, 345, 637, 652], "text": " Used Vehicle"}], "linking": [], "id": 18}, {"box": [743, 345, 869, 884], "text": " Demo Vehicle", "label": "others", "words": [{"box": [743, 345, 869, 884], "text": " Demo Vehicle"}], "linking": [], "id": 19}, {"box": [287, 373, 329, 343], "text": "FORD", "label": "column_value", "words": [{"box": [287, 373, 329, 343], "text": "FORD"}], "linking": [[22, 20]], "id": 20}, {"box": [606, 375, 638, 652], "text": "Year", "label": "column_name", "words": [{"box": [606, 375, 638, 652], "text": "Year"}], "linking": [[21, 23]], "id": 21}, {"box": [59, 375, 99, 110], "text": " Make", "label": "column_name", "words": [{"box": [59, 375, 99, 110], "text": " Make"}], "linking": [[22, 20]], "id": 22}, {"box": [741, 375, 798, 809], "text": "02/2022", "label": "column_value", "words": [{"box": [741, 375, 798, 809], "text": "02/2022"}], "linking": [[21, 23]], "id": 23}, {"box": [286, 400, 371, 386], "text": "Focus 1.9TDI", "label": "column_value", "words": [{"box": [286, 400, 371, 386], "text": "Focus 1.9TDI"}], "linking": [[25, 24]], "id": 24}, {"box": [59, 402, 105, 116], "text": " Model", "label": "column_name", "words": [{"box": [59, 402, 105, 116], "text": " Model"}], "linking": [[25, 24]], "id": 25}, {"box": [606, 402, 654, 665], "text": "Colour", "label": "column_name", "words": [{"box": [606, 402, 654, 665], "text": "Colour"}], "linking": [[26, 27]], "id": 26}, {"box": [740, 402, 804, 819], "text": " Magenta", "label": "column_value", "words": [{"box": [740, 402, 804, 819], "text": " Magenta"}], "linking": [[26, 27]], "id": 27}, {"box": [58, 431, 117, 131], "text": " Mileage", "label": "column_name", "words": [{"box": [58, 431, 117, 131], "text": " Mileage"}], "linking": [[28, 30]], "id": 28}, {"box": [603, 429, 673, 688], "text": "Fuel Type", "label": "column_name", "words": [{"box": [603, 429, 673, 688], "text": "Fuel Type"}], "linking": [[29, 31]], "id": 29}, {"box": [287, 429, 341, 352], "text": "100,250", "label": "column_value", "words": [{"box": [287, 429, 341, 352], "text": "100,250"}], "linking": [[28, 30]], "id": 30}, {"box": [740, 428, 788, 803], "text": " Petrol", "label": "column_value", "words": [{"box": [740, 428, 788, 803], "text": " Petrol"}], "linking": [[29, 31]], "id": 31}, {"box": [284, 456, 504, 518], "text": "VVXCDS-111TZFCVT-AACFDC256", "label": "column_value", "words": [{"box": [284, 456, 504, 518], "text": "VVXCDS-111TZFCVT-AACFDC256"}], "linking": [[33, 32]], "id": 32}, {"box": [59, 456, 189, 203], "text": "Vehicle ID Number", "label": "column_name", "words": [{"box": [59, 456, 189, 203], "text": "Vehicle ID Number"}], "linking": [[33, 32]], "id": 33}, {"box": [606, 457, 698, 710], "text": "Delivery Date", "label": "column_name", "words": [{"box": [606, 457, 698, 710], "text": "Delivery Date"}], "linking": [[34, 35]], "id": 34}, {"box": [743, 457, 817, 829], "text": "03-Mar-22", "label": "column_value", "words": [{"box": [743, 457, 817, 829], "text": "03-Mar-22"}], "linking": [[34, 35]], "id": 35}, {"box": [408, 499, 594, 609], "text": "VEHICLE PRICE", "label": "others", "words": [{"box": [408, 499, 594, 609], "text": "VEHICLE PRICE"}], "linking": [], "id": 36}, {"box": [49, 534, 266, 276], "text": "VEHICLE AND ACCESSORIES", "label": "others", "words": [{"box": [49, 534, 266, 276], "text": "VEHICLE AND ACCESSORIES"}], "linking": [], "id": 37}, {"box": [884, 533, 953, 964], "text": "AMOUNT", "label": "others", "words": [{"box": [884, 533, 953, 964], "text": "AMOUNT"}], "linking": [], "id": 38}, {"box": [873, 559, 950, 965], "text": "26,580.00$", "label": "others", "words": [{"box": [873, 559, 950, 965], "text": "26,580.00$"}], "linking": [], "id": 39}, {"box": [51, 562, 289, 300], "text": "FORD Focus 1.9TDI, 100 HP, 5 Doors", "label": "others", "words": [{"box": [51, 562, 289, 300], "text": "FORD Focus 1.9TDI, 100 HP, 5 Doors"}], "linking": [], "id": 40}, {"box": [51, 576, 161, 172], "text": "Security System", "label": "others", "words": [{"box": [51, 576, 161, 172], "text": "Security System"}], "linking": [], "id": 41}, {"box": [894, 576, 952, 963], "text": "280.00$", "label": "others", "words": [{"box": [894, 576, 952, 963], "text": "280.00$"}], "linking": [], "id": 42}, {"box": [894, 588, 952, 967], "text": "250.00$", "label": "others", "words": [{"box": [894, 588, 952, 967], "text": "250.00$"}], "linking": [], "id": 43}, {"box": [51, 590, 121, 132], "text": "Car Cover", "label": "others", "words": [{"box": [51, 590, 121, 132], "text": "Car Cover"}], "linking": [], "id": 44}, {"box": [48, 602, 166, 180], "text": "Parking Sensors", "label": "others", "words": [{"box": [48, 602, 166, 180], "text": "Parking Sensors"}], "linking": [], "id": 45}, {"box": [896, 603, 951, 962], "text": "850.00$", "label": "others", "words": [{"box": [896, 603, 951, 962], "text": "850.00$"}], "linking": [], "id": 46}, {"box": [49, 616, 198, 212], "text": "Multi Pin Car Charger", "label": "others", "words": [{"box": [49, 616, 198, 212], "text": "Multi Pin Car Charger"}], "linking": [], "id": 47}, {"box": [894, 615, 952, 967], "text": "250.00$", "label": "others", "words": [{"box": [894, 615, 952, 967], "text": "250.00$"}], "linking": [], "id": 48}, {"box": [49, 630, 175, 189], "text": "Blind Spot Mirrors", "label": "others", "words": [{"box": [49, 630, 175, 189], "text": "Blind Spot Mirrors"}], "linking": [], "id": 49}, {"box": [896, 630, 953, 964], "text": "400.00$", "label": "others", "words": [{"box": [896, 630, 953, 964], "text": "400.00$"}], "linking": [], "id": 50}, {"box": [662, 651, 711, 726], "text": "TOTAL:", "label": "others", "words": [{"box": [662, 651, 711, 726], "text": "TOTAL:"}], "linking": [], "id": 51}, {"box": [879, 652, 952, 963], "text": "28,610.00$", "label": "others", "words": [{"box": [879, 652, 952, 963], "text": "28,610.00$"}], "linking": [], "id": 52}, {"box": [681, 666, 712, 726], "text": "TAX:", "label": "others", "words": [{"box": [681, 666, 712, 726], "text": "TAX:"}], "linking": [], "id": 53}, {"box": [886, 665, 954, 969], "text": "2,861.00$", "label": "others", "words": [{"box": [886, 665, 954, 969], "text": "2,861.00$"}], "linking": [], "id": 54}, {"box": [895, 678, 951, 966], "text": "450.00$", "label": "others", "words": [{"box": [895, 678, 951, 966], "text": "450.00$"}], "linking": [], "id": 55}, {"box": [620, 679, 709, 720], "text": "DEALER FEE:", "label": "others", "words": [{"box": [620, 679, 709, 720], "text": "DEALER FEE:"}], "linking": [], "id": 56}, {"box": [576, 692, 711, 725], "text": "TOTAL SALE PRICE:", "label": "total_id", "words": [{"box": [576, 692, 711, 725], "text": "TOTAL SALE PRICE:"}], "linking": [[57, 58]], "id": 57}, {"box": [882, 693, 950, 961], "text": "31,921.00$", "label": "total_cost", "words": [{"box": [882, 693, 950, 961], "text": "31,921.00$"}], "linking": [[57, 58]], "id": 58}, {"box": [546, 714, 713, 727], "text": "TOTAL DOWN PAYMENT:", "label": "others", "words": [{"box": [546, 714, 713, 727], "text": "TOTAL DOWN PAYMENT:"}], "linking": [], "id": 59}, {"box": [882, 714, 952, 967], "text": "4,000.00$", "label": "others", "words": [{"box": [882, 714, 952, 967], "text": "4,000.00$"}], "linking": [], "id": 60}, {"box": [856, 731, 952, 968], "text": "27,921.00$", "label": "others", "words": [{"box": [856, 731, 952, 968], "text": "27,921.00$"}], "linking": [], "id": 61}, {"box": [573, 731, 711, 726], "text": "BALANCE DUE:", "label": "others", "words": [{"box": [573, 731, 711, 726], "text": "BALANCE DUE:"}], "linking": [], "id": 62}, {"box": [97, 797, 271, 285], "text": "PURCHASER SIGNATURE", "label": "others", "words": [{"box": [97, 797, 271, 285], "text": "PURCHASER SIGNATURE"}], "linking": [], "id": 63}, {"box": [796, 797, 841, 856], "text": "DATE", "label": "date_heading", "words": [{"box": [796, 797, 841, 856], "text": "DATE"}], "linking": [[64, 76]], "id": 64}, {"box": [382, 799, 619, 630], "text": "AUTHORIZED PERSON SIGNATURE", "label": "others", "words": [{"box": [382, 799, 619, 630], "text": "AUTHORIZED PERSON SIGNATURE"}], "linking": [], "id": 65}, {"box": [633, 845, 948, 963], "text": "MANUFACTURER NAME", "label": "others", "words": [{"box": [633, 845, 948, 963], "text": "MANUFACTURER NAME"}], "linking": [], "id": 66}, {"box": [52, 848, 225, 235], "text": "DOWN PAYMENT METHOD", "label": "others", "words": [{"box": [52, 848, 225, 235], "text": "DOWN PAYMENT METHOD"}], "linking": [], "id": 67}, {"box": [52, 867, 503, 513], "text": "A vehicle down payment receipt is a written record of the initial payment from a buyer to", "label": "others", "words": [{"box": [52, 867, 503, 513], "text": "A vehicle down payment receipt is a written record of the initial payment from a buyer to"}], "linking": [], "id": 68}, {"box": [801, 870, 953, 967], "text": "78 Expensive Avenue", "label": "others", "words": [{"box": [801, 870, 953, 967], "text": "78 Expensive Avenue"}], "linking": [], "id": 69}, {"box": [796, 894, 954, 968], "text": "Philadelphia, 20100 PH", "label": "others", "words": [{"box": [796, 894, 954, 968], "text": "Philadelphia, 20100 PH"}], "linking": [], "id": 70}, {"box": [805, 920, 952, 962], "text": "(555) 400-8888-2200", "label": "others", "words": [{"box": [805, 920, 952, 962], "text": "(555) 400-8888-2200"}], "linking": [], "id": 71}, {"box": [51, 943, 180, 190], "text": "IMPORTANT NOTES", "label": "others", "words": [{"box": [51, 943, 180, 190], "text": "IMPORTANT NOTES"}], "linking": [], "id": 72}, {"box": [780, 943, 952, 966], "text": "info@carbrandname.com", "label": "others", "words": [{"box": [780, 943, 952, 966], "text": "info@carbrandname.com"}], "linking": [], "id": 73}, {"box": [48, 962, 517, 528], "text": "Where the dealer arranges financing, the dealer may receive a portion of the finance charge.", "label": "others", "words": [{"box": [48, 962, 517, 528], "text": "Where the dealer arranges financing, the dealer may receive a portion of the finance charge."}], "linking": [], "id": 74}, {"box": [51, 971, 209, 219], "text": "from the vehicle manufacturer.", "label": "others", "words": [{"box": [51, 971, 209, 219], "text": "from the vehicle manufacturer."}], "linking": [], "id": 75}, {"box": [731, 772, 921, 941], "text": "31-10-2023", "label": "po_date", "words": [{"box": [731, 772, 921, 941], "text": "31-10-2023"}], "linking": [[64, 76]], "id": 76}]}