{"form": [{"box": [630, 42, 843, 858], "text": "PURCHASE ORDER # 15879/22", "label": "po_no_heading", "words": [{"box": [630, 42, 843, 858], "text": "PURCHASE ORDER # 15879/22"}], "linking": [[0, 73]], "id": 0}, {"box": [649, 82, 726, 738], "text": "Order Date", "label": "date_heading", "words": [{"box": [649, 82, 726, 738], "text": "Order Date"}], "linking": [[1, 2]], "id": 1}, {"box": [857, 82, 946, 958], "text": "Apr 22, 2022", "label": "po_date", "words": [{"box": [857, 82, 946, 958], "text": "Apr 22, 2022"}], "linking": [[1, 2]], "id": 2}, {"box": [69, 95, 378, 400], "text": "WHOLESALE GIANTS", "label": "others", "words": [{"box": [69, 95, 378, 400], "text": "WHOLESALE GIANTS"}], "linking": [], "id": 3}, {"box": [647, 99, 756, 768], "text": "Payment Terms", "label": "others", "words": [{"box": [647, 99, 756, 768], "text": "Payment Terms"}], "linking": [], "id": 4}, {"box": [888, 98, 948, 963], "text": " NET 30", "label": "others", "words": [{"box": [888, 98, 948, 963], "text": " NET 30"}], "linking": [], "id": 5}, {"box": [646, 116, 765, 779], "text": "Shipping Method", "label": "others", "words": [{"box": [646, 116, 765, 779], "text": "Shipping Method"}], "linking": [], "id": 6}, {"box": [912, 117, 948, 960], "text": "FOB", "label": "others", "words": [{"box": [912, 117, 948, 960], "text": "FOB"}], "linking": [], "id": 7}, {"box": [107, 129, 336, 351], "text": "Clearly pifFerenc", "label": "others", "words": [{"box": [107, 129, 336, 351], "text": "Clearly pifFerenc"}], "linking": [], "id": 8}, {"box": [646, 133, 749, 764], "text": "Promised Date", "label": "others", "words": [{"box": [646, 133, 749, 764], "text": "Promised Date"}], "linking": [], "id": 9}, {"box": [854, 131, 947, 962], "text": "Apr 25, 2022", "label": "others", "words": [{"box": [854, 131, 947, 962], "text": "Apr 25, 2022"}], "linking": [], "id": 10}, {"box": [62, 160, 135, 150], "text": "BILL TO:", "label": "sender_address_title", "words": [{"box": [62, 160, 135, 150], "text": "BILL TO:"}], "linking": [[11, 12], [11, 13], [11, 14], [11, 15], [11, 16]], "id": 11}, {"box": [64, 180, 258, 273], "text": "WHOLESALE GIANTS", "label": "sender_address", "words": [{"box": [64, 180, 258, 273], "text": "WHOLESALE GIANTS"}], "linking": [[11, 12]], "id": 12}, {"box": [61, 213, 186, 200], "text": " 56 Giants Avenue", "label": "sender_address", "words": [{"box": [61, 213, 186, 200], "text": " 56 Giants Avenue"}], "linking": [[11, 13]], "id": 13}, {"box": [62, 229, 229, 243], "text": "Shopingtown, NY 24556.", "label": "sender_address", "words": [{"box": [62, 229, 229, 243], "text": "Shopingtown, NY 24556."}], "linking": [[11, 14]], "id": 14}, {"box": [66, 264, 392, 402], "text": "Phone: (555) 1235 66789 Fax: (555) 1254 66587", "label": "sender_address", "words": [{"box": [66, 264, 392, 402], "text": "Phone: (555) 1235 66789 Fax: (555) 1254 66587"}], "linking": [[11, 15]], "id": 15}, {"box": [62, 279, 284, 298], "text": "giantswholesale123@gmail.com", "label": "sender_address", "words": [{"box": [62, 279, 284, 298], "text": "giantswholesale123@gmail.com"}], "linking": [[11, 16]], "id": 16}, {"box": [165, 312, 222, 237], "text": "[Name]", "label": "vendor_address", "words": [{"box": [165, 312, 222, 237], "text": "[Name]"}], "linking": [[19, 17]], "id": 17}, {"box": [555, 311, 634, 649], "text": "SHIP TO:", "label": "others", "words": [{"box": [555, 311, 634, 649], "text": "SHIP TO:"}], "linking": [], "id": 18}, {"box": [61, 314, 140, 151], "text": "VENDOR:", "label": "vendor_address_title", "words": [{"box": [61, 314, 140, 151], "text": "VENDOR:"}], "linking": [[19, 17], [19, 21], [19, 23], [19, 25], [19, 27]], "id": 19}, {"box": [658, 312, 713, 728], "text": "[Name]", "label": "others", "words": [{"box": [658, 312, 713, 728], "text": "[Name]"}], "linking": [], "id": 20}, {"box": [168, 330, 321, 336], "text": "[Company Name]", "label": "vendor_address", "words": [{"box": [168, 330, 321, 336], "text": "[Company Name]"}], "linking": [[19, 21]], "id": 21}, {"box": [659, 330, 812, 827], "text": "[Company Name]", "label": "others", "words": [{"box": [659, 330, 812, 827], "text": "[Company Name]"}], "linking": [], "id": 22}, {"box": [168, 357, 280, 295], "text": "[Street Address]", "label": "vendor_address", "words": [{"box": [168, 357, 280, 295], "text": "[Street Address]"}], "linking": [[19, 23]], "id": 23}, {"box": [659, 357, 771, 786], "text": "[Street Address]", "label": "others", "words": [{"box": [659, 357, 771, 786], "text": "[Street Address]"}], "linking": [], "id": 24}, {"box": [167, 374, 307, 322], "text": "[City, ST ZIP Code]", "label": "vendor_address", "words": [{"box": [167, 374, 307, 322], "text": "[City, ST ZIP Code]"}], "linking": [[19, 25]], "id": 25}, {"box": [658, 375, 798, 813], "text": "[City, ST ZIP Code]", "label": "others", "words": [{"box": [658, 375, 798, 813], "text": "[City, ST ZIP Code]"}], "linking": [], "id": 26}, {"box": [166, 394, 225, 240], "text": "[Phone]", "label": "vendor_address", "words": [{"box": [166, 394, 225, 240], "text": "[Phone]"}], "linking": [[19, 27]], "id": 27}, {"box": [657, 393, 714, 730], "text": "[Phone]", "label": "others", "words": [{"box": [657, 393, 714, 730], "text": "[Phone]"}], "linking": [], "id": 28}, {"box": [176, 453, 240, 255], "text": "COLOUR", "label": "column_name", "words": [{"box": [176, 453, 240, 255], "text": "COLOUR"}], "linking": [[29, 37], [29, 45], [29, 54]], "id": 29}, {"box": [335, 454, 432, 444], "text": "DESCRIPTION", "label": "column_name", "words": [{"box": [335, 454, 432, 444], "text": "DESCRIPTION"}], "linking": [[30, 44], [30, 52], [30, 59]], "id": 30}, {"box": [528, 453, 565, 581], "text": "SIZE", "label": "column_name", "words": [{"box": [528, 453, 565, 581], "text": "SIZE"}], "linking": [[31, 39], [31, 48], [31, 55]], "id": 31}, {"box": [58, 455, 147, 158], "text": "STYLE / ITEM", "label": "column_name", "words": [{"box": [58, 455, 147, 158], "text": "STYLE / ITEM"}], "linking": [[32, 38], [32, 50], [32, 58]], "id": 32}, {"box": [601, 454, 634, 647], "text": "QTY", "label": "column_name", "words": [{"box": [601, 454, 634, 647], "text": "QTY"}], "linking": [[33, 40], [33, 49], [33, 56]], "id": 33}, {"box": [659, 455, 736, 747], "text": "UNIT PRICE", "label": "column_name", "words": [{"box": [659, 455, 736, 747], "text": "UNIT PRICE"}], "linking": [[34, 41], [34, 46], [34, 57]], "id": 34}, {"box": [760, 455, 833, 843], "text": "DISCOUNT", "label": "column_name", "words": [{"box": [760, 455, 833, 843], "text": "DISCOUNT"}], "linking": [[35, 42], [35, 51]], "id": 35}, {"box": [854, 455, 936, 947], "text": " LINE TOTAL", "label": "column_name", "words": [{"box": [854, 455, 936, 947], "text": " LINE TOTAL"}], "linking": [[36, 43], [36, 47], [36, 53]], "id": 36}, {"box": [180, 484, 230, 245], "text": " Orange", "label": "column_value", "words": [{"box": [180, 484, 230, 245], "text": " Orange"}], "linking": [[29, 37]], "id": 37}, {"box": [61, 483, 143, 154], "text": "55258-42562", "label": "column_value", "words": [{"box": [61, 483, 143, 154], "text": "55258-42562"}], "linking": [[32, 38]], "id": 38}, {"box": [525, 483, 567, 581], "text": "37-39", "label": "column_value", "words": [{"box": [525, 483, 567, 581], "text": "37-39"}], "linking": [[31, 39]], "id": 39}, {"box": [604, 482, 629, 644], "text": "50", "label": "column_value", "words": [{"box": [604, 482, 629, 644], "text": "50"}], "linking": [[33, 40]], "id": 40}, {"box": [677, 483, 719, 733], "text": "4.99$", "label": "column_value", "words": [{"box": [677, 483, 719, 733], "text": "4.99$"}], "linking": [[34, 41]], "id": 41}, {"box": [769, 482, 820, 835], "text": "20.00$", "label": "column_value", "words": [{"box": [769, 482, 820, 835], "text": "20.00$"}], "linking": [[35, 42]], "id": 42}, {"box": [878, 482, 933, 948], "text": "229.50$", "label": "column_value", "words": [{"box": [878, 482, 933, 948], "text": "229.50$"}], "linking": [[36, 43]], "id": 43}, {"box": [262, 484, 467, 477], "text": "Women's Snowman Cotton Socks", "label": "column_value", "words": [{"box": [262, 484, 467, 477], "text": "Women's Snowman Cotton Socks"}], "linking": [[30, 44]], "id": 44}, {"box": [189, 505, 223, 239], "text": "Grey", "label": "column_value", "words": [{"box": [189, 505, 223, 239], "text": "Grey"}], "linking": [[29, 45]], "id": 45}, {"box": [676, 504, 718, 734], "text": "7.89$", "label": "column_value", "words": [{"box": [676, 504, 718, 734], "text": "7.89$"}], "linking": [[34, 46]], "id": 46}, {"box": [885, 504, 931, 947], "text": "38.25$", "label": "column_value", "words": [{"box": [885, 504, 931, 947], "text": "38.25$"}], "linking": [[36, 47]], "id": 47}, {"box": [536, 504, 554, 569], "text": "L", "label": "column_value", "words": [{"box": [536, 504, 554, 569], "text": "L"}], "linking": [[31, 48]], "id": 48}, {"box": [607, 503, 625, 641], "text": "5", "label": "column_value", "words": [{"box": [607, 503, 625, 641], "text": "5"}], "linking": [[33, 49]], "id": 49}, {"box": [61, 505, 143, 154], "text": "55258-00562", "label": "column_value", "words": [{"box": [61, 505, 143, 154], "text": "55258-00562"}], "linking": [[32, 50]], "id": 50}, {"box": [775, 504, 814, 827], "text": "1.20$", "label": "column_value", "words": [{"box": [775, 504, 814, 827], "text": "1.20$"}], "linking": [[35, 51]], "id": 51}, {"box": [262, 506, 360, 370], "text": "Dope Soul Shirt", "label": "column_value", "words": [{"box": [262, 506, 360, 370], "text": "Dope Soul Shirt"}], "linking": [[30, 52]], "id": 52}, {"box": [891, 527, 933, 949], "text": "8.99$", "label": "column_value", "words": [{"box": [891, 527, 933, 949], "text": "8.99$"}], "linking": [[36, 53]], "id": 53}, {"box": [183, 525, 231, 246], "text": "Yellow", "label": "column_value", "words": [{"box": [183, 525, 231, 246], "text": "Yellow"}], "linking": [[29, 54]], "id": 54}, {"box": [533, 525, 557, 572], "text": "XL", "label": "column_value", "words": [{"box": [533, 525, 557, 572], "text": "XL"}], "linking": [[31, 55]], "id": 55}, {"box": [607, 525, 625, 640], "text": "1", "label": "column_value", "words": [{"box": [607, 525, 625, 640], "text": "1"}], "linking": [[33, 56]], "id": 56}, {"box": [676, 525, 719, 735], "text": "8.99$", "label": "column_value", "words": [{"box": [676, 525, 719, 735], "text": "8.99$"}], "linking": [[34, 57]], "id": 57}, {"box": [59, 527, 141, 152], "text": " 55887-52663", "label": "column_value", "words": [{"box": [59, 527, 141, 152], "text": " 55887-52663"}], "linking": [[32, 58]], "id": 58}, {"box": [260, 527, 360, 371], "text": "Lace Cross Tee", "label": "column_value", "words": [{"box": [260, 527, 360, 371], "text": "Lace Cross Tee"}], "linking": [[30, 59]], "id": 59}, {"box": [49, 826, 110, 121], "text": "NOTES", "label": "others", "words": [{"box": [49, 826, 110, 121], "text": "NOTES"}], "linking": [], "id": 60}, {"box": [588, 826, 677, 688], "text": "SUBTOTAL", "label": "others", "words": [{"box": [588, 826, 677, 688], "text": "SUBTOTAL"}], "linking": [], "id": 61}, {"box": [866, 825, 933, 948], "text": "276.74$", "label": "others", "words": [{"box": [866, 825, 933, 948], "text": "276.74$"}], "linking": [], "id": 62}, {"box": [51, 848, 502, 516], "text": "The amount of the Purchase Order is the agreed fixed price and shall", "label": "others", "words": [{"box": [51, 848, 502, 516], "text": "The amount of the Purchase Order is the agreed fixed price and shall"}], "linking": [], "id": 63}, {"box": [588, 852, 682, 694], "text": "SALES TAX", "label": "others", "words": [{"box": [588, 852, 682, 694], "text": "SALES TAX"}], "linking": [], "id": 64}, {"box": [893, 851, 933, 949], "text": "10%", "label": "others", "words": [{"box": [893, 851, 933, 949], "text": "10%"}], "linking": [], "id": 65}, {"box": [51, 862, 392, 402], "text": "not be exceeded without advanced written consent.", "label": "others", "words": [{"box": [51, 862, 392, 402], "text": "not be exceeded without advanced written consent."}], "linking": [], "id": 66}, {"box": [586, 877, 663, 678], "text": "FREIGHT", "label": "others", "words": [{"box": [586, 877, 663, 678], "text": "FREIGHT"}], "linking": [], "id": 67}, {"box": [886, 878, 935, 950], "text": "1.45$", "label": "others", "words": [{"box": [886, 878, 935, 950], "text": "1.45$"}], "linking": [], "id": 68}, {"box": [51, 883, 493, 507], "text": "Lorem ipsum dolor sit amet, consectetuer adipiscing elit. Maecenas", "label": "others", "words": [{"box": [51, 883, 493, 507], "text": "Lorem ipsum dolor sit amet, consectetuer adipiscing elit. Maecenas"}], "linking": [], "id": 69}, {"box": [52, 898, 207, 217], "text": "porttitor congue massa.", "label": "others", "words": [{"box": [52, 898, 207, 217], "text": "porttitor congue massa."}], "linking": [], "id": 70}, {"box": [616, 942, 744, 759], "text": "TOTAL COST", "label": "total_id", "words": [{"box": [616, 942, 744, 759], "text": "TOTAL COST"}], "linking": [[71, 72]], "id": 71}, {"box": [820, 943, 933, 948], "text": "USD 305.86", "label": "total_cost", "words": [{"box": [820, 943, 933, 948], "text": "USD 305.86"}], "linking": [[71, 72]], "id": 72}, {"box": [851, 40, 948, 966], "text": "15879/22", "label": "po_no", "words": [{"box": [851, 40, 948, 966], "text": "15879/22"}], "linking": [[0, 73]], "id": 73}]}