{"form": [{"box": [84, 60, 193, 212], "text": "Company", "label": "sender_address_title", "words": [{"box": [84, 60, 193, 212], "text": "Company"}], "linking": [[0, 2], [0, 4], [0, 6], [0, 8]], "id": 0}, {"box": [592, 60, 766, 781], "text": "Purchase Order", "label": "others", "words": [{"box": [592, 60, 766, 781], "text": "Purchase Order"}], "linking": [], "id": 1}, {"box": [83, 93, 196, 214], "text": "Backoffice", "label": "sender_address", "words": [{"box": [83, 93, 196, 214], "text": "Backoffice"}], "linking": [[0, 2]], "id": 2}, {"box": [591, 93, 662, 680], "text": "PO No:", "label": "po_no_heading", "words": [{"box": [591, 93, 662, 680], "text": "PO No:"}], "linking": [[3, 68]], "id": 3}, {"box": [85, 115, 252, 267], "text": "9 Peninsula Ave..", "label": "sender_address", "words": [{"box": [85, 115, 252, 267], "text": "9 Peninsula Ave.."}], "linking": [[0, 4]], "id": 4}, {"box": [587, 110, 710, 728], "text": "06.26.2021", "label": "po_date", "words": [{"box": [587, 110, 710, 728], "text": "06.26.2021"}], "linking": [[69, 5]], "id": 5}, {"box": [85, 133, 283, 298], "text": "Teaneck, NJ 07666", "label": "sender_address", "words": [{"box": [85, 133, 283, 298], "text": "Teaneck, NJ 07666"}], "linking": [[0, 6]], "id": 6}, {"box": [591, 133, 756, 771], "text": "PO Status Open", "label": "others", "words": [{"box": [591, 133, 756, 771], "text": "PO Status Open"}], "linking": [], "id": 7}, {"box": [81, 152, 134, 153], "text": "USA", "label": "sender_address", "words": [{"box": [81, 152, 134, 153], "text": "USA"}], "linking": [[0, 8]], "id": 8}, {"box": [81, 201, 181, 203], "text": "Supplier", "label": "vendor_address_title", "words": [{"box": [81, 201, 181, 203], "text": "Supplier"}], "linking": [[9, 11], [9, 13], [9, 15], [9, 18], [9, 19]], "id": 9}, {"box": [591, 202, 784, 802], "text": "Delivery Address", "label": "others", "words": [{"box": [591, 202, 784, 802], "text": "Delivery Address"}], "linking": [], "id": 10}, {"box": [85, 239, 173, 191], "text": "Amazon", "label": "vendor_address", "words": [{"box": [85, 239, 173, 191], "text": "Amazon"}], "linking": [[9, 11]], "id": 11}, {"box": [592, 239, 700, 715], "text": "Backoffice", "label": "others", "words": [{"box": [592, 239, 700, 715], "text": "Backoffice"}], "linking": [], "id": 12}, {"box": [86, 260, 346, 361], "text": "Amazon Internal Account", "label": "vendor_address", "words": [{"box": [86, 260, 346, 361], "text": "Amazon Internal Account"}], "linking": [[9, 13]], "id": 13}, {"box": [591, 260, 891, 906], "text": "9 Peninsula Ave. Teaneck, NJ", "label": "others", "words": [{"box": [591, 260, 891, 906], "text": "9 Peninsula Ave. Teaneck, NJ"}], "linking": [], "id": 14}, {"box": [86, 280, 416, 429], "text": "1200 12th Avenue S., Suite 1200", "label": "vendor_address", "words": [{"box": [86, 280, 416, 429], "text": "1200 12th Avenue S., Suite 1200"}], "linking": [[9, 15]], "id": 15}, {"box": [591, 279, 659, 675], "text": "07666", "label": "others", "words": [{"box": [591, 279, 659, 675], "text": "07666"}], "linking": [], "id": 16}, {"box": [588, 298, 639, 659], "text": "USA", "label": "others", "words": [{"box": [588, 298, 639, 659], "text": "USA"}], "linking": [], "id": 17}, {"box": [85, 300, 205, 220], "text": "Seattle, WA", "label": "vendor_address", "words": [{"box": [85, 300, 205, 220], "text": "Seattle, WA"}], "linking": [[9, 18]], "id": 18}, {"box": [85, 320, 189, 204], "text": "US 98144", "label": "vendor_address", "words": [{"box": [85, 320, 189, 204], "text": "US 98144"}], "linking": [[9, 19]], "id": 19}, {"box": [591, 338, 725, 743], "text": "Jane Cooper", "label": "others", "words": [{"box": [591, 338, 725, 743], "text": "Jane Cooper"}], "linking": [], "id": 20}, {"box": [592, 359, 770, 785], "text": "+1-415-871-7765", "label": "others", "words": [{"box": [592, 359, 770, 785], "text": "+1-415-871-7765"}], "linking": [], "id": 21}, {"box": [85, 421, 226, 244], "text": "Delivery date", "label": "others", "words": [{"box": [85, 421, 226, 244], "text": "Delivery date"}], "linking": [], "id": 22}, {"box": [287, 423, 449, 464], "text": "Payment Termst", "label": "others", "words": [{"box": [287, 423, 449, 464], "text": "Payment Termst"}], "linking": [], "id": 23}, {"box": [507, 422, 653, 671], "text": "Requested by", "label": "others", "words": [{"box": [507, 422, 653, 671], "text": "Requested by"}], "linking": [], "id": 24}, {"box": [716, 422, 847, 865], "text": "Department", "label": "others", "words": [{"box": [716, 422, 847, 865], "text": "Department"}], "linking": [], "id": 25}, {"box": [86, 459, 207, 222], "text": "06/30/2021", "label": "others", "words": [{"box": [86, 459, 207, 222], "text": "06/30/2021"}], "linking": [], "id": 26}, {"box": [283, 458, 359, 378], "text": "3 days", "label": "others", "words": [{"box": [283, 458, 359, 378], "text": "3 days"}], "linking": [], "id": 27}, {"box": [508, 459, 642, 661], "text": "Jane Cooper", "label": "others", "words": [{"box": [508, 459, 642, 661], "text": "Jane Cooper"}], "linking": [], "id": 28}, {"box": [715, 460, 837, 855], "text": "Accounting", "label": "others", "words": [{"box": [715, 460, 837, 855], "text": "Accounting"}], "linking": [], "id": 29}, {"box": [83, 544, 135, 154], "text": "Item", "label": "column_name", "words": [{"box": [83, 544, 135, 154], "text": "Item"}], "linking": [[30, 35], [30, 40], [30, 45], [30, 50], [30, 55]], "id": 30}, {"box": [192, 544, 317, 335], "text": "Description", "label": "column_name", "words": [{"box": [192, 544, 317, 335], "text": "Description"}], "linking": [[31, 36], [31, 41], [31, 46], [31, 51], [31, 56]], "id": 31}, {"box": [558, 542, 609, 629], "text": "QTY", "label": "column_name", "words": [{"box": [558, 542, 609, 629], "text": "QTY"}], "linking": [[32, 37], [32, 42], [32, 47], [32, 52], [32, 57]], "id": 32}, {"box": [666, 544, 775, 794], "text": "Item price", "label": "column_name", "words": [{"box": [666, 544, 775, 794], "text": "Item price"}], "linking": [[33, 38], [33, 43], [33, 48], [33, 53], [33, 58]], "id": 33}, {"box": [858, 543, 918, 937], "text": "Total", "label": "column_name", "words": [{"box": [858, 543, 918, 937], "text": "Total"}], "linking": [[34, 39], [34, 44], [34, 49], [34, 54], [34, 59]], "id": 34}, {"box": [85, 581, 140, 156], "text": "0091", "label": "column_value", "words": [{"box": [85, 581, 140, 156], "text": "0091"}], "linking": [[30, 35]], "id": 35}, {"box": [195, 582, 491, 506], "text": "Canon TS6420 Printer, Black", "label": "column_value", "words": [{"box": [195, 582, 491, 506], "text": "Canon TS6420 Printer, Black"}], "linking": [[31, 36]], "id": 36}, {"box": [586, 579, 612, 632], "text": "2", "label": "column_value", "words": [{"box": [586, 579, 612, 632], "text": "2"}], "linking": [[32, 37]], "id": 37}, {"box": [713, 581, 775, 791], "text": "99.99", "label": "column_value", "words": [{"box": [713, 581, 775, 791], "text": "99.99"}], "linking": [[33, 38]], "id": 38}, {"box": [841, 580, 917, 936], "text": "199.98", "label": "column_value", "words": [{"box": [841, 580, 917, 936], "text": "199.98"}], "linking": [[34, 39]], "id": 39}, {"box": [82, 622, 136, 155], "text": "1311", "label": "column_value", "words": [{"box": [82, 622, 136, 155], "text": "1311"}], "linking": [[30, 40]], "id": 40}, {"box": [193, 622, 492, 510], "text": "Printer Paper 8.5 x 11 Paper", "label": "column_value", "words": [{"box": [193, 622, 492, 510], "text": "Printer Paper 8.5 x 11 Paper"}], "linking": [[31, 41]], "id": 41}, {"box": [575, 622, 611, 631], "text": "30", "label": "column_value", "words": [{"box": [575, 622, 611, 631], "text": "30"}], "linking": [[32, 42]], "id": 42}, {"box": [714, 622, 778, 797], "text": "10.28", "label": "column_value", "words": [{"box": [714, 622, 778, 797], "text": "10.28"}], "linking": [[33, 43]], "id": 43}, {"box": [851, 623, 915, 930], "text": "308.4", "label": "column_value", "words": [{"box": [851, 623, 915, 930], "text": "308.4"}], "linking": [[34, 44]], "id": 44}, {"box": [83, 664, 142, 161], "text": "3299", "label": "column_value", "words": [{"box": [83, 664, 142, 161], "text": "3299"}], "linking": [[30, 45]], "id": 45}, {"box": [192, 664, 472, 490], "text": "Lenovo IdeaPad 3 15.6\" HD", "label": "column_value", "words": [{"box": [192, 664, 472, 490], "text": "Lenovo IdeaPad 3 15.6\" HD"}], "linking": [[31, 46]], "id": 46}, {"box": [586, 664, 612, 632], "text": "1", "label": "column_value", "words": [{"box": [586, 664, 612, 632], "text": "1"}], "linking": [[32, 47]], "id": 47}, {"box": [701, 664, 777, 796], "text": "578.75", "label": "column_value", "words": [{"box": [701, 664, 777, 796], "text": "578.75"}], "linking": [[33, 48]], "id": 48}, {"box": [842, 665, 915, 931], "text": "578.75", "label": "column_value", "words": [{"box": [842, 665, 915, 931], "text": "578.75"}], "linking": [[34, 49]], "id": 49}, {"box": [83, 705, 141, 160], "text": "4451", "label": "column_value", "words": [{"box": [83, 705, 141, 160], "text": "4451"}], "linking": [[30, 50]], "id": 50}, {"box": [193, 708, 464, 479], "text": "Bostitch Executive Stapler", "label": "column_value", "words": [{"box": [193, 708, 464, 479], "text": "Bostitch Executive Stapler"}], "linking": [[31, 51]], "id": 51}, {"box": [585, 705, 611, 631], "text": "3", "label": "column_value", "words": [{"box": [585, 705, 611, 631], "text": "3"}], "linking": [[32, 52]], "id": 52}, {"box": [713, 705, 777, 796], "text": "14.99", "label": "column_value", "words": [{"box": [713, 705, 777, 796], "text": "14.99"}], "linking": [[33, 53]], "id": 53}, {"box": [851, 705, 917, 936], "text": "44.97", "label": "column_value", "words": [{"box": [851, 705, 917, 936], "text": "44.97"}], "linking": [[34, 54]], "id": 54}, {"box": [82, 747, 139, 159], "text": "9812", "label": "column_value", "words": [{"box": [82, 747, 139, 159], "text": "9812"}], "linking": [[30, 55]], "id": 55}, {"box": [193, 750, 425, 440], "text": "Paper Pad 11 x 14 Inch", "label": "column_value", "words": [{"box": [193, 750, 425, 440], "text": "Paper Pad 11 x 14 Inch"}], "linking": [[31, 56]], "id": 56}, {"box": [577, 748, 608, 627], "text": "12", "label": "column_value", "words": [{"box": [577, 748, 608, 627], "text": "12"}], "linking": [[32, 57]], "id": 57}, {"box": [714, 747, 777, 796], "text": "10.00", "label": "column_value", "words": [{"box": [714, 747, 777, 796], "text": "10.00"}], "linking": [[33, 58]], "id": 58}, {"box": [841, 747, 917, 936], "text": "120.00", "label": "column_value", "words": [{"box": [841, 747, 917, 936], "text": "120.00"}], "linking": [[34, 59]], "id": 59}, {"box": [670, 815, 770, 788], "text": "Total Net", "label": "others", "words": [{"box": [670, 815, 770, 788], "text": "Total Net"}], "linking": [], "id": 60}, {"box": [816, 815, 919, 937], "text": "$1,252.10", "label": "others", "words": [{"box": [816, 815, 919, 937], "text": "$1,252.10"}], "linking": [], "id": 61}, {"box": [669, 842, 758, 776], "text": "Delivery", "label": "others", "words": [{"box": [669, 842, 758, 776], "text": "Delivery"}], "linking": [], "id": 62}, {"box": [814, 839, 893, 911], "text": "$45.00", "label": "others", "words": [{"box": [814, 839, 893, 911], "text": "$45.00"}], "linking": [], "id": 63}, {"box": [670, 866, 713, 729], "text": "Tax", "label": "others", "words": [{"box": [670, 866, 713, 729], "text": "Tax"}], "linking": [], "id": 64}, {"box": [816, 865, 902, 920], "text": "$110.45", "label": "others", "words": [{"box": [816, 865, 902, 920], "text": "$110.45"}], "linking": [], "id": 65}, {"box": [670, 890, 728, 747], "text": "Total", "label": "total_id", "words": [{"box": [670, 890, 728, 747], "text": "Total"}], "linking": [[66, 67]], "id": 66}, {"box": [816, 890, 924, 942], "text": "$1,407.55", "label": "total_cost", "words": [{"box": [816, 890, 924, 942], "text": "$1,407.55"}], "linking": [[66, 67]], "id": 67}, {"box": [667, 91, 701, 718], "text": "#6", "label": "po_no", "words": [{"box": [667, 91, 701, 718], "text": "#6"}], "linking": [[3, 68]], "id": 68}, {"box": [495, 110, 574, 593], "text": "Date:", "label": "date_heading", "words": [{"box": [495, 110, 574, 593], "text": "Date:"}], "linking": [[69, 5]], "id": 69}]}