{"form": [{"box": [126, 44, 544, 579], "text": "PurchaseControl", "label": "others", "words": [{"box": [126, 44, 544, 579], "text": "PurchaseControl"}], "linking": [], "id": 0}, {"box": [121, 123, 362, 383], "text": "PurchaseControlTM", "label": "others", "words": [{"box": [121, 123, 362, 383], "text": "PurchaseControlTM"}], "linking": [], "id": 1}, {"box": [592, 125, 803, 824], "text": "Purchase Order", "label": "others", "words": [{"box": [592, 125, 803, 824], "text": "Purchase Order"}], "linking": [], "id": 2}, {"box": [123, 155, 253, 268], "text": "Boston Office", "label": "others", "words": [{"box": [123, 155, 253, 268], "text": "Boston Office"}], "linking": [], "id": 3}, {"box": [592, 153, 666, 684], "text": "PONo:", "label": "po_no_heading", "words": [{"box": [592, 153, 666, 684], "text": "PONo:"}], "linking": [[4, 85]], "id": 4}, {"box": [121, 174, 459, 477], "text": "One Post Office Square, Suite 3600", "label": "others", "words": [{"box": [121, 174, 459, 477], "text": "One Post Office Square, Suite 3600"}], "linking": [], "id": 5}, {"box": [592, 173, 704, 722], "text": "04/26/2017", "label": "po_date", "words": [{"box": [592, 173, 704, 722], "text": "04/26/2017"}], "linking": [[86, 6]], "id": 6}, {"box": [121, 196, 294, 308], "text": "Boston MA,02109", "label": "others", "words": [{"box": [121, 196, 294, 308], "text": "Boston MA,02109"}], "linking": [], "id": 7}, {"box": [591, 193, 869, 888], "text": "PO Status Closed Completed", "label": "others", "words": [{"box": [591, 193, 869, 888], "text": "PO Status Closed Completed"}], "linking": [], "id": 8}, {"box": [119, 214, 163, 183], "text": "USA", "label": "others", "words": [{"box": [119, 214, 163, 183], "text": "USA"}], "linking": [], "id": 9}, {"box": [119, 255, 212, 230], "text": "SUPPLIER", "label": "vendor_address_title", "words": [{"box": [119, 255, 212, 230], "text": "SUPPLIER"}], "linking": [[10, 12], [10, 14], [10, 16], [10, 18]], "id": 10}, {"box": [594, 257, 775, 789], "text": "DELIVERY ADDRESS", "label": "sender_address_title", "words": [{"box": [594, 257, 775, 789], "text": "DELIVERY ADDRESS"}], "linking": [[11, 13], [11, 15], [11, 17], [11, 19]], "id": 11}, {"box": [121, 296, 237, 252], "text": "Taylor Dickens", "label": "vendor_address", "words": [{"box": [121, 296, 237, 252], "text": "Taylor Dickens"}], "linking": [[10, 12]], "id": 12}, {"box": [592, 296, 700, 715], "text": "Boston Office", "label": "sender_address", "words": [{"box": [592, 296, 700, 715], "text": "Boston Office"}], "linking": [[11, 13]], "id": 13}, {"box": [120, 314, 240, 255], "text": "70 Bowman St.", "label": "vendor_address", "words": [{"box": [120, 314, 240, 255], "text": "70 Bowman St."}], "linking": [[10, 14]], "id": 14}, {"box": [592, 314, 869, 884], "text": "One Post Office Square,Suite 3600", "label": "sender_address", "words": [{"box": [592, 314, 869, 884], "text": "One Post Office Square,Suite 3600"}], "linking": [[11, 15]], "id": 15}, {"box": [120, 333, 321, 336], "text": "South Windsor,CT O6074", "label": "vendor_address", "words": [{"box": [120, 333, 321, 336], "text": "South Windsor,CT O6074"}], "linking": [[10, 16]], "id": 16}, {"box": [592, 333, 734, 749], "text": "Boston MA,02109", "label": "sender_address", "words": [{"box": [592, 333, 734, 749], "text": "Boston MA,02109"}], "linking": [[11, 17]], "id": 17}, {"box": [119, 353, 158, 174], "text": "USA", "label": "vendor_address", "words": [{"box": [119, 353, 158, 174], "text": "USA"}], "linking": [[10, 18]], "id": 18}, {"box": [591, 353, 628, 645], "text": "USA", "label": "sender_address", "words": [{"box": [591, 353, 628, 645], "text": "USA"}], "linking": [[11, 19]], "id": 19}, {"box": [121, 390, 242, 258], "text": "Terms:30 Days", "label": "others", "words": [{"box": [121, 390, 242, 258], "text": "Terms:30 Days"}], "linking": [], "id": 20}, {"box": [592, 390, 798, 813], "text": "Phone No.:800-504-3364", "label": "others", "words": [{"box": [592, 390, 798, 813], "text": "Phone No.:800-504-3364"}], "linking": [], "id": 21}, {"box": [120, 409, 318, 333], "text": "Phone No.:800-123-4567", "label": "others", "words": [{"box": [120, 409, 318, 333], "text": "Phone No.:800-123-4567"}], "linking": [], "id": 22}, {"box": [592, 409, 691, 706], "text": "Attn:Patrick", "label": "others", "words": [{"box": [592, 409, 691, 706], "text": "Attn:Patrick"}], "linking": [], "id": 23}, {"box": [121, 430, 363, 377], "text": "Email: john@taylordickens.com", "label": "others", "words": [{"box": [121, 430, 363, 377], "text": "Email: john@taylordickens.com"}], "linking": [], "id": 24}, {"box": [69, 486, 213, 228], "text": "DELIVERY DATE", "label": "others", "words": [{"box": [69, 486, 213, 228], "text": "DELIVERY DATE"}], "linking": [], "id": 25}, {"box": [302, 486, 442, 457], "text": "REQUESTED BY", "label": "others", "words": [{"box": [302, 486, 442, 457], "text": "REQUESTED BY"}], "linking": [], "id": 26}, {"box": [532, 486, 662, 677], "text": "APPROVED BY", "label": "others", "words": [{"box": [532, 486, 662, 677], "text": "APPROVED BY"}], "linking": [], "id": 27}, {"box": [753, 486, 876, 891], "text": "DEPARTMENT", "label": "others", "words": [{"box": [753, 486, 876, 891], "text": "DEPARTMENT"}], "linking": [], "id": 28}, {"box": [67, 518, 160, 178], "text": "04/28/2017", "label": "others", "words": [{"box": [67, 518, 160, 178], "text": "04/28/2017"}], "linking": [], "id": 29}, {"box": [300, 520, 404, 419], "text": "Patrick Smith", "label": "others", "words": [{"box": [300, 520, 404, 419], "text": "Patrick Smith"}], "linking": [], "id": 30}, {"box": [530, 520, 634, 649], "text": "Patrick Smith", "label": "others", "words": [{"box": [530, 520, 634, 649], "text": "Patrick Smith"}], "linking": [], "id": 31}, {"box": [749, 520, 867, 882], "text": "IT Department", "label": "others", "words": [{"box": [749, 520, 867, 882], "text": "IT Department"}], "linking": [], "id": 32}, {"box": [68, 568, 132, 152], "text": "NOTES", "label": "others", "words": [{"box": [68, 568, 132, 152], "text": "NOTES"}], "linking": [], "id": 33}, {"box": [68, 604, 198, 213], "text": "Description ABC", "label": "others", "words": [{"box": [68, 604, 198, 213], "text": "Description ABC"}], "linking": [], "id": 34}, {"box": [70, 654, 172, 187], "text": "ITEM NAME", "label": "column_name", "words": [{"box": [70, 654, 172, 187], "text": "ITEM NAME"}], "linking": [[35, 41], [35, 47], [35, 53], [35, 59], [35, 65], [35, 71], [35, 77]], "id": 35}, {"box": [406, 652, 512, 530], "text": "ITEM CODE", "label": "column_name", "words": [{"box": [406, 652, 512, 530], "text": "ITEM CODE"}], "linking": [[36, 42], [36, 48], [36, 54], [36, 60], [36, 66], [36, 72], [36, 78]], "id": 36}, {"box": [583, 652, 626, 645], "text": "QTY.", "label": "column_name", "words": [{"box": [583, 652, 626, 645], "text": "QTY."}], "linking": [[37, 43], [37, 49], [37, 55], [37, 61], [37, 67], [37, 73], [37, 79]], "id": 37}, {"box": [653, 652, 758, 776], "text": "ITEM PRICE", "label": "column_name", "words": [{"box": [653, 652, 758, 776], "text": "ITEM PRICE"}], "linking": [[38, 44], [38, 50], [38, 56], [38, 62], [38, 68], [38, 74], [38, 80]], "id": 38}, {"box": [794, 653, 843, 859], "text": "DISC.", "label": "column_name", "words": [{"box": [794, 653, 843, 859], "text": "DISC."}], "linking": [[39, 45], [39, 51], [39, 57], [39, 63], [39, 69], [39, 75], [39, 81]], "id": 39}, {"box": [876, 652, 938, 957], "text": "TOTAL", "label": "column_name", "words": [{"box": [876, 652, 938, 957], "text": "TOTAL"}], "linking": [[40, 46], [40, 52], [40, 58], [40, 64], [40, 70], [40, 76], [40, 82]], "id": 40}, {"box": [68, 688, 292, 307], "text": "Nescafe Gold Blend Coffee 7oz", "label": "column_value", "words": [{"box": [68, 688, 292, 307], "text": "Nescafe Gold Blend Coffee 7oz"}], "linking": [[35, 41]], "id": 41}, {"box": [409, 688, 500, 515], "text": "QD2-00350", "label": "column_value", "words": [{"box": [409, 688, 500, 515], "text": "QD2-00350"}], "linking": [[36, 42]], "id": 42}, {"box": [590, 688, 627, 644], "text": "1.00", "label": "column_value", "words": [{"box": [590, 688, 627, 644], "text": "1.00"}], "linking": [[37, 43]], "id": 43}, {"box": [714, 688, 759, 775], "text": "34.99", "label": "column_value", "words": [{"box": [714, 688, 759, 775], "text": "34.99"}], "linking": [[38, 44]], "id": 44}, {"box": [805, 688, 845, 863], "text": "0.00", "label": "column_value", "words": [{"box": [805, 688, 845, 863], "text": "0.00"}], "linking": [[39, 45]], "id": 45}, {"box": [891, 687, 940, 959], "text": "34.99", "label": "column_value", "words": [{"box": [891, 687, 940, 959], "text": "34.99"}], "linking": [[40, 46]], "id": 46}, {"box": [69, 724, 326, 340], "text": "Tettley Tea Round Tea Bags 440/Pk", "label": "column_value", "words": [{"box": [69, 724, 326, 340], "text": "Tettley Tea Round Tea Bags 440/Pk"}], "linking": [[35, 47]], "id": 47}, {"box": [409, 723, 510, 525], "text": "QD2-TET440", "label": "column_value", "words": [{"box": [409, 723, 510, 525], "text": "QD2-TET440"}], "linking": [[36, 48]], "id": 48}, {"box": [590, 723, 628, 645], "text": "1.00", "label": "column_value", "words": [{"box": [590, 723, 628, 645], "text": "1.00"}], "linking": [[37, 49]], "id": 49}, {"box": [713, 723, 760, 776], "text": "20.49", "label": "column_value", "words": [{"box": [713, 723, 760, 776], "text": "20.49"}], "linking": [[38, 50]], "id": 50}, {"box": [805, 723, 844, 860], "text": "0.00", "label": "column_value", "words": [{"box": [805, 723, 844, 860], "text": "0.00"}], "linking": [[39, 51]], "id": 51}, {"box": [891, 723, 939, 955], "text": "20.49", "label": "column_value", "words": [{"box": [891, 723, 939, 955], "text": "20.49"}], "linking": [[40, 52]], "id": 52}, {"box": [68, 759, 382, 396], "text": "Niceday Economy Lever Arch File A4 Black", "label": "column_value", "words": [{"box": [68, 759, 382, 396], "text": "Niceday Economy Lever Arch File A4 Black"}], "linking": [[35, 53]], "id": 53}, {"box": [409, 759, 508, 522], "text": "Q81-4857579", "label": "column_value", "words": [{"box": [409, 759, 508, 522], "text": "Q81-4857579"}], "linking": [[36, 54]], "id": 54}, {"box": [583, 756, 628, 648], "text": "15.00", "label": "column_value", "words": [{"box": [583, 756, 628, 648], "text": "15.00"}], "linking": [[37, 55]], "id": 55}, {"box": [726, 757, 760, 778], "text": "1.90", "label": "column_value", "words": [{"box": [726, 757, 760, 778], "text": "1.90"}], "linking": [[38, 56]], "id": 56}, {"box": [805, 757, 845, 864], "text": "0.00", "label": "column_value", "words": [{"box": [805, 757, 845, 864], "text": "0.00"}], "linking": [[39, 57]], "id": 57}, {"box": [891, 756, 940, 960], "text": "28.50", "label": "column_value", "words": [{"box": [891, 756, 940, 960], "text": "28.50"}], "linking": [[40, 58]], "id": 58}, {"box": [67, 793, 189, 205], "text": "3 Tier Letter Tray", "label": "column_value", "words": [{"box": [67, 793, 189, 205], "text": "3 Tier Letter Tray"}], "linking": [[35, 59]], "id": 59}, {"box": [409, 793, 511, 526], "text": "QD2-1523055", "label": "column_value", "words": [{"box": [409, 793, 511, 526], "text": "QD2-1523055"}], "linking": [[36, 60]], "id": 60}, {"box": [588, 792, 628, 646], "text": "3.00", "label": "column_value", "words": [{"box": [588, 792, 628, 646], "text": "3.00"}], "linking": [[37, 61]], "id": 61}, {"box": [714, 791, 761, 780], "text": "23.89", "label": "column_value", "words": [{"box": [714, 791, 761, 780], "text": "23.89"}], "linking": [[38, 62]], "id": 62}, {"box": [805, 792, 845, 863], "text": "0.00", "label": "column_value", "words": [{"box": [805, 792, 845, 863], "text": "0.00"}], "linking": [[39, 63]], "id": 63}, {"box": [897, 791, 940, 959], "text": "71.67", "label": "column_value", "words": [{"box": [897, 791, 940, 959], "text": "71.67"}], "linking": [[40, 64]], "id": 64}, {"box": [69, 828, 262, 277], "text": "Viking A4 Economy Copier", "label": "column_value", "words": [{"box": [69, 828, 262, 277], "text": "Viking A4 Economy Copier"}], "linking": [[35, 65]], "id": 65}, {"box": [408, 826, 487, 505], "text": "QD2-9537", "label": "column_value", "words": [{"box": [408, 826, 487, 505], "text": "QD2-9537"}], "linking": [[36, 66]], "id": 66}, {"box": [589, 827, 629, 647], "text": "5.00", "label": "column_value", "words": [{"box": [589, 827, 629, 647], "text": "5.00"}], "linking": [[37, 67]], "id": 67}, {"box": [724, 827, 759, 776], "text": "3.59", "label": "column_value", "words": [{"box": [724, 827, 759, 776], "text": "3.59"}], "linking": [[38, 68]], "id": 68}, {"box": [805, 827, 845, 863], "text": "0.00", "label": "column_value", "words": [{"box": [805, 827, 845, 863], "text": "0.00"}], "linking": [[39, 69]], "id": 69}, {"box": [898, 826, 940, 959], "text": "17.95", "label": "column_value", "words": [{"box": [898, 826, 940, 959], "text": "17.95"}], "linking": [[40, 70]], "id": 70}, {"box": [69, 862, 312, 327], "text": "Economy Manilla Envelopes-500", "label": "column_value", "words": [{"box": [69, 862, 312, 327], "text": "Economy Manilla Envelopes-500"}], "linking": [[35, 71]], "id": 71}, {"box": [409, 862, 511, 526], "text": "QD2-2071074", "label": "column_value", "words": [{"box": [409, 862, 511, 526], "text": "QD2-2071074"}], "linking": [[36, 72]], "id": 72}, {"box": [589, 861, 629, 647], "text": "2.00", "label": "column_value", "words": [{"box": [589, 861, 629, 647], "text": "2.00"}], "linking": [[37, 73]], "id": 73}, {"box": [716, 860, 761, 780], "text": "15.49", "label": "column_value", "words": [{"box": [716, 860, 761, 780], "text": "15.49"}], "linking": [[38, 74]], "id": 74}, {"box": [805, 861, 845, 863], "text": "0.00", "label": "column_value", "words": [{"box": [805, 861, 845, 863], "text": "0.00"}], "linking": [[39, 75]], "id": 75}, {"box": [891, 860, 940, 959], "text": "30.98", "label": "column_value", "words": [{"box": [891, 860, 940, 959], "text": "30.98"}], "linking": [[40, 76]], "id": 76}, {"box": [67, 896, 190, 209], "text": "3 Tier Letter Tray", "label": "column_value", "words": [{"box": [67, 896, 190, 209], "text": "3 Tier Letter Tray"}], "linking": [[35, 77]], "id": 77}, {"box": [409, 896, 511, 526], "text": "QD2-1523055", "label": "column_value", "words": [{"box": [409, 896, 511, 526], "text": "QD2-1523055"}], "linking": [[36, 78]], "id": 78}, {"box": [591, 896, 628, 645], "text": "1.00", "label": "column_value", "words": [{"box": [591, 896, 628, 645], "text": "1.00"}], "linking": [[37, 79]], "id": 79}, {"box": [715, 896, 759, 775], "text": "23.89", "label": "column_value", "words": [{"box": [715, 896, 759, 775], "text": "23.89"}], "linking": [[38, 80]], "id": 80}, {"box": [805, 897, 843, 860], "text": "0.00", "label": "column_value", "words": [{"box": [805, 897, 843, 860], "text": "0.00"}], "linking": [[39, 81]], "id": 81}, {"box": [895, 896, 938, 954], "text": "23.89", "label": "column_value", "words": [{"box": [895, 896, 938, 954], "text": "23.89"}], "linking": [[40, 82]], "id": 82}, {"box": [713, 943, 843, 862], "text": "ORDER TOTAL", "label": "total_id", "words": [{"box": [713, 943, 843, 862], "text": "ORDER TOTAL"}], "linking": [[83, 84]], "id": 83}, {"box": [867, 940, 939, 958], "text": "$228.47", "label": "total_cost", "words": [{"box": [867, 940, 939, 958], "text": "$228.47"}], "linking": [[83, 84]], "id": 84}, {"box": [669, 152, 764, 783], "text": "PO00495", "label": "po_no", "words": [{"box": [669, 152, 764, 783], "text": "PO00495"}], "linking": [[4, 85]], "id": 85}, {"box": [515, 175, 581, 598], "text": "Date:", "label": "date_heading", "words": [{"box": [515, 175, 581, 598], "text": "Date:"}], "linking": [[86, 6]], "id": 86}]}