{"form": [{"box": [125, 22, 298, 323], "text": "Illinois", "label": "others", "words": [{"box": [125, 22, 298, 323], "text": "Illinois"}], "linking": [], "id": 0}, {"box": [618, 18, 858, 875], "text": "PURCHASE ORDER", "label": "others", "words": [{"box": [618, 18, 858, 875], "text": "PURCHASE ORDER"}], "linking": [], "id": 1}, {"box": [125, 56, 312, 330], "text": "School District", "label": "others", "words": [{"box": [125, 56, 312, 330], "text": "School District"}], "linking": [], "id": 2}, {"box": [27, 87, 184, 198], "text": "Purchase Order No.", "label": "po_no_heading", "words": [{"box": [27, 87, 184, 198], "text": "Purchase Order No."}], "linking": [[3, 4]], "id": 3}, {"box": [366, 87, 406, 422], "text": "634", "label": "po_no", "words": [{"box": [366, 87, 406, 422], "text": "634"}], "linking": [[3, 4]], "id": 4}, {"box": [792, 85, 836, 853], "text": "Date", "label": "date_heading", "words": [{"box": [792, 85, 836, 853], "text": "Date"}], "linking": [[5, 6]], "id": 5}, {"box": [892, 87, 979, 994], "text": "5/2/2019", "label": "po_date", "words": [{"box": [892, 87, 979, 994], "text": "5/2/2019"}], "linking": [[5, 6]], "id": 6}, {"box": [25, 125, 140, 155], "text": "Vendor Name", "label": "others", "words": [{"box": [25, 125, 140, 155], "text": "Vendor Name"}], "linking": [], "id": 7}, {"box": [218, 125, 364, 377], "text": "Acme Supplies Inc", "label": "others", "words": [{"box": [218, 125, 364, 377], "text": "Acme Supplies Inc"}], "linking": [], "id": 8}, {"box": [227, 161, 294, 309], "text": "Vendor", "label": "vendor_address_title", "words": [{"box": [227, 161, 294, 309], "text": "Vendor"}], "linking": [[9, 12], [9, 16], [9, 20], [9, 24], [9, 28], [9, 32], [9, 36]], "id": 9}, {"box": [708, 161, 769, 784], "text": "Ship To", "label": "sender_address_title", "words": [{"box": [708, 161, 769, 784], "text": "Ship To"}], "linking": [[10, 14], [10, 18], [10, 22], [10, 26], [10, 30], [10, 34], [10, 38]], "id": 10}, {"box": [27, 180, 152, 167], "text": "Contact Person", "label": "others", "words": [{"box": [27, 180, 152, 167], "text": "Contact Person"}], "linking": [], "id": 11}, {"box": [218, 180, 354, 369], "text": "Richard M. Jones", "label": "vendor_address", "words": [{"box": [218, 180, 354, 369], "text": "Richard M. Jones"}], "linking": [[9, 12]], "id": 12}, {"box": [499, 180, 624, 639], "text": "Contact Person", "label": "others", "words": [{"box": [499, 180, 624, 639], "text": "Contact Person"}], "linking": [], "id": 13}, {"box": [702, 181, 799, 814], "text": "David Jones", "label": "sender_address", "words": [{"box": [702, 181, 799, 814], "text": "David Jones"}], "linking": [[10, 14]], "id": 14}, {"box": [27, 198, 151, 166], "text": "Street Address", "label": "others", "words": [{"box": [27, 198, 151, 166], "text": "Street Address"}], "linking": [], "id": 15}, {"box": [218, 198, 348, 362], "text": "596, Grant Road", "label": "vendor_address", "words": [{"box": [218, 198, 348, 362], "text": "596, Grant Road"}], "linking": [[9, 16]], "id": 16}, {"box": [498, 198, 623, 638], "text": "Street Address", "label": "others", "words": [{"box": [498, 198, 623, 638], "text": "Street Address"}], "linking": [], "id": 17}, {"box": [703, 198, 842, 856], "text": "500, East Main St.", "label": "sender_address", "words": [{"box": [703, 198, 842, 856], "text": "500, East Main St."}], "linking": [[10, 18]], "id": 18}, {"box": [27, 216, 64, 81], "text": "City", "label": "others", "words": [{"box": [27, 216, 64, 81], "text": "City"}], "linking": [], "id": 19}, {"box": [217, 217, 276, 292], "text": "Boston", "label": "vendor_address", "words": [{"box": [217, 217, 276, 292], "text": "Boston"}], "linking": [[9, 20]], "id": 20}, {"box": [501, 216, 535, 553], "text": "City", "label": "others", "words": [{"box": [501, 216, 535, 553], "text": "City"}], "linking": [], "id": 21}, {"box": [700, 215, 777, 795], "text": " Branford", "label": "sender_address", "words": [{"box": [700, 215, 777, 795], "text": " Branford"}], "linking": [[10, 22]], "id": 22}, {"box": [26, 235, 71, 88], "text": "State", "label": "others", "words": [{"box": [26, 235, 71, 88], "text": "State"}], "linking": [], "id": 23}, {"box": [216, 233, 250, 267], "text": "MA", "label": "vendor_address", "words": [{"box": [216, 233, 250, 267], "text": "MA"}], "linking": [[9, 24]], "id": 24}, {"box": [495, 233, 545, 564], "text": "State", "label": "others", "words": [{"box": [495, 233, 545, 564], "text": "State"}], "linking": [], "id": 25}, {"box": [702, 233, 730, 747], "text": "CT", "label": "sender_address", "words": [{"box": [702, 233, 730, 747], "text": "CT"}], "linking": [[10, 26]], "id": 26}, {"box": [26, 251, 101, 120], "text": "Zip Code", "label": "others", "words": [{"box": [26, 251, 101, 120], "text": "Zip Code"}], "linking": [], "id": 27}, {"box": [218, 252, 274, 290], "text": "46225", "label": "vendor_address", "words": [{"box": [218, 252, 274, 290], "text": "46225"}], "linking": [[9, 28]], "id": 28}, {"box": [497, 251, 574, 593], "text": "Zip Code", "label": "others", "words": [{"box": [497, 251, 574, 593], "text": "Zip Code"}], "linking": [], "id": 29}, {"box": [702, 252, 747, 763], "text": "6405", "label": "sender_address", "words": [{"box": [702, 252, 747, 763], "text": "6405"}], "linking": [[10, 30]], "id": 30}, {"box": [27, 271, 84, 100], "text": "Phone", "label": "others", "words": [{"box": [27, 271, 84, 100], "text": "Phone"}], "linking": [], "id": 31}, {"box": [218, 271, 337, 351], "text": "987-654-3214", "label": "vendor_address", "words": [{"box": [218, 271, 337, 351], "text": "987-654-3214"}], "linking": [[9, 32]], "id": 32}, {"box": [500, 269, 554, 571], "text": "Phone", "label": "others", "words": [{"box": [500, 269, 554, 571], "text": "Phone"}], "linking": [], "id": 33}, {"box": [703, 271, 819, 834], "text": "123-456-7890", "label": "sender_address", "words": [{"box": [703, 271, 819, 834], "text": "123-456-7890"}], "linking": [[10, 34]], "id": 34}, {"box": [26, 289, 76, 92], "text": "Email", "label": "others", "words": [{"box": [26, 289, 76, 92], "text": "Email"}], "linking": [], "id": 35}, {"box": [218, 289, 403, 418], "text": "support@acmesup.org", "label": "vendor_address", "words": [{"box": [218, 289, 403, 418], "text": "support@acmesup.org"}], "linking": [[9, 36]], "id": 36}, {"box": [500, 289, 547, 563], "text": "Email", "label": "others", "words": [{"box": [500, 289, 547, 563], "text": "Email"}], "linking": [], "id": 37}, {"box": [703, 289, 851, 865], "text": "info@chhosp.com", "label": "sender_address", "words": [{"box": [703, 289, 851, 865], "text": "info@chhosp.com"}], "linking": [[10, 38]], "id": 38}, {"box": [87, 326, 156, 171], "text": "Ship Via", "label": "others", "words": [{"box": [87, 326, 156, 171], "text": "Ship Via"}], "linking": [], "id": 39}, {"box": [237, 325, 382, 397], "text": " Shipping Method", "label": "others", "words": [{"box": [237, 325, 382, 397], "text": " Shipping Method"}], "linking": [], "id": 40}, {"box": [537, 327, 662, 675], "text": "Shipping Terms", "label": "others", "words": [{"box": [537, 327, 662, 675], "text": "Shipping Terms"}], "linking": [], "id": 41}, {"box": [831, 328, 940, 952], "text": "Delivery Date", "label": "others", "words": [{"box": [831, 328, 940, 952], "text": "Delivery Date"}], "linking": [], "id": 42}, {"box": [87, 345, 156, 171], "text": "Bestway", "label": "others", "words": [{"box": [87, 345, 156, 171], "text": "Bestway"}], "linking": [], "id": 43}, {"box": [292, 344, 329, 344], "text": "UPS", "label": "others", "words": [{"box": [292, 344, 329, 344], "text": "UPS"}], "linking": [], "id": 44}, {"box": [550, 345, 647, 662], "text": "Net 30 Days", "label": "others", "words": [{"box": [550, 345, 647, 662], "text": "Net 30 Days"}], "linking": [], "id": 45}, {"box": [856, 344, 915, 930], "text": "8/5/19", "label": "others", "words": [{"box": [856, 344, 915, 930], "text": "8/5/19"}], "linking": [], "id": 46}, {"box": [26, 381, 94, 109], "text": "Item ID.", "label": "column_name", "words": [{"box": [26, 381, 94, 109], "text": "Item ID."}], "linking": [[47, 53], [47, 59], [47, 65], [47, 71], [47, 77], [47, 83], [47, 89]], "id": 47}, {"box": [196, 381, 239, 254], "text": "Item", "label": "column_name", "words": [{"box": [196, 381, 239, 254], "text": "Item"}], "linking": [[48, 54], [48, 60], [48, 66], [48, 72], [48, 78], [48, 84], [48, 90]], "id": 48}, {"box": [403, 383, 495, 506], "text": "Description", "label": "column_name", "words": [{"box": [403, 383, 495, 506], "text": "Description"}], "linking": [[49, 55], [49, 67], [49, 61], [49, 73], [49, 79], [49, 85], [49, 91]], "id": 49}, {"box": [609, 383, 683, 698], "text": "Quantity", "label": "column_name", "words": [{"box": [609, 383, 683, 698], "text": "Quantity"}], "linking": [[50, 56], [50, 62], [50, 68], [50, 74], [50, 80], [50, 86], [50, 92]], "id": 50}, {"box": [723, 381, 768, 783], "text": "Price", "label": "column_name", "words": [{"box": [723, 381, 768, 783], "text": "Price"}], "linking": [[51, 57], [51, 63], [51, 69], [51, 75], [51, 81], [51, 87], [51, 93]], "id": 51}, {"box": [863, 381, 907, 922], "text": "Total", "label": "column_name", "words": [{"box": [863, 381, 907, 922], "text": "Total"}], "linking": [[52, 58], [52, 64], [52, 70], [52, 76], [52, 82], [52, 88], [52, 94]], "id": 52}, {"box": [24, 398, 92, 107], "text": "RDLPO1", "label": "column_value", "words": [{"box": [24, 398, 92, 107], "text": "RDLPO1"}], "linking": [[47, 53]], "id": 53}, {"box": [122, 399, 187, 203], "text": "Pencils", "label": "column_value", "words": [{"box": [122, 399, 187, 203], "text": "Pencils"}], "linking": [[48, 54]], "id": 54}, {"box": [314, 400, 490, 504], "text": "Extra Dark - Pack of 12", "label": "column_value", "words": [{"box": [314, 400, 490, 504], "text": "Extra Dark - Pack of 12"}], "linking": [[49, 55]], "id": 55}, {"box": [671, 398, 702, 720], "text": "20", "label": "column_value", "words": [{"box": [671, 398, 702, 720], "text": "20"}], "linking": [[50, 56]], "id": 56}, {"box": [747, 399, 792, 808], "text": "7.58", "label": "column_value", "words": [{"box": [747, 399, 792, 808], "text": "7.58"}], "linking": [[51, 57]], "id": 57}, {"box": [923, 399, 978, 994], "text": "151.6", "label": "column_value", "words": [{"box": [923, 399, 978, 994], "text": "151.6"}], "linking": [[52, 58]], "id": 58}, {"box": [27, 418, 92, 107], "text": "BP0316", "label": "column_value", "words": [{"box": [27, 418, 92, 107], "text": "BP0316"}], "linking": [[47, 59]], "id": 59}, {"box": [122, 418, 166, 181], "text": "Pens", "label": "column_value", "words": [{"box": [122, 418, 166, 181], "text": "Pens"}], "linking": [[48, 60]], "id": 60}, {"box": [314, 419, 451, 466], "text": "Pack of 12 colors", "label": "column_value", "words": [{"box": [314, 419, 451, 466], "text": "Pack of 12 colors"}], "linking": [[49, 61]], "id": 61}, {"box": [672, 417, 701, 718], "text": "20", "label": "column_value", "words": [{"box": [672, 417, 701, 718], "text": "20"}], "linking": [[50, 62]], "id": 62}, {"box": [747, 417, 791, 808], "text": "12.5", "label": "column_value", "words": [{"box": [747, 417, 791, 808], "text": "12.5"}], "linking": [[51, 63]], "id": 63}, {"box": [940, 417, 979, 996], "text": "250", "label": "column_value", "words": [{"box": [940, 417, 979, 996], "text": "250"}], "linking": [[52, 64]], "id": 64}, {"box": [27, 435, 92, 108], "text": "CPC450", "label": "column_value", "words": [{"box": [27, 435, 92, 108], "text": "CPC450"}], "linking": [[47, 65]], "id": 65}, {"box": [124, 437, 216, 231], "text": "Paper Clips", "label": "column_value", "words": [{"box": [124, 437, 216, 231], "text": "Paper Clips"}], "linking": [[48, 66]], "id": 66}, {"box": [314, 437, 452, 467], "text": "Pack 100 of each", "label": "column_value", "words": [{"box": [314, 437, 452, 467], "text": "Pack 100 of each"}], "linking": [[49, 67]], "id": 67}, {"box": [670, 433, 701, 719], "text": "10", "label": "column_value", "words": [{"box": [670, 433, 701, 719], "text": "10"}], "linking": [[50, 68]], "id": 68}, {"box": [740, 435, 792, 808], "text": "11.77", "label": "column_value", "words": [{"box": [740, 435, 792, 808], "text": "11.77"}], "linking": [[51, 69]], "id": 69}, {"box": [924, 435, 978, 994], "text": "117.7", "label": "column_value", "words": [{"box": [924, 435, 978, 994], "text": "117.7"}], "linking": [[52, 70]], "id": 70}, {"box": [26, 453, 106, 123], "text": "RC2000C", "label": "column_value", "words": [{"box": [26, 453, 106, 123], "text": "RC2000C"}], "linking": [[47, 71]], "id": 71}, {"box": [122, 455, 234, 249], "text": "Printer Paper", "label": "column_value", "words": [{"box": [122, 455, 234, 249], "text": "Printer Paper"}], "linking": [[48, 72]], "id": 72}, {"box": [313, 455, 520, 535], "text": "White 8.5 x 11, Letter size", "label": "column_value", "words": [{"box": [313, 455, 520, 535], "text": "White 8.5 x 11, Letter size"}], "linking": [[49, 73]], "id": 73}, {"box": [671, 453, 702, 719], "text": "40", "label": "column_value", "words": [{"box": [671, 453, 702, 719], "text": "40"}], "linking": [[50, 74]], "id": 74}, {"box": [739, 454, 792, 808], "text": "46.45", "label": "column_value", "words": [{"box": [739, 454, 792, 808], "text": "46.45"}], "linking": [[51, 75]], "id": 75}, {"box": [927, 453, 979, 998], "text": "1858", "label": "column_value", "words": [{"box": [927, 453, 979, 998], "text": "1858"}], "linking": [[52, 76]], "id": 76}, {"box": [26, 473, 74, 89], "text": "NCP7", "label": "column_value", "words": [{"box": [26, 473, 74, 89], "text": "NCP7"}], "linking": [[47, 77]], "id": 77}, {"box": [124, 473, 253, 268], "text": "Nescafe powder", "label": "column_value", "words": [{"box": [124, 473, 253, 268], "text": "Nescafe powder"}], "linking": [[48, 78]], "id": 78}, {"box": [314, 473, 462, 477], "text": "Powder 750g each", "label": "column_value", "words": [{"box": [314, 473, 462, 477], "text": "Powder 750g each"}], "linking": [[49, 79]], "id": 79}, {"box": [672, 472, 701, 718], "text": "60", "label": "column_value", "words": [{"box": [672, 472, 701, 718], "text": "60"}], "linking": [[50, 80]], "id": 80}, {"box": [739, 473, 792, 807], "text": "69.65", "label": "column_value", "words": [{"box": [739, 473, 792, 807], "text": "69.65"}], "linking": [[51, 81]], "id": 81}, {"box": [929, 473, 979, 995], "text": "4179", "label": "column_value", "words": [{"box": [929, 473, 979, 995], "text": "4179"}], "linking": [[52, 82]], "id": 82}, {"box": [25, 489, 104, 119], "text": "CCLDOO2", "label": "column_value", "words": [{"box": [25, 489, 104, 119], "text": "CCLDOO2"}], "linking": [[47, 83]], "id": 83}, {"box": [124, 491, 255, 270], "text": "Disposable cups", "label": "column_value", "words": [{"box": [124, 491, 255, 270], "text": "Disposable cups"}], "linking": [[48, 84]], "id": 84}, {"box": [314, 491, 480, 494], "text": "With Lids, Pack of 12", "label": "column_value", "words": [{"box": [314, 491, 480, 494], "text": "With Lids, Pack of 12"}], "linking": [[49, 85]], "id": 85}, {"box": [671, 491, 702, 719], "text": "50", "label": "column_value", "words": [{"box": [671, 491, 702, 719], "text": "50"}], "linking": [[50, 86]], "id": 86}, {"box": [739, 491, 792, 808], "text": "19.99", "label": "column_value", "words": [{"box": [739, 491, 792, 808], "text": "19.99"}], "linking": [[51, 87]], "id": 87}, {"box": [923, 491, 978, 994], "text": "999.5", "label": "column_value", "words": [{"box": [923, 491, 978, 994], "text": "999.5"}], "linking": [[52, 88]], "id": 88}, {"box": [26, 509, 94, 109], "text": "C2612A", "label": "column_value", "words": [{"box": [26, 509, 94, 109], "text": "C2612A"}], "linking": [[47, 89]], "id": 89}, {"box": [124, 509, 280, 295], "text": "Black 12A cartridge", "label": "column_value", "words": [{"box": [124, 509, 280, 295], "text": "Black 12A cartridge"}], "linking": [[48, 90]], "id": 90}, {"box": [313, 509, 486, 501], "text": "Printer Lazerjet Toner", "label": "column_value", "words": [{"box": [313, 509, 486, 501], "text": "Printer Lazerjet Toner"}], "linking": [[49, 91]], "id": 91}, {"box": [681, 509, 700, 716], "text": "1", "label": "column_value", "words": [{"box": [681, 509, 700, 716], "text": "1"}], "linking": [[50, 92]], "id": 92}, {"box": [753, 509, 793, 808], "text": "999", "label": "column_value", "words": [{"box": [753, 509, 793, 808], "text": "999"}], "linking": [[51, 93]], "id": 93}, {"box": [939, 509, 979, 996], "text": "999", "label": "column_value", "words": [{"box": [939, 509, 979, 996], "text": "999"}], "linking": [[52, 94]], "id": 94}, {"box": [960, 528, 978, 994], "text": "0", "label": "others", "words": [{"box": [960, 528, 978, 994], "text": "0"}], "linking": [], "id": 95}, {"box": [958, 546, 978, 993], "text": "0", "label": "others", "words": [{"box": [958, 546, 978, 993], "text": "0"}], "linking": [], "id": 96}, {"box": [958, 565, 978, 993], "text": "0", "label": "others", "words": [{"box": [958, 565, 978, 993], "text": "0"}], "linking": [], "id": 97}, {"box": [958, 582, 978, 994], "text": "0", "label": "others", "words": [{"box": [958, 582, 978, 994], "text": "0"}], "linking": [], "id": 98}, {"box": [960, 601, 978, 995], "text": "0", "label": "others", "words": [{"box": [960, 601, 978, 995], "text": "0"}], "linking": [], "id": 99}, {"box": [958, 620, 978, 995], "text": "0", "label": "others", "words": [{"box": [958, 620, 978, 995], "text": "0"}], "linking": [], "id": 100}, {"box": [958, 637, 978, 994], "text": "0", "label": "others", "words": [{"box": [958, 637, 978, 994], "text": "0"}], "linking": [], "id": 101}, {"box": [960, 656, 978, 994], "text": "0", "label": "others", "words": [{"box": [960, 656, 978, 994], "text": "0"}], "linking": [], "id": 102}, {"box": [960, 693, 978, 995], "text": "0", "label": "others", "words": [{"box": [960, 693, 978, 995], "text": "0"}], "linking": [], "id": 103}, {"box": [958, 711, 978, 994], "text": "0", "label": "others", "words": [{"box": [958, 711, 978, 994], "text": "0"}], "linking": [], "id": 104}, {"box": [958, 729, 978, 995], "text": "0", "label": "others", "words": [{"box": [958, 729, 978, 995], "text": "0"}], "linking": [], "id": 105}, {"box": [960, 748, 979, 994], "text": "0", "label": "others", "words": [{"box": [960, 748, 979, 994], "text": "0"}], "linking": [], "id": 106}, {"box": [216, 767, 400, 413], "text": "Notes and Instructions", "label": "others", "words": [{"box": [216, 767, 400, 413], "text": "Notes and Instructions"}], "linking": [], "id": 107}, {"box": [652, 767, 729, 744], "text": "Sub Total", "label": "others", "words": [{"box": [652, 767, 729, 744], "text": "Sub Total"}], "linking": [], "id": 108}, {"box": [885, 767, 974, 989], "text": "$8,554.80", "label": "others", "words": [{"box": [885, 767, 974, 989], "text": "$8,554.80"}], "linking": [], "id": 109}, {"box": [27, 786, 472, 486], "text": "1. Please mention purchase order number in the invoice..", "label": "others", "words": [{"box": [27, 786, 472, 486], "text": "1. Please mention purchase order number in the invoice.."}], "linking": [], "id": 110}, {"box": [653, 785, 729, 744], "text": "Discount", "label": "others", "words": [{"box": [653, 785, 729, 744], "text": "Discount"}], "linking": [], "id": 111}, {"box": [902, 783, 979, 997], "text": "$150.00", "label": "others", "words": [{"box": [902, 783, 979, 997], "text": "$150.00"}], "linking": [], "id": 112}, {"box": [26, 804, 569, 584], "text": "2. All deliveriesto be made to the shipping address mentioned above.", "label": "others", "words": [{"box": [26, 804, 569, 584], "text": "2. All deliveriesto be made to the shipping address mentioned above."}], "linking": [], "id": 113}, {"box": [647, 804, 736, 751], "text": "Sales Tax %", "label": "others", "words": [{"box": [647, 804, 736, 751], "text": "Sales Tax %"}], "linking": [], "id": 114}, {"box": [934, 803, 980, 997], "text": "5.00", "label": "others", "words": [{"box": [934, 803, 980, 997], "text": "5.00"}], "linking": [], "id": 115}, {"box": [29, 823, 555, 570], "text": "3. We reserve the right to reject goods that are not in good order or", "label": "others", "words": [{"box": [29, 823, 555, 570], "text": "3. We reserve the right to reject goods that are not in good order or"}], "linking": [], "id": 116}, {"box": [654, 823, 728, 744], "text": "Shipping", "label": "others", "words": [{"box": [654, 823, 728, 744], "text": "Shipping"}], "linking": [], "id": 117}, {"box": [923, 821, 978, 997], "text": "29.99", "label": "others", "words": [{"box": [923, 821, 978, 997], "text": "29.99"}], "linking": [], "id": 118}, {"box": [30, 841, 404, 419], "text": "condition as determined by our quality control..", "label": "others", "words": [{"box": [30, 841, 404, 419], "text": "condition as determined by our quality control.."}], "linking": [], "id": 119}, {"box": [29, 860, 465, 480], "text": "4. Goodsto be delivered within 15 days from date of PO.", "label": "others", "words": [{"box": [29, 860, 465, 480], "text": "4. Goodsto be delivered within 15 days from date of PO."}], "linking": [], "id": 120}, {"box": [668, 858, 715, 731], "text": "Total", "label": "total_id", "words": [{"box": [668, 858, 715, 731], "text": "Total"}], "linking": [[121, 122]], "id": 121}, {"box": [883, 857, 977, 995], "text": "$8,855.03", "label": "total_cost", "words": [{"box": [883, 857, 977, 995], "text": "$8,855.03"}], "linking": [[121, 122]], "id": 122}, {"box": [128, 951, 489, 503], "text": "Thank you for choosing usto do your business.", "label": "others", "words": [{"box": [128, 951, 489, 503], "text": "Thank you for choosing usto do your business."}], "linking": [], "id": 123}, {"box": [740, 970, 829, 844], "text": "Sign above", "label": "others", "words": [{"box": [740, 970, 829, 844], "text": "Sign above"}], "linking": [], "id": 124}]}