{"form": [{"box": [66, 63, 635, 674], "text": "Purchase Order", "label": "others", "words": [{"box": [66, 63, 635, 674], "text": "Purchase Order"}], "linking": [], "id": 0}, {"box": [849, 79, 915, 934], "text": "Logo", "label": "others", "words": [{"box": [849, 79, 915, 934], "text": "Logo"}], "linking": [], "id": 1}, {"box": [64, 216, 266, 281], "text": "Your Company Name", "label": "others", "words": [{"box": [64, 216, 266, 281], "text": "Your Company Name"}], "linking": [], "id": 2}, {"box": [62, 238, 370, 385], "text": "77 Hammersmith Road, West Kensington", "label": "others", "words": [{"box": [62, 238, 370, 385], "text": "77 Hammersmith Road, West Kensington"}], "linking": [], "id": 3}, {"box": [579, 235, 637, 652], "text": "PO no", "label": "po_no_heading", "words": [{"box": [579, 235, 637, 652], "text": "PO no"}], "linking": [[4, 5]], "id": 4}, {"box": [796, 234, 875, 891], "text": "POO1234", "label": "po_no", "words": [{"box": [796, 234, 875, 891], "text": "POO1234"}], "linking": [[4, 5]], "id": 5}, {"box": [62, 255, 205, 219], "text": "London, W14 0QH", "label": "others", "words": [{"box": [62, 255, 205, 219], "text": "London, W14 0QH"}], "linking": [], "id": 6}, {"box": [579, 256, 757, 771], "text": "Purchase Order Status:", "label": "others", "words": [{"box": [579, 256, 757, 771], "text": "Purchase Order Status:"}], "linking": [], "id": 7}, {"box": [798, 256, 845, 860], "text": "Open", "label": "others", "words": [{"box": [798, 256, 845, 860], "text": "Open"}], "linking": [], "id": 8}, {"box": [61, 270, 222, 236], "text": "Phone:0208 668 381", "label": "others", "words": [{"box": [61, 270, 222, 236], "text": "Phone:0208 668 381"}], "linking": [], "id": 9}, {"box": [579, 275, 624, 640], "text": "Date:", "label": "date_heading", "words": [{"box": [579, 275, 624, 640], "text": "Date:"}], "linking": [[10, 11]], "id": 10}, {"box": [798, 274, 876, 891], "text": "12.2.2022", "label": "po_date", "words": [{"box": [798, 274, 876, 891], "text": "12.2.2022"}], "linking": [[10, 11]], "id": 11}, {"box": [580, 296, 692, 707], "text": "Requested By:", "label": "others", "words": [{"box": [580, 296, 692, 707], "text": "Requested By:"}], "linking": [], "id": 12}, {"box": [798, 295, 881, 899], "text": "Billy Buyer", "label": "others", "words": [{"box": [798, 295, 881, 899], "text": "Billy Buyer"}], "linking": [], "id": 13}, {"box": [61, 321, 130, 149], "text": "Shipto", "label": "sender_address_title", "words": [{"box": [61, 321, 130, 149], "text": "Shipto"}], "linking": [[14, 17], [14, 20], [14, 22], [14, 21], [14, 23]], "id": 14}, {"box": [579, 315, 685, 703], "text": "Approved By:", "label": "others", "words": [{"box": [579, 315, 685, 703], "text": "Approved By:"}], "linking": [], "id": 15}, {"box": [798, 315, 884, 899], "text": "John Smith", "label": "others", "words": [{"box": [798, 315, 884, 899], "text": "John Smith"}], "linking": [], "id": 16}, {"box": [61, 344, 210, 224], "text": "Manchester Office", "label": "sender_address", "words": [{"box": [61, 344, 210, 224], "text": "Manchester Office"}], "linking": [[14, 17]], "id": 17}, {"box": [580, 336, 676, 690], "text": "Department:", "label": "others", "words": [{"box": [580, 336, 676, 690], "text": "Department:"}], "linking": [], "id": 18}, {"box": [796, 335, 908, 922], "text": "IT Department", "label": "others", "words": [{"box": [796, 335, 908, 922], "text": "IT Department"}], "linking": [], "id": 19}, {"box": [61, 361, 183, 197], "text": "Attn: Billy Buyer", "label": "sender_address", "words": [{"box": [61, 361, 183, 197], "text": "Attn: Billy Buyer"}], "linking": [[14, 20]], "id": 20}, {"box": [62, 377, 206, 220], "text": "43 Customer Road", "label": "sender_address", "words": [{"box": [62, 377, 206, 220], "text": "43 Customer Road"}], "linking": [[14, 21]], "id": 21}, {"box": [62, 394, 223, 236], "text": "Manchester, M4 1HS", "label": "sender_address", "words": [{"box": [62, 394, 223, 236], "text": "Manchester, M4 1HS"}], "linking": [[14, 22]], "id": 22}, {"box": [62, 410, 229, 243], "text": "Phone: 07394 123456", "label": "sender_address", "words": [{"box": [62, 410, 229, 243], "text": "Phone: 07394 123456"}], "linking": [[14, 23]], "id": 23}, {"box": [61, 463, 142, 161], "text": "Supplier", "label": "vendor_address_title", "words": [{"box": [61, 463, 142, 161], "text": "Supplier"}], "linking": [[24, 26], [24, 28], [24, 29], [24, 30], [24, 31]], "id": 24}, {"box": [552, 464, 883, 896], "text": "Terms of sale and other comments", "label": "others", "words": [{"box": [552, 464, 883, 896], "text": "Terms of sale and other comments"}], "linking": [], "id": 25}, {"box": [61, 484, 222, 236], "text": "Mr. Peter McDonald", "label": "vendor_address", "words": [{"box": [61, 484, 222, 236], "text": "Mr. Peter McDonald"}], "linking": [[24, 26]], "id": 26}, {"box": [550, 481, 885, 899], "text": "Add any additional instructions or terms here", "label": "others", "words": [{"box": [550, 481, 885, 899], "text": "Add any additional instructions or terms here"}], "linking": [], "id": 27}, {"box": [64, 501, 197, 211], "text": "17 Springdale Rd,", "label": "vendor_address", "words": [{"box": [64, 501, 197, 211], "text": "17 Springdale Rd,"}], "linking": [[24, 28]], "id": 28}, {"box": [61, 515, 197, 210], "text": "N16 9NS, London", "label": "vendor_address", "words": [{"box": [61, 515, 197, 210], "text": "N16 9NS, London"}], "linking": [[24, 29]], "id": 29}, {"box": [62, 531, 226, 240], "text": "Phone: 1234 567 890", "label": "vendor_address", "words": [{"box": [62, 531, 226, 240], "text": "Phone: 1234 567 890"}], "linking": [[24, 30]], "id": 30}, {"box": [61, 548, 276, 290], "text": "Email: supplier@email.co.uk", "label": "vendor_address", "words": [{"box": [61, 548, 276, 290], "text": "Email: supplier@email.co.uk"}], "linking": [[24, 31]], "id": 31}, {"box": [61, 568, 180, 195], "text": "Terms: 30 days", "label": "others", "words": [{"box": [61, 568, 180, 195], "text": "Terms: 30 days"}], "linking": [], "id": 32}, {"box": [68, 634, 123, 138], "text": "Item #", "label": "column_name", "words": [{"box": [68, 634, 123, 138], "text": "Item #"}], "linking": [[33, 39], [33, 45]], "id": 33}, {"box": [219, 634, 319, 335], "text": "Desicription", "label": "column_name", "words": [{"box": [219, 634, 319, 335], "text": "Desicription"}], "linking": [[34, 40], [34, 46]], "id": 34}, {"box": [528, 635, 559, 576], "text": "Qty", "label": "column_name", "words": [{"box": [528, 635, 559, 576], "text": "Qty"}], "linking": [[35, 41], [35, 47]], "id": 35}, {"box": [632, 635, 673, 688], "text": "Unit", "label": "column_name", "words": [{"box": [632, 635, 673, 688], "text": "Unit"}], "linking": [[36, 42], [36, 48]], "id": 36}, {"box": [720, 634, 802, 817], "text": "Unit Price", "label": "column_name", "words": [{"box": [720, 634, 802, 817], "text": "Unit Price"}], "linking": [[37, 43], [37, 49]], "id": 37}, {"box": [849, 634, 894, 909], "text": "Total", "label": "column_name", "words": [{"box": [849, 634, 894, 909], "text": "Total"}], "linking": [[38, 44], [38, 50]], "id": 38}, {"box": [72, 677, 158, 172], "text": "123456789", "label": "column_value", "words": [{"box": [72, 677, 158, 172], "text": "123456789"}], "linking": [[33, 39]], "id": 39}, {"box": [221, 677, 296, 310], "text": "Product 1", "label": "column_value", "words": [{"box": [221, 677, 296, 310], "text": "Product 1"}], "linking": [[34, 40]], "id": 40}, {"box": [526, 675, 553, 571], "text": "15", "label": "column_value", "words": [{"box": [526, 675, 553, 571], "text": "15"}], "linking": [[35, 41]], "id": 41}, {"box": [631, 676, 658, 676], "text": "kg", "label": "column_value", "words": [{"box": [631, 676, 658, 676], "text": "kg"}], "linking": [[36, 42]], "id": 42}, {"box": [720, 677, 791, 805], "text": " 150.00", "label": "column_value", "words": [{"box": [720, 677, 791, 805], "text": " 150.00"}], "linking": [[37, 43]], "id": 43}, {"box": [849, 676, 932, 946], "text": " 2,250.00", "label": "column_value", "words": [{"box": [849, 676, 932, 946], "text": " 2,250.00"}], "linking": [[38, 44]], "id": 44}, {"box": [69, 720, 155, 170], "text": "987654321", "label": "column_value", "words": [{"box": [69, 720, 155, 170], "text": "987654321"}], "linking": [[33, 45]], "id": 45}, {"box": [219, 720, 295, 310], "text": "Product 2", "label": "column_value", "words": [{"box": [219, 720, 295, 310], "text": "Product 2"}], "linking": [[34, 46]], "id": 46}, {"box": [528, 720, 542, 556], "text": "1", "label": "column_value", "words": [{"box": [528, 720, 542, 556], "text": "1"}], "linking": [[35, 47]], "id": 47}, {"box": [631, 719, 647, 663], "text": "1", "label": "column_value", "words": [{"box": [631, 719, 647, 663], "text": "1"}], "linking": [[36, 48]], "id": 48}, {"box": [720, 718, 781, 797], "text": " 75.00", "label": "column_value", "words": [{"box": [720, 718, 781, 797], "text": " 75.00"}], "linking": [[37, 49]], "id": 49}, {"box": [849, 718, 910, 926], "text": " 75.00", "label": "column_value", "words": [{"box": [849, 718, 910, 926], "text": " 75.00"}], "linking": [[38, 50]], "id": 50}, {"box": [733, 763, 804, 819], "text": "Subtotal", "label": "others", "words": [{"box": [733, 763, 804, 819], "text": "Subtotal"}], "linking": [], "id": 51}, {"box": [850, 763, 933, 948], "text": " 2,325.00", "label": "others", "words": [{"box": [850, 763, 933, 948], "text": " 2,325.00"}], "linking": [], "id": 52}, {"box": [768, 787, 805, 822], "text": "Tax", "label": "others", "words": [{"box": [768, 787, 805, 822], "text": "Tax"}], "linking": [], "id": 53}, {"box": [847, 786, 875, 893], "text": " 0", "label": "others", "words": [{"box": [847, 786, 875, 893], "text": " 0"}], "linking": [], "id": 54}, {"box": [727, 812, 803, 821], "text": "Shipping", "label": "others", "words": [{"box": [727, 812, 803, 821], "text": "Shipping"}], "linking": [], "id": 55}, {"box": [847, 811, 877, 895], "text": "0", "label": "others", "words": [{"box": [847, 811, 877, 895], "text": "0"}], "linking": [], "id": 56}, {"box": [754, 836, 804, 819], "text": "Other", "label": "others", "words": [{"box": [754, 836, 804, 819], "text": "Other"}], "linking": [], "id": 57}, {"box": [847, 835, 880, 896], "text": "0", "label": "others", "words": [{"box": [847, 835, 880, 896], "text": "0"}], "linking": [], "id": 58}, {"box": [758, 875, 803, 819], "text": "Total", "label": "total_id", "words": [{"box": [758, 875, 803, 819], "text": "Total"}], "linking": [[59, 60]], "id": 59}, {"box": [850, 876, 933, 948], "text": " 2,325.00", "label": "total_cost", "words": [{"box": [850, 876, 933, 948], "text": " 2,325.00"}], "linking": [[59, 60]], "id": 60}]}