{"form": [{"box": [520, 124, 902, 939], "text": "PURCHASE ORDER", "label": "others", "words": [{"box": [520, 124, 902, 939], "text": "PURCHASE ORDER"}], "linking": [], "id": 0}, {"box": [88, 139, 221, 249], "text": "ACME INC.", "label": "others", "words": [{"box": [88, 139, 221, 249], "text": "ACME INC."}], "linking": [], "id": 1}, {"box": [86, 182, 202, 223], "text": "317 Heliport Loop", "label": "others", "words": [{"box": [86, 182, 202, 223], "text": "317 Heliport Loop"}], "linking": [], "id": 2}, {"box": [518, 179, 560, 583], "text": "DATE: ", "label": "date_heading", "words": [{"box": [518, 179, 560, 583], "text": "DATE: "}], "linking": [[3, 42]], "id": 3}, {"box": [86, 209, 231, 254], "text": "Greensburg, IN 47240", "label": "others", "words": [{"box": [86, 209, 231, 254], "text": "Greensburg, IN 47240"}], "linking": [], "id": 4}, {"box": [518, 211, 554, 573], "text": "PO#:", "label": "po_no_heading", "words": [{"box": [518, 211, 554, 573], "text": "PO#:"}], "linking": [[5, 43]], "id": 5}, {"box": [87, 242, 235, 254], "text": "Phone:812)663-1030", "label": "others", "words": [{"box": [87, 242, 235, 254], "text": "Phone:812)663-1030"}], "linking": [], "id": 6}, {"box": [86, 272, 217, 235], "text": "Fax:812663-1030", "label": "others", "words": [{"box": [86, 272, 217, 235], "text": "Fax:812663-1030"}], "linking": [], "id": 7}, {"box": [85, 303, 207, 225], "text": "www.acmeinc.com", "label": "others", "words": [{"box": [85, 303, 207, 225], "text": "www.acmeinc.com"}], "linking": [], "id": 8}, {"box": [84, 357, 151, 175], "text": "VENDOR", "label": "vendor_address_title", "words": [{"box": [84, 357, 151, 175], "text": "VENDOR"}], "linking": [[9, 11], [9, 13], [9, 15], [9, 17], [9, 19]], "id": 9}, {"box": [517, 357, 579, 603], "text": "SHIP TO", "label": "sender_address_title", "words": [{"box": [517, 357, 579, 603], "text": "SHIP TO"}], "linking": [[10, 12], [10, 14], [10, 16], [10, 18], [10, 20]], "id": 10}, {"box": [85, 388, 155, 176], "text": "ACME Inc", "label": "vendor_address", "words": [{"box": [85, 388, 155, 176], "text": "ACME Inc"}], "linking": [[9, 11]], "id": 11}, {"box": [517, 388, 623, 644], "text": "Marge R. Jones", "label": "sender_address", "words": [{"box": [517, 388, 623, 644], "text": "Marge R. Jones"}], "linking": [[10, 12]], "id": 12}, {"box": [85, 419, 182, 205], "text": "Ida C. Fleming", "label": "vendor_address", "words": [{"box": [85, 419, 182, 205], "text": "Ida C. Fleming"}], "linking": [[9, 13]], "id": 13}, {"box": [518, 417, 669, 692], "text": "Marge Jones Company", "label": "sender_address", "words": [{"box": [518, 417, 669, 692], "text": "Marge Jones Company"}], "linking": [[10, 14]], "id": 14}, {"box": [84, 448, 201, 224], "text": "317 Heliport Loop", "label": "vendor_address", "words": [{"box": [84, 448, 201, 224], "text": "317 Heliport Loop"}], "linking": [[9, 15]], "id": 15}, {"box": [519, 448, 642, 663], "text": "4150 Wilson Street", "label": "sender_address", "words": [{"box": [519, 448, 642, 663], "text": "4150 Wilson Street"}], "linking": [[10, 16]], "id": 16}, {"box": [85, 475, 231, 252], "text": "Greensburg,IN47240", "label": "vendor_address", "words": [{"box": [85, 475, 231, 252], "text": "Greensburg,IN47240"}], "linking": [[9, 17]], "id": 17}, {"box": [517, 477, 719, 742], "text": "Palm Springs,California 92262", "label": "sender_address", "words": [{"box": [517, 477, 719, 742], "text": "Palm Springs,California 92262"}], "linking": [[10, 18]], "id": 18}, {"box": [86, 509, 230, 248], "text": "Phone 812)663-1030", "label": "vendor_address", "words": [{"box": [86, 509, 230, 248], "text": "Phone 812)663-1030"}], "linking": [[9, 19]], "id": 19}, {"box": [516, 507, 663, 684], "text": "Phone760974-3711", "label": "sender_address", "words": [{"box": [516, 507, 663, 684], "text": "Phone760974-3711"}], "linking": [[10, 20]], "id": 20}, {"box": [106, 566, 169, 192], "text": "ITEM NO", "label": "column_name", "words": [{"box": [106, 566, 169, 192], "text": "ITEM NO"}], "linking": [[21, 26]], "id": 21}, {"box": [249, 567, 348, 367], "text": "DESCRIPTION", "label": "column_name", "words": [{"box": [249, 567, 348, 367], "text": "DESCRIPTION"}], "linking": [[22, 27]], "id": 22}, {"box": [443, 566, 474, 495], "text": "QTY", "label": "column_name", "words": [{"box": [443, 566, 474, 495], "text": "QTY"}], "linking": [[23, 28]], "id": 23}, {"box": [558, 567, 641, 660], "text": "UNIT PRICE", "label": "column_name", "words": [{"box": [558, 567, 641, 660], "text": "UNIT PRICE"}], "linking": [[24, 29]], "id": 24}, {"box": [772, 565, 823, 847], "text": "TOTAL", "label": "column_name", "words": [{"box": [772, 565, 823, 847], "text": "TOTAL"}], "linking": [[25, 30]], "id": 25}, {"box": [83, 595, 130, 153], "text": "12345", "label": "column_value", "words": [{"box": [83, 595, 130, 153], "text": "12345"}], "linking": [[21, 26]], "id": 26}, {"box": [195, 595, 292, 316], "text": "PDF Extractor", "label": "column_value", "words": [{"box": [195, 595, 292, 316], "text": "PDF Extractor"}], "linking": [[22, 27]], "id": 27}, {"box": [449, 595, 468, 479], "text": "7", "label": "column_value", "words": [{"box": [449, 595, 468, 479], "text": "7"}], "linking": [[23, 28]], "id": 28}, {"box": [612, 595, 681, 704], "text": "$1,216.99", "label": "column_value", "words": [{"box": [612, 595, 681, 704], "text": "$1,216.99"}], "linking": [[24, 29]], "id": 29}, {"box": [845, 595, 914, 937], "text": "$1,216.99", "label": "column_value", "words": [{"box": [845, 595, 914, 937], "text": "$1,216.99"}], "linking": [[25, 30]], "id": 30}, {"box": [519, 656, 600, 619], "text": "SUB TOTAL", "label": "others", "words": [{"box": [519, 656, 600, 619], "text": "SUB TOTAL"}], "linking": [], "id": 31}, {"box": [845, 654, 913, 936], "text": "$1,216.99", "label": "others", "words": [{"box": [845, 654, 913, 936], "text": "$1,216.99"}], "linking": [], "id": 32}, {"box": [515, 682, 552, 577], "text": "TAX", "label": "others", "words": [{"box": [515, 682, 552, 577], "text": "TAX"}], "linking": [], "id": 33}, {"box": [872, 683, 914, 938], "text": "$0.00", "label": "others", "words": [{"box": [872, 683, 914, 938], "text": "$0.00"}], "linking": [], "id": 34}, {"box": [518, 715, 569, 588], "text": "TOTAL", "label": "total_id", "words": [{"box": [518, 715, 569, 588], "text": "TOTAL"}], "linking": [[35, 36]], "id": 35}, {"box": [846, 716, 912, 930], "text": "$1,216.99", "label": "total_cost", "words": [{"box": [846, 716, 912, 930], "text": "$1,216.99"}], "linking": [[35, 36]], "id": 36}, {"box": [85, 774, 561, 584], "text": "Please confirm your acceptance of this quotation by signing and returning.", "label": "others", "words": [{"box": [85, 774, 561, 584], "text": "Please confirm your acceptance of this quotation by signing and returning."}], "linking": [], "id": 37}, {"box": [220, 805, 264, 284], "text": "NAME", "label": "others", "words": [{"box": [220, 805, 264, 284], "text": "NAME"}], "linking": [], "id": 38}, {"box": [500, 805, 586, 605], "text": "SIGNATURE", "label": "others", "words": [{"box": [500, 805, 586, 605], "text": "SIGNATURE"}], "linking": [], "id": 39}, {"box": [777, 802, 820, 844], "text": "DATE", "label": "others", "words": [{"box": [777, 802, 820, 844], "text": "DATE"}], "linking": [], "id": 40}, {"box": [418, 893, 665, 684], "text": "THANK YOU FOR YOUR BUSINESS!", "label": "others", "words": [{"box": [418, 893, 665, 684], "text": "THANK YOU FOR YOUR BUSINESS!"}], "linking": [], "id": 41}, {"box": [564, 178, 639, 665], "text": "08/05/2022", "label": "po_date", "words": [{"box": [564, 178, 639, 665], "text": "08/05/2022"}], "linking": [[3, 42]], "id": 42}, {"box": [557, 209, 606, 629], "text": "123456", "label": "po_no", "words": [{"box": [557, 209, 606, 629], "text": "123456"}], "linking": [[5, 43]], "id": 43}]}