{"form": [{"box": [682, 26, 944, 962], "text": "PURCHASE ORDER", "label": "others", "words": [{"box": [682, 26, 944, 962], "text": "PURCHASE ORDER"}], "linking": [], "id": 0}, {"box": [58, 47, 512, 530], "text": "CONSTRUCTION MASTERS", "label": "others", "words": [{"box": [58, 47, 512, 530], "text": "CONSTRUCTION MASTERS"}], "linking": [], "id": 1}, {"box": [725, 49, 776, 791], "text": "PO#: ", "label": "po_no_heading", "words": [{"box": [725, 49, 776, 791], "text": "PO#: "}], "linking": [[2, 115]], "id": 2}, {"box": [723, 65, 777, 795], "text": "Date: 01/01/2022", "label": "date_heading", "words": [{"box": [723, 65, 777, 795], "text": "Date: 01/01/2022"}], "linking": [[3, 116]], "id": 3}, {"box": [48, 99, 567, 581], "text": "270 Construction Road Drive Dayton 25143 OH PH: 555-1524-58554", "label": "others", "words": [{"box": [48, 99, 567, 581], "text": "270 Construction Road Drive Dayton 25143 OH PH: 555-1524-58554"}], "linking": [], "id": 4}, {"box": [714, 102, 946, 958], "text": "www.constructionmasters123.com", "label": "others", "words": [{"box": [714, 102, 946, 958], "text": "www.constructionmasters123.com"}], "linking": [], "id": 5}, {"box": [49, 130, 195, 209], "text": "Purchase Order To:", "label": "vendor_address_title", "words": [{"box": [49, 130, 195, 209], "text": "Purchase Order To:"}], "linking": [[6, 7], [6, 11], [6, 12], [6, 15], [6, 16]], "id": 6}, {"box": [223, 130, 344, 358], "text": "Company Name", "label": "vendor_address", "words": [{"box": [223, 130, 344, 358], "text": "Company Name"}], "linking": [[6, 7]], "id": 7}, {"box": [510, 130, 572, 583], "text": "Ship To:", "label": "sender_address_title", "words": [{"box": [510, 130, 572, 583], "text": "Ship To:"}], "linking": [[8, 9], [8, 10], [8, 13], [8, 14], [8, 17]], "id": 8}, {"box": [585, 129, 709, 723], "text": " Company Name", "label": "sender_address", "words": [{"box": [585, 129, 709, 723], "text": " Company Name"}], "linking": [[8, 9]], "id": 9}, {"box": [587, 148, 700, 715], "text": "Street Address", "label": "sender_address", "words": [{"box": [587, 148, 700, 715], "text": "Street Address"}], "linking": [[8, 10]], "id": 10}, {"box": [226, 150, 336, 348], "text": "Street Address", "label": "vendor_address", "words": [{"box": [226, 150, 336, 348], "text": "Street Address"}], "linking": [[6, 11]], "id": 11}, {"box": [225, 167, 334, 349], "text": "City, State ZIP", "label": "vendor_address", "words": [{"box": [225, 167, 334, 349], "text": "City, State ZIP"}], "linking": [[6, 12]], "id": 12}, {"box": [588, 167, 697, 712], "text": "City, State ZIP", "label": "sender_address", "words": [{"box": [588, 167, 697, 712], "text": "City, State ZIP"}], "linking": [[8, 13]], "id": 13}, {"box": [586, 185, 702, 717], "text": " Phone Number", "label": "sender_address", "words": [{"box": [586, 185, 702, 717], "text": " Phone Number"}], "linking": [[8, 14]], "id": 14}, {"box": [225, 189, 336, 347], "text": "Phone Number", "label": "vendor_address", "words": [{"box": [225, 189, 336, 347], "text": "Phone Number"}], "linking": [[6, 15]], "id": 15}, {"box": [223, 206, 332, 347], "text": "Email Address", "label": "vendor_address", "words": [{"box": [223, 206, 332, 347], "text": "Email Address"}], "linking": [[6, 16]], "id": 16}, {"box": [589, 206, 695, 706], "text": "Email Address", "label": "sender_address", "words": [{"box": [589, 206, 695, 706], "text": "Email Address"}], "linking": [[8, 17]], "id": 17}, {"box": [49, 261, 156, 171], "text": "SERVICES", "label": "others", "words": [{"box": [49, 261, 156, 171], "text": "SERVICES"}], "linking": [], "id": 18}, {"box": [539, 281, 625, 640], "text": "Time range", "label": "column_name", "words": [{"box": [539, 281, 625, 640], "text": "Time range"}], "linking": [[19, 27], [19, 31], [19, 35], [19, 39], [19, 43], [19, 47]], "id": 19}, {"box": [699, 280, 744, 760], "text": " Price", "label": "column_name", "words": [{"box": [699, 280, 744, 760], "text": " Price"}], "linking": [[20, 28], [20, 32], [20, 36], [20, 40], [20, 44], [20, 48]], "id": 20}, {"box": [76, 290, 95, 110], "text": "#", "label": "column_name", "words": [{"box": [76, 290, 95, 110], "text": "#"}], "linking": [[21, 26], [21, 30], [21, 34], [21, 38], [21, 42], [21, 46]], "id": 21}, {"box": [122, 291, 269, 283], "text": "Service Description", "label": "column_name", "words": [{"box": [122, 291, 269, 283], "text": "Service Description"}], "linking": [], "id": 22}, {"box": [824, 291, 928, 939], "text": "TOTAL PRICE", "label": "column_name", "words": [{"box": [824, 291, 928, 939], "text": "TOTAL PRICE"}], "linking": [[23, 29], [23, 33], [23, 37], [23, 41], [23, 45], [23, 49]], "id": 23}, {"box": [554, 297, 609, 625], "text": "[Days]", "label": "column_name", "words": [{"box": [554, 297, 609, 625], "text": "[Days]"}], "linking": [], "id": 24}, {"box": [683, 297, 762, 777], "text": "[per hour]", "label": "column_name", "words": [{"box": [683, 297, 762, 777], "text": "[per hour]"}], "linking": [], "id": 25}, {"box": [71, 316, 90, 106], "text": "1", "label": "column_value", "words": [{"box": [71, 316, 90, 106], "text": "1"}], "linking": [[21, 26]], "id": 26}, {"box": [570, 316, 588, 604], "text": "2", "label": "column_value", "words": [{"box": [570, 316, 588, 604], "text": "2"}], "linking": [[19, 27]], "id": 27}, {"box": [696, 316, 750, 766], "text": "50.00$", "label": "column_value", "words": [{"box": [696, 316, 750, 766], "text": "50.00$"}], "linking": [[20, 28]], "id": 28}, {"box": [887, 317, 949, 964], "text": "800.00$", "label": "column_value", "words": [{"box": [887, 317, 949, 964], "text": "800.00$"}], "linking": [[23, 29]], "id": 29}, {"box": [74, 339, 88, 102], "text": "2", "label": "column_value", "words": [{"box": [74, 339, 88, 102], "text": "2"}], "linking": [[21, 30]], "id": 30}, {"box": [570, 339, 589, 604], "text": "3", "label": "column_value", "words": [{"box": [570, 339, 589, 604], "text": "3"}], "linking": [[19, 31]], "id": 31}, {"box": [693, 339, 754, 769], "text": "105.00$", "label": "column_value", "words": [{"box": [693, 339, 754, 769], "text": "105.00$"}], "linking": [[20, 32]], "id": 32}, {"box": [875, 339, 949, 964], "text": "2,520.00$", "label": "column_value", "words": [{"box": [875, 339, 949, 964], "text": "2,520.00$"}], "linking": [[23, 33]], "id": 33}, {"box": [73, 359, 91, 107], "text": "3", "label": "column_value", "words": [{"box": [73, 359, 91, 107], "text": "3"}], "linking": [[21, 34]], "id": 34}, {"box": [571, 359, 589, 605], "text": "1", "label": "column_value", "words": [{"box": [571, 359, 589, 605], "text": "1"}], "linking": [[19, 35]], "id": 35}, {"box": [695, 359, 750, 765], "text": "30.00$", "label": "column_value", "words": [{"box": [695, 359, 750, 765], "text": "30.00$"}], "linking": [[20, 36]], "id": 36}, {"box": [887, 359, 949, 964], "text": "240.00$", "label": "column_value", "words": [{"box": [887, 359, 949, 964], "text": "240.00$"}], "linking": [[23, 37]], "id": 37}, {"box": [73, 381, 91, 107], "text": "4", "label": "column_value", "words": [{"box": [73, 381, 91, 107], "text": "4"}], "linking": [[21, 38]], "id": 38}, {"box": [573, 382, 587, 601], "text": "1", "label": "column_value", "words": [{"box": [573, 382, 587, 601], "text": "1"}], "linking": [[19, 39]], "id": 39}, {"box": [696, 381, 750, 765], "text": "50.00$", "label": "column_value", "words": [{"box": [696, 381, 750, 765], "text": "50.00$"}], "linking": [[20, 40]], "id": 40}, {"box": [887, 381, 949, 964], "text": "400.00$", "label": "column_value", "words": [{"box": [887, 381, 949, 964], "text": "400.00$"}], "linking": [[23, 41]], "id": 41}, {"box": [73, 403, 91, 107], "text": "5", "label": "column_value", "words": [{"box": [73, 403, 91, 107], "text": "5"}], "linking": [[21, 42]], "id": 42}, {"box": [570, 403, 589, 605], "text": "6", "label": "column_value", "words": [{"box": [570, 403, 589, 605], "text": "6"}], "linking": [[19, 43]], "id": 43}, {"box": [695, 403, 750, 765], "text": "25.00$", "label": "column_value", "words": [{"box": [695, 403, 750, 765], "text": "25.00$"}], "linking": [[20, 44]], "id": 44}, {"box": [876, 403, 949, 964], "text": "1,200.00$", "label": "column_value", "words": [{"box": [876, 403, 949, 964], "text": "1,200.00$"}], "linking": [[23, 45]], "id": 45}, {"box": [74, 425, 88, 102], "text": "6", "label": "column_value", "words": [{"box": [74, 425, 88, 102], "text": "6"}], "linking": [[21, 46]], "id": 46}, {"box": [570, 424, 588, 604], "text": "4", "label": "column_value", "words": [{"box": [570, 424, 588, 604], "text": "4"}], "linking": [[19, 47]], "id": 47}, {"box": [695, 425, 750, 765], "text": "20.00$", "label": "column_value", "words": [{"box": [695, 425, 750, 765], "text": "20.00$"}], "linking": [[20, 48]], "id": 48}, {"box": [887, 424, 949, 964], "text": "640.00$", "label": "column_value", "words": [{"box": [887, 424, 949, 964], "text": "640.00$"}], "linking": [[23, 49]], "id": 49}, {"box": [635, 447, 775, 789], "text": "TOTAL SERVICES:", "label": "others", "words": [{"box": [635, 447, 775, 789], "text": "TOTAL SERVICES:"}], "linking": [], "id": 50}, {"box": [869, 446, 949, 964], "text": "5,800.00$", "label": "others", "words": [{"box": [869, 446, 949, 964], "text": "5,800.00$"}], "linking": [], "id": 51}, {"box": [51, 480, 179, 194], "text": "MATERIALS", "label": "others", "words": [{"box": [51, 480, 179, 194], "text": "MATERIALS"}], "linking": [], "id": 52}, {"box": [565, 507, 598, 615], "text": "Qty", "label": "column_name", "words": [{"box": [565, 507, 598, 615], "text": "Qty"}], "linking": [[53, 59], [53, 65], [53, 69], [53, 75], [53, 80], [53, 83], [53, 91], [53, 97]], "id": 53}, {"box": [76, 505, 94, 110], "text": "#", "label": "column_name", "words": [{"box": [76, 505, 94, 110], "text": "#"}], "linking": [[54, 62], [54, 63], [54, 70], [54, 73], [54, 78], [54, 84], [54, 90], [54, 94]], "id": 54}, {"box": [121, 506, 250, 265], "text": "Item Description", "label": "column_name", "words": [{"box": [121, 506, 250, 265], "text": "Item Description"}], "linking": [[55, 58], [55, 64], [55, 68], [55, 74], [55, 79], [55, 85], [55, 88], [55, 93]], "id": 55}, {"box": [699, 505, 744, 760], "text": " Price", "label": "column_name", "words": [{"box": [699, 505, 744, 760], "text": " Price"}], "linking": [[56, 60], [56, 66], [56, 71], [56, 76], [56, 81], [56, 86], [56, 89], [56, 95]], "id": 56}, {"box": [824, 507, 928, 940], "text": "TOTAL PRICE", "label": "column_name", "words": [{"box": [824, 507, 928, 940], "text": "TOTAL PRICE"}], "linking": [[57, 61], [57, 67], [57, 72], [57, 77], [57, 82], [57, 87], [57, 92], [57, 96]], "id": 57}, {"box": [119, 532, 168, 184], "text": "Bricks", "label": "column_value", "words": [{"box": [119, 532, 168, 184], "text": "Bricks"}], "linking": [[55, 58]], "id": 58}, {"box": [560, 532, 602, 618], "text": "5000", "label": "column_value", "words": [{"box": [560, 532, 602, 618], "text": "5000"}], "linking": [[53, 59]], "id": 59}, {"box": [699, 532, 745, 760], "text": "1.70$", "label": "column_value", "words": [{"box": [699, 532, 745, 760], "text": "1.70$"}], "linking": [[56, 60]], "id": 60}, {"box": [875, 532, 949, 964], "text": "8,500.00$", "label": "column_value", "words": [{"box": [875, 532, 949, 964], "text": "8,500.00$"}], "linking": [[57, 61]], "id": 61}, {"box": [67, 529, 95, 105], "text": "1", "label": "column_value", "words": [{"box": [67, 529, 95, 105], "text": "1"}], "linking": [[54, 62]], "id": 62}, {"box": [71, 553, 89, 105], "text": "2", "label": "column_value", "words": [{"box": [71, 553, 89, 105], "text": "2"}], "linking": [[54, 63]], "id": 63}, {"box": [119, 554, 156, 172], "text": "Clay", "label": "column_value", "words": [{"box": [119, 554, 156, 172], "text": "Clay"}], "linking": [[55, 64]], "id": 64}, {"box": [570, 554, 589, 604], "text": "4", "label": "column_value", "words": [{"box": [570, 554, 589, 604], "text": "4"}], "linking": [[53, 65]], "id": 65}, {"box": [693, 554, 754, 769], "text": "150.00$", "label": "column_value", "words": [{"box": [693, 554, 754, 769], "text": "150.00$"}], "linking": [[56, 66]], "id": 66}, {"box": [887, 554, 949, 964], "text": "600.00$", "label": "column_value", "words": [{"box": [887, 554, 949, 964], "text": "600.00$"}], "linking": [[57, 67]], "id": 67}, {"box": [117, 576, 165, 181], "text": " Wood", "label": "column_value", "words": [{"box": [117, 576, 165, 181], "text": " Wood"}], "linking": [[55, 68]], "id": 68}, {"box": [563, 576, 596, 613], "text": "150", "label": "column_value", "words": [{"box": [563, 576, 596, 613], "text": "150"}], "linking": [[53, 69]], "id": 69}, {"box": [73, 575, 91, 107], "text": "3", "label": "column_value", "words": [{"box": [73, 575, 91, 107], "text": "3"}], "linking": [[54, 70]], "id": 70}, {"box": [693, 576, 754, 769], "text": "100.00$", "label": "column_value", "words": [{"box": [693, 576, 754, 769], "text": "100.00$"}], "linking": [[56, 71]], "id": 71}, {"box": [869, 576, 949, 964], "text": "15,000.00$", "label": "column_value", "words": [{"box": [869, 576, 949, 964], "text": "15,000.00$"}], "linking": [[57, 72]], "id": 72}, {"box": [73, 597, 91, 106], "text": "4", "label": "column_value", "words": [{"box": [73, 597, 91, 106], "text": "4"}], "linking": [[54, 73]], "id": 73}, {"box": [119, 598, 289, 304], "text": "Electrical cables & wiring.", "label": "column_value", "words": [{"box": [119, 598, 289, 304], "text": "Electrical cables & wiring."}], "linking": [[55, 74]], "id": 74}, {"box": [564, 598, 597, 610], "text": "100", "label": "column_value", "words": [{"box": [564, 598, 597, 610], "text": "100"}], "linking": [[53, 75]], "id": 75}, {"box": [699, 597, 745, 760], "text": "2.10$", "label": "column_value", "words": [{"box": [699, 597, 745, 760], "text": "2.10$"}], "linking": [[56, 76]], "id": 76}, {"box": [887, 597, 949, 964], "text": "210.00$", "label": "column_value", "words": [{"box": [887, 597, 949, 964], "text": "210.00$"}], "linking": [[57, 77]], "id": 77}, {"box": [73, 619, 91, 106], "text": "5", "label": "column_value", "words": [{"box": [73, 619, 91, 106], "text": "5"}], "linking": [[54, 78]], "id": 78}, {"box": [119, 619, 189, 204], "text": "Ceramics", "label": "column_value", "words": [{"box": [119, 619, 189, 204], "text": "Ceramics"}], "linking": [[55, 79]], "id": 79}, {"box": [563, 618, 599, 615], "text": "100", "label": "column_value", "words": [{"box": [563, 618, 599, 615], "text": "100"}], "linking": [[53, 80]], "id": 80}, {"box": [696, 619, 748, 763], "text": "10.00$", "label": "column_value", "words": [{"box": [696, 619, 748, 763], "text": "10.00$"}], "linking": [[56, 81]], "id": 81}, {"box": [875, 619, 949, 964], "text": "1,000.00$", "label": "column_value", "words": [{"box": [875, 619, 949, 964], "text": "1,000.00$"}], "linking": [[57, 82]], "id": 82}, {"box": [563, 640, 596, 613], "text": "600", "label": "column_value", "words": [{"box": [563, 640, 596, 613], "text": "600"}], "linking": [[53, 83]], "id": 83}, {"box": [73, 641, 91, 106], "text": "6", "label": "column_value", "words": [{"box": [73, 641, 91, 106], "text": "6"}], "linking": [[54, 84]], "id": 84}, {"box": [119, 641, 180, 195], "text": "Cement", "label": "column_value", "words": [{"box": [119, 641, 180, 195], "text": "Cement"}], "linking": [[55, 85]], "id": 85}, {"box": [699, 641, 745, 760], "text": "5.80$", "label": "column_value", "words": [{"box": [699, 641, 745, 760], "text": "5.80$"}], "linking": [[56, 86]], "id": 86}, {"box": [875, 641, 948, 963], "text": "3,480.00$", "label": "column_value", "words": [{"box": [875, 641, 948, 963], "text": "3,480.00$"}], "linking": [[57, 87]], "id": 87}, {"box": [118, 663, 188, 203], "text": "Windows", "label": "column_value", "words": [{"box": [118, 663, 188, 203], "text": "Windows"}], "linking": [[55, 88]], "id": 88}, {"box": [691, 662, 753, 769], "text": "180.00$", "label": "column_value", "words": [{"box": [691, 662, 753, 769], "text": "180.00$"}], "linking": [[56, 89]], "id": 89}, {"box": [71, 661, 90, 105], "text": "7", "label": "column_value", "words": [{"box": [71, 661, 90, 105], "text": "7"}], "linking": [[54, 90]], "id": 90}, {"box": [567, 662, 592, 607], "text": "10", "label": "column_value", "words": [{"box": [567, 662, 592, 607], "text": "10"}], "linking": [[53, 91]], "id": 91}, {"box": [876, 661, 949, 964], "text": "1,800.00$", "label": "column_value", "words": [{"box": [876, 661, 949, 964], "text": "1,800.00$"}], "linking": [[57, 92]], "id": 92}, {"box": [118, 685, 220, 235], "text": " Miscellaneous", "label": "column_value", "words": [{"box": [118, 685, 220, 235], "text": " Miscellaneous"}], "linking": [[55, 93]], "id": 93}, {"box": [74, 684, 88, 100], "text": "8", "label": "column_value", "words": [{"box": [74, 684, 88, 100], "text": "8"}], "linking": [[54, 94]], "id": 94}, {"box": [685, 683, 761, 776], "text": "2,500.00$", "label": "column_value", "words": [{"box": [685, 683, 761, 776], "text": "2,500.00$"}], "linking": [[56, 95]], "id": 95}, {"box": [908, 683, 950, 966], "text": "2500", "label": "column_value", "words": [{"box": [908, 683, 950, 966], "text": "2500"}], "linking": [[57, 96]], "id": 96}, {"box": [573, 685, 585, 598], "text": "1", "label": "column_value", "words": [{"box": [573, 685, 585, 598], "text": "1"}], "linking": [[53, 97]], "id": 97}, {"box": [620, 705, 775, 789], "text": "TOTAL MATERIALS:", "label": "others", "words": [{"box": [620, 705, 775, 789], "text": "TOTAL MATERIALS:"}], "linking": [], "id": 98}, {"box": [859, 705, 950, 965], "text": "33,090.00$", "label": "others", "words": [{"box": [859, 705, 950, 965], "text": "33,090.00$"}], "linking": [], "id": 99}, {"box": [828, 741, 948, 963], "text": "Total Job Cost", "label": "others", "words": [{"box": [828, 741, 948, 963], "text": "Total Job Cost"}], "linking": [], "id": 100}, {"box": [51, 742, 556, 570], "text": "This Purchase Order is for completing the job as described above. It is", "label": "others", "words": [{"box": [51, 742, 556, 570], "text": "This Purchase Order is for completing the job as described above. It is"}], "linking": [], "id": 101}, {"box": [48, 754, 542, 557], "text": "based on evaluation of the use of the physical, human, financial, and.", "label": "others", "words": [{"box": [48, 754, 542, 557], "text": "based on evaluation of the use of the physical, human, financial, and."}], "linking": [], "id": 102}, {"box": [808, 759, 945, 963], "text": "38,890.00$", "label": "others", "words": [{"box": [808, 759, 945, 963], "text": "38,890.00$"}], "linking": [], "id": 103}, {"box": [49, 768, 427, 441], "text": "informational resources required to complete work..", "label": "others", "words": [{"box": [49, 768, 427, 441], "text": "informational resources required to complete work.."}], "linking": [], "id": 104}, {"box": [787, 799, 839, 858], "text": "TAX", "label": "others", "words": [{"box": [787, 799, 839, 858], "text": "TAX"}], "linking": [], "id": 105}, {"box": [899, 801, 948, 966], "text": "10%", "label": "others", "words": [{"box": [899, 801, 948, 966], "text": "10%"}], "linking": [], "id": 106}, {"box": [51, 830, 149, 164], "text": "Comments", "label": "others", "words": [{"box": [51, 830, 149, 164], "text": "Comments"}], "linking": [], "id": 107}, {"box": [51, 851, 502, 512], "text": "Put comments here. Lorem ipsum dolor sit amet, consectetuer", "label": "others", "words": [{"box": [51, 851, 502, 512], "text": "Put comments here. Lorem ipsum dolor sit amet, consectetuer"}], "linking": [], "id": 108}, {"box": [49, 864, 358, 372], "text": "adipiscing elit. Maecenas porttitor congue..", "label": "others", "words": [{"box": [49, 864, 358, 372], "text": "adipiscing elit. Maecenas porttitor congue.."}], "linking": [], "id": 109}, {"box": [49, 897, 168, 182], "text": "Accepted By:", "label": "others", "words": [{"box": [49, 897, 168, 182], "text": "Accepted By:"}], "linking": [], "id": 110}, {"box": [859, 898, 947, 966], "text": "TOTAL", "label": "total_id", "words": [{"box": [859, 898, 947, 966], "text": "TOTAL"}], "linking": [[111, 113]], "id": 111}, {"box": [48, 925, 102, 118], "text": "Date:", "label": "others", "words": [{"box": [48, 925, 102, 118], "text": "Date:"}], "linking": [], "id": 112}, {"box": [774, 936, 944, 965], "text": "42,779.00$", "label": "total_cost", "words": [{"box": [774, 936, 944, 965], "text": "42,779.00$"}], "linking": [[111, 113]], "id": 113}, {"box": [51, 954, 172, 187], "text": "Approved By:", "label": "others", "words": [{"box": [51, 954, 172, 187], "text": "Approved By:"}], "linking": [], "id": 114}, {"box": [794, 49, 887, 902], "text": "0001253", "label": "po_no", "words": [{"box": [794, 49, 887, 902], "text": "0001253"}], "linking": [[2, 115]], "id": 115}, {"box": [793, 68, 909, 921], "text": "01/01/2022", "label": "po_date", "words": [{"box": [793, 68, 909, 921], "text": "01/01/2022"}], "linking": [[3, 116]], "id": 116}]}