{"form": [{"box": [114, 90, 358, 373], "text": "PURCHASE ORDER", "label": "others", "words": [{"box": [114, 90, 358, 373], "text": "PURCHASE ORDER"}], "linking": [], "id": 0}, {"box": [726, 171, 860, 878], "text": "ELLINGTON", "label": "others", "words": [{"box": [726, 171, 860, 878], "text": "ELLINGTON"}], "linking": [], "id": 1}, {"box": [737, 188, 847, 854], "text": "WOODDECOR", "label": "others", "words": [{"box": [737, 188, 847, 854], "text": "WOODDECOR"}], "linking": [], "id": 2}, {"box": [110, 232, 515, 529], "text": "Ellington Wood Decor, 36 Terrick Rd, Ellington PE18 2NT, United Kingdome", "label": "vendor_address", "words": [{"box": [110, 232, 515, 529], "text": "Ellington Wood Decor, 36 Terrick Rd, Ellington PE18 2NT, United Kingdome"}], "linking": [[34, 3]], "id": 3}, {"box": [112, 255, 143, 154], "text": "FOR", "label": "sender_address_title", "words": [{"box": [112, 255, 143, 154], "text": "FOR"}], "linking": [[4, 7], [4, 8], [4, 11], [4, 12], [4, 13]], "id": 4}, {"box": [660, 268, 721, 734], "text": "Order No.:", "label": "po_no_heading", "words": [{"box": [660, 268, 721, 734], "text": "Order No.:"}], "linking": [[5, 6]], "id": 5}, {"box": [816, 267, 884, 895], "text": "PO0012022", "label": "po_no", "words": [{"box": [816, 267, 884, 895], "text": "PO0012022"}], "linking": [[5, 6]], "id": 6}, {"box": [112, 269, 174, 185], "text": "Your client", "label": "sender_address", "words": [{"box": [112, 269, 174, 185], "text": "Your client"}], "linking": [[4, 7]], "id": 7}, {"box": [112, 282, 181, 192], "text": "11 Beech Dr", "label": "sender_address", "words": [{"box": [112, 282, 181, 192], "text": "11 Beech Dr"}], "linking": [[4, 8]], "id": 8}, {"box": [661, 280, 720, 730], "text": "Issue date:", "label": "date_heading", "words": [{"box": [661, 280, 720, 730], "text": "Issue date:"}], "linking": [[9, 10]], "id": 9}, {"box": [820, 280, 884, 894], "text": "30/04/2022", "label": "po_date", "words": [{"box": [820, 280, 884, 894], "text": "30/04/2022"}], "linking": [[9, 10]], "id": 10}, {"box": [113, 293, 164, 175], "text": "Ellington", "label": "sender_address", "words": [{"box": [113, 293, 164, 175], "text": "Ellington"}], "linking": [[4, 11]], "id": 11}, {"box": [113, 302, 173, 184], "text": "NE61 5EU", "label": "sender_address", "words": [{"box": [113, 302, 173, 184], "text": "NE61 5EU"}], "linking": [[4, 12]], "id": 12}, {"box": [113, 315, 201, 212], "text": "United Kingdom", "label": "sender_address", "words": [{"box": [113, 315, 201, 212], "text": "United Kingdom"}], "linking": [[4, 13]], "id": 13}, {"box": [800, 357, 879, 894], "text": "AMOUNT ()", "label": "column_name", "words": [{"box": [800, 357, 879, 894], "text": "AMOUNT ()"}], "linking": [[14, 20], [14, 23]], "id": 14}, {"box": [119, 358, 204, 215], "text": "DESCRIPTION", "label": "column_name", "words": [{"box": [119, 358, 204, 215], "text": "DESCRIPTION"}], "linking": [[15, 18], [15, 22], [15, 24], [15, 27]], "id": 15}, {"box": [506, 358, 568, 579], "text": "QUANTITY", "label": "column_name", "words": [{"box": [506, 358, 568, 579], "text": "QUANTITY"}], "linking": [[16, 21], [16, 25]], "id": 16}, {"box": [642, 359, 732, 743], "text": "UNIT PRICE ()", "label": "column_name", "words": [{"box": [642, 359, 732, 743], "text": "UNIT PRICE ()"}], "linking": [[17, 19], [17, 26]], "id": 17}, {"box": [118, 386, 205, 216], "text": " Sample service", "label": "column_value", "words": [{"box": [118, 386, 205, 216], "text": " Sample service"}], "linking": [[15, 18]], "id": 18}, {"box": [690, 386, 731, 743], "text": "400.00", "label": "column_value", "words": [{"box": [690, 386, 731, 743], "text": "400.00"}], "linking": [[17, 19]], "id": 19}, {"box": [837, 386, 876, 888], "text": "400.00", "label": "column_value", "words": [{"box": [837, 386, 876, 888], "text": "400.00"}], "linking": [[14, 20]], "id": 20}, {"box": [557, 385, 572, 583], "text": "1", "label": "column_value", "words": [{"box": [557, 385, 572, 583], "text": "1"}], "linking": [[16, 21]], "id": 21}, {"box": [119, 401, 292, 302], "text": "Sample wood decoration service", "label": "column_value", "words": [{"box": [119, 401, 292, 302], "text": "Sample wood decoration service"}], "linking": [[15, 22]], "id": 22}, {"box": [836, 425, 877, 889], "text": "200.00", "label": "column_value", "words": [{"box": [836, 425, 877, 889], "text": "200.00"}], "linking": [[14, 23]], "id": 23}, {"box": [118, 425, 212, 222], "text": " Sample service 1", "label": "column_value", "words": [{"box": [118, 425, 212, 222], "text": " Sample service 1"}], "linking": [[15, 24]], "id": 24}, {"box": [558, 425, 570, 581], "text": "1", "label": "column_value", "words": [{"box": [558, 425, 570, 581], "text": "1"}], "linking": [[16, 25]], "id": 25}, {"box": [690, 425, 732, 743], "text": "200.00", "label": "column_value", "words": [{"box": [690, 425, 732, 743], "text": "200.00"}], "linking": [[17, 26]], "id": 26}, {"box": [118, 440, 306, 320], "text": "Sample wood decoration service 1e", "label": "column_value", "words": [{"box": [118, 440, 306, 320], "text": "Sample wood decoration service 1e"}], "linking": [[15, 27]], "id": 27}, {"box": [493, 470, 579, 594], "text": "TOTAL (GBP):", "label": "total_id", "words": [{"box": [493, 470, 579, 594], "text": "TOTAL (GBP):"}], "linking": [[28, 29]], "id": 28}, {"box": [828, 471, 877, 890], "text": "600.00", "label": "total_cost", "words": [{"box": [828, 471, 877, 890], "text": "600.00"}], "linking": [[28, 29]], "id": 29}, {"box": [829, 493, 879, 893], "text": "600.00", "label": "others", "words": [{"box": [829, 493, 879, 893], "text": "600.00"}], "linking": [], "id": 30}, {"box": [497, 495, 604, 615], "text": "TOTAL DUE (GBP)", "label": "others", "words": [{"box": [497, 495, 604, 615], "text": "TOTAL DUE (GBP)"}], "linking": [], "id": 31}, {"box": [765, 527, 885, 896], "text": "Issued by, signature:.", "label": "others", "words": [{"box": [765, 527, 885, 896], "text": "Issued by, signature:."}], "linking": [], "id": 32}, {"box": [609, 538, 884, 902], "text": "Ellinqton Wood Decor", "label": "others", "words": [{"box": [609, 538, 884, 902], "text": "Ellinqton Wood Decor"}], "linking": [], "id": 33}, {"box": [108, 209, 234, 249], "text": "Vendor:", "label": "vendor_address_title", "words": [{"box": [108, 209, 234, 249], "text": "Vendor:"}], "linking": [[34, 3]], "id": 34}]}