{"form": [{"box": [86, 69, 254, 268], "text": "Purchase order", "label": "others", "words": [{"box": [86, 69, 254, 268], "text": "Purchase order"}], "linking": [], "id": 0}, {"box": [762, 152, 881, 900], "text": "Garden", "label": "others", "words": [{"box": [762, 152, 881, 900], "text": "Garden"}], "linking": [], "id": 1}, {"box": [764, 175, 880, 899], "text": "repairs", "label": "others", "words": [{"box": [764, 175, 880, 899], "text": "repairs"}], "linking": [], "id": 2}, {"box": [85, 212, 439, 449], "text": "Garden Repairs, 126 Industry Road, Auckland 1061, New Zealand", "label": "vendor_address", "words": [{"box": [85, 212, 439, 449], "text": "Garden Repairs, 126 Industry Road, Auckland 1061, New Zealand"}], "linking": [[35, 3]], "id": 3}, {"box": [83, 234, 116, 128], "text": "FOR", "label": "sender_address_title", "words": [{"box": [83, 234, 116, 128], "text": "FOR"}], "linking": [[4, 6], [4, 8], [4, 11], [4, 12]], "id": 4}, {"box": [846, 247, 913, 924], "text": "PO2022006", "label": "po_no", "words": [{"box": [846, 247, 913, 924], "text": "PO2022006"}], "linking": [[7, 5]], "id": 5}, {"box": [83, 249, 146, 157], "text": "Your client", "label": "sender_address", "words": [{"box": [83, 249, 146, 157], "text": "Your client"}], "linking": [[4, 6]], "id": 6}, {"box": [689, 247, 747, 758], "text": "Order No.:", "label": "po_no_heading", "words": [{"box": [689, 247, 747, 758], "text": "Order No.:"}], "linking": [[7, 5]], "id": 7}, {"box": [85, 259, 173, 184], "text": "75 Hamlin Road", "label": "sender_address", "words": [{"box": [85, 259, 173, 184], "text": "75 Hamlin Road"}], "linking": [[4, 8]], "id": 8}, {"box": [687, 259, 747, 757], "text": "Issue date:", "label": "date_heading", "words": [{"box": [687, 259, 747, 757], "text": "Issue date:"}], "linking": [[9, 10]], "id": 9}, {"box": [844, 259, 914, 924], "text": "20. 10. 2022", "label": "po_date", "words": [{"box": [844, 259, 914, 924], "text": "20. 10. 2022"}], "linking": [[9, 10]], "id": 10}, {"box": [84, 272, 167, 178], "text": " Auckland 1060", "label": "sender_address", "words": [{"box": [84, 272, 167, 178], "text": " Auckland 1060"}], "linking": [[4, 11]], "id": 11}, {"box": [82, 284, 159, 170], "text": " New Zealand", "label": "sender_address", "words": [{"box": [82, 284, 159, 170], "text": " New Zealand"}], "linking": [[4, 12]], "id": 12}, {"box": [584, 319, 677, 692], "text": "Total due (NZD)", "label": "others", "words": [{"box": [584, 319, 677, 692], "text": "Total due (NZD)"}], "linking": [], "id": 13}, {"box": [85, 320, 140, 151], "text": "Order No.", "label": "others", "words": [{"box": [85, 320, 140, 151], "text": "Order No."}], "linking": [], "id": 14}, {"box": [342, 320, 402, 413], "text": "Issue date", "label": "others", "words": [{"box": [342, 320, 402, 413], "text": "Issue date"}], "linking": [], "id": 15}, {"box": [86, 332, 193, 207], "text": "PO2022006", "label": "others", "words": [{"box": [86, 332, 193, 207], "text": "PO2022006"}], "linking": [], "id": 16}, {"box": [342, 332, 455, 469], "text": "20. 10. 2022", "label": "others", "words": [{"box": [342, 332, 455, 469], "text": "20. 10. 2022"}], "linking": [], "id": 17}, {"box": [586, 334, 668, 684], "text": "100,00 $", "label": "others", "words": [{"box": [586, 334, 668, 684], "text": "100,00 $"}], "linking": [], "id": 18}, {"box": [78, 373, 151, 166], "text": "Description", "label": "column_name", "words": [{"box": [78, 373, 151, 166], "text": "Description"}], "linking": [[19, 25]], "id": 19}, {"box": [435, 373, 490, 504], "text": "Quantity", "label": "column_name", "words": [{"box": [435, 373, 490, 504], "text": "Quantity"}], "linking": [[20, 36]], "id": 20}, {"box": [639, 373, 718, 733], "text": "Unit price ($)", "label": "column_name", "words": [{"box": [639, 373, 718, 733], "text": "Unit price ($)"}], "linking": [[21, 23]], "id": 21}, {"box": [851, 373, 919, 934], "text": "Amount ($)", "label": "column_name", "words": [{"box": [851, 373, 919, 934], "text": "Amount ($)"}], "linking": [[22, 24]], "id": 22}, {"box": [677, 397, 719, 733], "text": "100,00", "label": "column_value", "words": [{"box": [677, 397, 719, 733], "text": "100,00"}], "linking": [[21, 23]], "id": 23}, {"box": [877, 396, 922, 937], "text": "100,00", "label": "column_value", "words": [{"box": [877, 396, 922, 937], "text": "100,00"}], "linking": [[22, 24]], "id": 24}, {"box": [82, 398, 164, 175], "text": "Sample service", "label": "column_value", "words": [{"box": [82, 398, 164, 175], "text": "Sample service"}], "linking": [[19, 25]], "id": 25}, {"box": [79, 418, 169, 184], "text": "Total (NZD):", "label": "total_id", "words": [{"box": [79, 418, 169, 184], "text": "Total (NZD):"}], "linking": [[26, 27]], "id": 26}, {"box": [856, 417, 920, 935], "text": "100,00 $", "label": "total_cost", "words": [{"box": [856, 417, 920, 935], "text": "100,00 $"}], "linking": [[26, 27]], "id": 27}, {"box": [795, 451, 917, 930], "text": "Issued by, signature:", "label": "others", "words": [{"box": [795, 451, 917, 930], "text": "Issued by, signature:"}], "linking": [], "id": 28}, {"box": [683, 476, 902, 927], "text": "Garden Renairs", "label": "others", "words": [{"box": [683, 476, 902, 927], "text": "Garden Renairs"}], "linking": [], "id": 29}, {"box": [75, 874, 158, 169], "text": " Garden Repairs", "label": "others", "words": [{"box": [75, 874, 158, 169], "text": " Garden Repairs"}], "linking": [], "id": 30}, {"box": [76, 884, 169, 180], "text": "126 Industry Road", "label": "others", "words": [{"box": [76, 884, 169, 180], "text": "126 Industry Road"}], "linking": [], "id": 31}, {"box": [76, 896, 152, 162], "text": "Auckland 1061", "label": "others", "words": [{"box": [76, 896, 152, 162], "text": "Auckland 1061"}], "linking": [], "id": 32}, {"box": [73, 908, 144, 155], "text": " New Zealand", "label": "others", "words": [{"box": [73, 908, 144, 155], "text": " New Zealand"}], "linking": [], "id": 33}, {"box": [809, 936, 919, 950], "text": "PDF", "label": "others", "words": [{"box": [809, 936, 919, 950], "text": "PDF"}], "linking": [], "id": 34}, {"box": [80, 192, 181, 195], "text": "Vendor:", "label": "vendor_address_title", "words": [{"box": [80, 192, 181, 195], "text": "Vendor:"}], "linking": [[35, 3]], "id": 35}, {"box": [469, 397, 499, 510], "text": "1", "label": "column_value", "words": [{"box": [469, 397, 499, 510], "text": "1"}], "linking": [[20, 36]], "id": 36}]}