{"form": [{"box": [42, 37, 268, 286], "text": "Purchase Order.", "label": "others", "words": [{"box": [42, 37, 268, 286], "text": "Purchase Order."}], "linking": [], "id": 0}, {"box": [737, 41, 788, 830], "text": "F", "label": "others", "words": [{"box": [737, 41, 788, 830], "text": "F"}], "linking": [], "id": 1}, {"box": [803, 34, 972, 997], "text": "FOOBAR", "label": "others", "words": [{"box": [803, 34, 972, 997], "text": "FOOBAR"}], "linking": [], "id": 2}, {"box": [804, 61, 901, 927], "text": "LABS", "label": "others", "words": [{"box": [804, 61, 901, 927], "text": "LABS"}], "linking": [], "id": 3}, {"box": [39, 70, 96, 108], "text": "Invoice#", "label": "po_no_heading", "words": [{"box": [39, 70, 96, 108], "text": "Invoice#"}], "linking": [[4, 5]], "id": 4}, {"box": [140, 68, 180, 195], "text": " 0046", "label": "po_no", "words": [{"box": [140, 68, 180, 195], "text": " 0046"}], "linking": [[4, 5]], "id": 5}, {"box": [39, 93, 124, 136], "text": "Invoice Date", "label": "date_heading", "words": [{"box": [39, 93, 124, 136], "text": "Invoice Date"}], "linking": [[6, 7]], "id": 6}, {"box": [144, 93, 234, 246], "text": "Dec 16, 2020", "label": "po_date", "words": [{"box": [144, 93, 234, 246], "text": "Dec 16, 2020"}], "linking": [[6, 7]], "id": 7}, {"box": [37, 115, 105, 120], "text": "Due Date", "label": "others", "words": [{"box": [37, 115, 105, 120], "text": "Due Date"}], "linking": [], "id": 8}, {"box": [142, 116, 230, 242], "text": "Jan 17, 2021", "label": "others", "words": [{"box": [142, 116, 230, 242], "text": "Jan 17, 2021"}], "linking": [], "id": 9}, {"box": [64, 167, 139, 153], "text": "Order By", "label": "sender_address_title", "words": [{"box": [64, 167, 139, 153], "text": "Order By"}], "linking": [[10, 12], [10, 14], [10, 16], [10, 18], [10, 19], [10, 22], [10, 23]], "id": 10}, {"box": [538, 167, 605, 617], "text": "Order To", "label": "vendor_address_title", "words": [{"box": [538, 167, 605, 617], "text": "Order To"}], "linking": [[11, 13], [11, 15], [11, 17], [11, 20], [11, 21], [11, 24], [11, 25]], "id": 11}, {"box": [68, 185, 141, 151], "text": "Foobar Labs", "label": "sender_address", "words": [{"box": [68, 185, 141, 151], "text": "Foobar Labs"}], "linking": [[10, 12]], "id": 12}, {"box": [536, 185, 604, 614], "text": "Wox Studio", "label": "vendor_address", "words": [{"box": [536, 185, 604, 614], "text": "Wox Studio"}], "linking": [[11, 13]], "id": 13}, {"box": [66, 197, 236, 250], "text": "46, Raghuveer Dham Societye", "label": "sender_address", "words": [{"box": [66, 197, 236, 250], "text": "46, Raghuveer Dham Societye"}], "linking": [[10, 14]], "id": 14}, {"box": [536, 198, 746, 757], "text": "305, 3rd Floor Orion mall, Bengaluru,", "label": "vendor_address", "words": [{"box": [536, 198, 746, 757], "text": "305, 3rd Floor Orion mall, Bengaluru,"}], "linking": [[11, 15]], "id": 15}, {"box": [66, 212, 238, 248], "text": "Surat, Gujarat, India - 395006", "label": "sender_address", "words": [{"box": [66, 212, 238, 248], "text": "Surat, Gujarat, India - 395006"}], "linking": [[10, 16]], "id": 16}, {"box": [536, 212, 688, 698], "text": "Karnataka, India - 560055", "label": "vendor_address", "words": [{"box": [536, 212, 688, 698], "text": "Karnataka, India - 560055"}], "linking": [[11, 17]], "id": 17}, {"box": [64, 228, 106, 117], "text": "GSTIN", "label": "sender_address", "words": [{"box": [64, 228, 106, 117], "text": "GSTIN"}], "linking": [[10, 18]], "id": 18}, {"box": [112, 229, 230, 240], "text": "29ABCED1234F2Z5", "label": "sender_address", "words": [{"box": [112, 229, 230, 240], "text": "29ABCED1234F2Z5"}], "linking": [[10, 19]], "id": 19}, {"box": [536, 228, 580, 591], "text": "GSTIN", "label": "vendor_address", "words": [{"box": [536, 228, 580, 591], "text": "GSTIN"}], "linking": [[11, 20]], "id": 20}, {"box": [584, 229, 700, 710], "text": "29VGCED1234K2Z6", "label": "vendor_address", "words": [{"box": [584, 229, 700, 710], "text": "29VGCED1234K2Z6"}], "linking": [[11, 21]], "id": 21}, {"box": [62, 244, 94, 106], "text": "PAN", "label": "sender_address", "words": [{"box": [62, 244, 94, 106], "text": "PAN"}], "linking": [[10, 22]], "id": 22}, {"box": [116, 245, 194, 205], "text": "ABCED1234F", "label": "sender_address", "words": [{"box": [116, 245, 194, 205], "text": "ABCED1234F"}], "linking": [[10, 23]], "id": 23}, {"box": [536, 243, 566, 577], "text": "PAN", "label": "vendor_address", "words": [{"box": [536, 243, 566, 577], "text": "PAN"}], "linking": [[11, 24]], "id": 24}, {"box": [586, 243, 666, 677], "text": "VGCED1234K", "label": "vendor_address", "words": [{"box": [586, 243, 666, 677], "text": "VGCED1234K"}], "linking": [[11, 25]], "id": 25}, {"box": [174, 278, 266, 277], "text": "Place of Supply", "label": "others", "words": [{"box": [174, 278, 266, 277], "text": "Place of Supply"}], "linking": [], "id": 26}, {"box": [286, 278, 354, 365], "text": "Karnataka", "label": "others", "words": [{"box": [286, 278, 354, 365], "text": "Karnataka"}], "linking": [], "id": 27}, {"box": [654, 279, 761, 772], "text": "Country of Supply", "label": "others", "words": [{"box": [654, 279, 761, 772], "text": "Country of Supply"}], "linking": [], "id": 28}, {"box": [780, 279, 816, 828], "text": "India", "label": "others", "words": [{"box": [780, 279, 816, 828], "text": "India"}], "linking": [], "id": 29}, {"box": [62, 315, 218, 229], "text": "Item #/Item description", "label": "column_name", "words": [{"box": [62, 315, 218, 229], "text": "Item #/Item description"}], "linking": [[30, 38], [30, 46], [30, 54], [30, 62]], "id": 30}, {"box": [346, 315, 378, 390], "text": "HSN", "label": "column_name", "words": [{"box": [346, 315, 378, 390], "text": "HSN"}], "linking": [[31, 39], [31, 47], [31, 55], [31, 63]], "id": 31}, {"box": [422, 315, 454, 468], "text": "Qty.", "label": "column_name", "words": [{"box": [422, 315, 454, 468], "text": "Qty."}], "linking": [[32, 40], [32, 48], [32, 56], [32, 64]], "id": 32}, {"box": [492, 315, 524, 536], "text": "GST", "label": "column_name", "words": [{"box": [492, 315, 524, 536], "text": "GST"}], "linking": [[33, 41], [33, 49], [33, 57], [33, 65]], "id": 33}, {"box": [558, 315, 666, 677], "text": "Taxable Amount", "label": "column_name", "words": [{"box": [558, 315, 666, 677], "text": "Taxable Amount"}], "linking": [[34, 42], [34, 50], [34, 58], [34, 66]], "id": 34}, {"box": [698, 315, 737, 749], "text": " SGST", "label": "column_name", "words": [{"box": [698, 315, 737, 749], "text": " SGST"}], "linking": [[35, 43], [35, 51], [35, 59], [35, 67]], "id": 35}, {"box": [775, 315, 815, 827], "text": "CGST", "label": "column_name", "words": [{"box": [775, 315, 815, 827], "text": "CGST"}], "linking": [[36, 44], [36, 52], [36, 60], [36, 68]], "id": 36}, {"box": [882, 315, 941, 956], "text": "Amount", "label": "column_name", "words": [{"box": [882, 315, 941, 956], "text": "Amount"}], "linking": [[37, 45], [37, 53], [37, 61], [37, 69]], "id": 37}, {"box": [58, 350, 238, 249], "text": "1. Basic Web Development", "label": "column_value", "words": [{"box": [58, 350, 238, 249], "text": "1. Basic Web Development"}], "linking": [[30, 38]], "id": 38}, {"box": [348, 349, 375, 389], "text": " 02", "label": "column_value", "words": [{"box": [348, 349, 375, 389], "text": " 02"}], "linking": [[31, 39]], "id": 39}, {"box": [425, 349, 449, 463], "text": "10", "label": "column_value", "words": [{"box": [425, 349, 449, 463], "text": "10"}], "linking": [[32, 40]], "id": 40}, {"box": [498, 349, 526, 540], "text": "9%", "label": "column_value", "words": [{"box": [498, 349, 526, 540], "text": "9%"}], "linking": [[33, 41]], "id": 41}, {"box": [568, 350, 650, 661], "text": " 10,000.00", "label": "column_value", "words": [{"box": [568, 350, 650, 661], "text": " 10,000.00"}], "linking": [[34, 42]], "id": 42}, {"box": [700, 349, 739, 751], "text": "900", "label": "column_value", "words": [{"box": [700, 349, 739, 751], "text": "900"}], "linking": [[35, 43]], "id": 43}, {"box": [776, 350, 814, 826], "text": "900", "label": "column_value", "words": [{"box": [776, 350, 814, 826], "text": "900"}], "linking": [[36, 44]], "id": 44}, {"box": [860, 350, 938, 949], "text": " 11,800.00", "label": "column_value", "words": [{"box": [860, 350, 938, 949], "text": " 11,800.00"}], "linking": [[37, 45]], "id": 45}, {"box": [60, 386, 161, 172], "text": "2. Logo Design", "label": "column_value", "words": [{"box": [60, 386, 161, 172], "text": "2. Logo Design"}], "linking": [[30, 46]], "id": 46}, {"box": [350, 383, 375, 389], "text": "06", "label": "column_value", "words": [{"box": [350, 383, 375, 389], "text": "06"}], "linking": [[31, 47]], "id": 47}, {"box": [428, 384, 442, 453], "text": "1", "label": "column_value", "words": [{"box": [428, 384, 442, 453], "text": "1"}], "linking": [[32, 48]], "id": 48}, {"box": [500, 383, 526, 540], "text": "9%", "label": "column_value", "words": [{"box": [500, 383, 526, 540], "text": "9%"}], "linking": [[33, 49]], "id": 49}, {"box": [568, 384, 650, 661], "text": "10,000.00", "label": "column_value", "words": [{"box": [568, 384, 650, 661], "text": "10,000.00"}], "linking": [[34, 50]], "id": 50}, {"box": [698, 383, 738, 754], "text": "900", "label": "column_value", "words": [{"box": [698, 383, 738, 754], "text": "900"}], "linking": [[35, 51]], "id": 51}, {"box": [775, 382, 815, 831], "text": "900", "label": "column_value", "words": [{"box": [775, 382, 815, 831], "text": "900"}], "linking": [[36, 52]], "id": 52}, {"box": [857, 383, 937, 952], "text": " 11,800.00", "label": "column_value", "words": [{"box": [857, 383, 937, 952], "text": " 11,800.00"}], "linking": [[37, 53]], "id": 53}, {"box": [59, 419, 157, 172], "text": "3. Web Design", "label": "column_value", "words": [{"box": [59, 419, 157, 172], "text": "3. Web Design"}], "linking": [[30, 54]], "id": 54}, {"box": [350, 419, 375, 389], "text": "06", "label": "column_value", "words": [{"box": [350, 419, 375, 389], "text": "06"}], "linking": [[31, 55]], "id": 55}, {"box": [428, 420, 442, 453], "text": "1", "label": "column_value", "words": [{"box": [428, 420, 442, 453], "text": "1"}], "linking": [[32, 56]], "id": 56}, {"box": [501, 419, 525, 540], "text": "9%", "label": "column_value", "words": [{"box": [501, 419, 525, 540], "text": "9%"}], "linking": [[33, 57]], "id": 57}, {"box": [567, 419, 651, 665], "text": "10,000.00", "label": "column_value", "words": [{"box": [567, 419, 651, 665], "text": "10,000.00"}], "linking": [[34, 58]], "id": 58}, {"box": [700, 419, 738, 750], "text": "900", "label": "column_value", "words": [{"box": [700, 419, 738, 750], "text": "900"}], "linking": [[35, 59]], "id": 59}, {"box": [776, 419, 815, 827], "text": "900", "label": "column_value", "words": [{"box": [776, 419, 815, 827], "text": "900"}], "linking": [[36, 60]], "id": 60}, {"box": [857, 419, 939, 953], "text": " 11,800.00", "label": "column_value", "words": [{"box": [857, 419, 939, 953], "text": " 11,800.00"}], "linking": [[37, 61]], "id": 61}, {"box": [60, 454, 264, 276], "text": "3. Full Stack Web development.", "label": "column_value", "words": [{"box": [60, 454, 264, 276], "text": "3. Full Stack Web development."}], "linking": [[30, 62]], "id": 62}, {"box": [350, 453, 375, 389], "text": "06", "label": "column_value", "words": [{"box": [350, 453, 375, 389], "text": "06"}], "linking": [[31, 63]], "id": 63}, {"box": [428, 454, 442, 454], "text": "1", "label": "column_value", "words": [{"box": [428, 454, 442, 454], "text": "1"}], "linking": [[32, 64]], "id": 64}, {"box": [500, 453, 526, 540], "text": "9%", "label": "column_value", "words": [{"box": [500, 453, 526, 540], "text": "9%"}], "linking": [[33, 65]], "id": 65}, {"box": [568, 454, 650, 662], "text": " 10,000.00", "label": "column_value", "words": [{"box": [568, 454, 650, 662], "text": " 10,000.00"}], "linking": [[34, 66]], "id": 66}, {"box": [700, 453, 739, 752], "text": "900", "label": "column_value", "words": [{"box": [700, 453, 739, 752], "text": "900"}], "linking": [[35, 67]], "id": 67}, {"box": [776, 453, 815, 828], "text": "900", "label": "column_value", "words": [{"box": [776, 453, 815, 828], "text": "900"}], "linking": [[36, 68]], "id": 68}, {"box": [860, 454, 936, 948], "text": " 11,800.00", "label": "column_value", "words": [{"box": [860, 454, 936, 948], "text": " 11,800.00"}], "linking": [[37, 69]], "id": 69}, {"box": [40, 497, 222, 232], "text": "Terms and Conditions", "label": "others", "words": [{"box": [40, 497, 222, 232], "text": "Terms and Conditions"}], "linking": [], "id": 70}, {"box": [575, 494, 656, 671], "text": "Sub Total", "label": "others", "words": [{"box": [575, 494, 656, 671], "text": "Sub Total"}], "linking": [], "id": 71}, {"box": [855, 495, 930, 944], "text": "240,000", "label": "others", "words": [{"box": [855, 495, 930, 944], "text": "240,000"}], "linking": [], "id": 72}, {"box": [39, 518, 482, 493], "text": "1. Please pay within 15 days from the date of invoice, overdue interest @ 14%", "label": "others", "words": [{"box": [39, 518, 482, 493], "text": "1. Please pay within 15 days from the date of invoice, overdue interest @ 14%"}], "linking": [], "id": 73}, {"box": [576, 523, 694, 705], "text": "Discount(10%)", "label": "others", "words": [{"box": [576, 523, 694, 705], "text": "Discount(10%)"}], "linking": [], "id": 74}, {"box": [859, 522, 931, 945], "text": "-4000", "label": "others", "words": [{"box": [859, 522, 931, 945], "text": "-4000"}], "linking": [], "id": 75}, {"box": [60, 531, 274, 285], "text": "will be charged on delayed payments.", "label": "others", "words": [{"box": [60, 531, 274, 285], "text": "will be charged on delayed payments."}], "linking": [], "id": 76}, {"box": [39, 549, 350, 361], "text": "2. Please quote invoice number when remitting funds.", "label": "others", "words": [{"box": [39, 549, 350, 361], "text": "2. Please quote invoice number when remitting funds."}], "linking": [], "id": 77}, {"box": [574, 548, 711, 726], "text": "Taxable Amount", "label": "others", "words": [{"box": [574, 548, 711, 726], "text": "Taxable Amount"}], "linking": [], "id": 78}, {"box": [858, 548, 932, 947], "text": "36,000", "label": "others", "words": [{"box": [858, 548, 932, 947], "text": "36,000"}], "linking": [], "id": 79}, {"box": [575, 575, 624, 639], "text": "CGST", "label": "others", "words": [{"box": [575, 575, 624, 639], "text": "CGST"}], "linking": [], "id": 80}, {"box": [868, 575, 931, 946], "text": "3,240", "label": "others", "words": [{"box": [868, 575, 931, 946], "text": "3,240"}], "linking": [], "id": 81}, {"box": [39, 605, 179, 193], "text": "Additional Notes", "label": "others", "words": [{"box": [39, 605, 179, 193], "text": "Additional Notes"}], "linking": [], "id": 82}, {"box": [575, 602, 624, 639], "text": "SGST", "label": "others", "words": [{"box": [575, 602, 624, 639], "text": "SGST"}], "linking": [], "id": 83}, {"box": [868, 602, 931, 946], "text": "3,240", "label": "others", "words": [{"box": [868, 602, 931, 946], "text": "3,240"}], "linking": [], "id": 84}, {"box": [39, 627, 460, 470], "text": "It is a long established fact that a reader will be distracted by the readable", "label": "others", "words": [{"box": [39, 627, 460, 470], "text": "It is a long established fact that a reader will be distracted by the readable"}], "linking": [], "id": 85}, {"box": [39, 640, 475, 486], "text": "content of a page when looking at its layout. The point of using Lorem Ipsum", "label": "others", "words": [{"box": [39, 640, 475, 486], "text": "content of a page when looking at its layout. The point of using Lorem Ipsum"}], "linking": [], "id": 86}, {"box": [574, 644, 627, 642], "text": "Total", "label": "total_id", "words": [{"box": [574, 644, 627, 642], "text": "Total"}], "linking": [[87, 88]], "id": 87}, {"box": [828, 642, 930, 948], "text": "42,480", "label": "total_id", "words": [{"box": [828, 642, 930, 948], "text": "42,480"}], "linking": [[87, 88]], "id": 88}, {"box": [39, 655, 450, 461], "text": "is that it has a more-or-less normal distribution of letters, as opposed to.", "label": "others", "words": [{"box": [39, 655, 450, 461], "text": "is that it has a more-or-less normal distribution of letters, as opposed to."}], "linking": [], "id": 89}, {"box": [39, 670, 235, 246], "text": "using 'Content here, content here.", "label": "others", "words": [{"box": [39, 670, 235, 246], "text": "using 'Content here, content here."}], "linking": [], "id": 90}, {"box": [574, 672, 728, 741], "text": " Invoice Total (in words).", "label": "others", "words": [{"box": [574, 672, 728, 741], "text": " Invoice Total (in words)."}], "linking": [], "id": 91}, {"box": [575, 690, 900, 913], "text": "Forty-Two Thousand Four Hundred And.", "label": "others", "words": [{"box": [575, 690, 900, 913], "text": "Forty-Two Thousand Four Hundred And."}], "linking": [], "id": 92}, {"box": [576, 706, 737, 751], "text": "Eighty Rupees Only", "label": "others", "words": [{"box": [576, 706, 737, 751], "text": "Eighty Rupees Only"}], "linking": [], "id": 93}, {"box": [39, 715, 350, 361], "text": "For any enquiries, email us on foobarlabs@gmail.com.", "label": "others", "words": [{"box": [39, 715, 350, 361], "text": "For any enquiries, email us on foobarlabs@gmail.com."}], "linking": [], "id": 94}, {"box": [372, 715, 450, 461], "text": "or call us on", "label": "others", "words": [{"box": [372, 715, 450, 461], "text": "or call us on"}], "linking": [], "id": 95}, {"box": [39, 728, 143, 154], "text": "+91 98765 43210", "label": "others", "words": [{"box": [39, 728, 143, 154], "text": "+91 98765 43210"}], "linking": [], "id": 96}]}