{"form": [{"box": [380, 38, 620, 641], "text": "Purchase Order", "label": "others", "words": [{"box": [380, 38, 620, 641], "text": "Purchase Order"}], "linking": [], "id": 0}, {"box": [112, 78, 262, 284], "text": "FOOBAR", "label": "others", "words": [{"box": [112, 78, 262, 284], "text": "FOOBAR"}], "linking": [], "id": 1}, {"box": [770, 78, 825, 836], "text": "Involce#", "label": "po_no_heading", "words": [{"box": [770, 78, 825, 836], "text": "Involce#"}], "linking": [[2, 3]], "id": 2}, {"box": [873, 77, 905, 917], "text": "004", "label": "po_no", "words": [{"box": [873, 77, 905, 917], "text": "004"}], "linking": [[2, 3]], "id": 3}, {"box": [106, 98, 202, 228], "text": "LABS", "label": "others", "words": [{"box": [106, 98, 202, 228], "text": "LABS"}], "linking": [], "id": 4}, {"box": [772, 101, 847, 858], "text": "Invoice Date", "label": "date_heading", "words": [{"box": [772, 101, 847, 858], "text": "Invoice Date"}], "linking": [[5, 6]], "id": 5}, {"box": [875, 100, 955, 966], "text": "JUN 19,2019", "label": "po_date", "words": [{"box": [875, 100, 955, 966], "text": "JUN 19,2019"}], "linking": [[5, 6]], "id": 6}, {"box": [768, 123, 829, 844], "text": "Due Date", "label": "others", "words": [{"box": [768, 123, 829, 844], "text": "Due Date"}], "linking": [], "id": 7}, {"box": [875, 123, 958, 969], "text": "JUN 28,2019", "label": "others", "words": [{"box": [875, 123, 958, 969], "text": "JUN 28,2019"}], "linking": [], "id": 8}, {"box": [63, 167, 138, 153], "text": "Order By", "label": "sender_address_title", "words": [{"box": [63, 167, 138, 153], "text": "Order By"}], "linking": [[9, 11], [9, 13], [9, 15], [9, 17], [9, 18], [9, 21], [9, 22]], "id": 9}, {"box": [536, 168, 606, 617], "text": "Order To", "label": "vendor_address_title", "words": [{"box": [536, 168, 606, 617], "text": "Order To"}], "linking": [[10, 12], [10, 14], [10, 16], [10, 19], [10, 20], [10, 23], [10, 24]], "id": 10}, {"box": [65, 185, 140, 151], "text": "Foobar Labs", "label": "sender_address", "words": [{"box": [65, 185, 140, 151], "text": "Foobar Labs"}], "linking": [[9, 11]], "id": 11}, {"box": [536, 184, 605, 616], "text": "Wox Studio", "label": "vendor_address", "words": [{"box": [536, 184, 605, 616], "text": "Wox Studio"}], "linking": [[10, 12]], "id": 12}, {"box": [66, 198, 234, 245], "text": "46.Raghuveer Dham Society", "label": "sender_address", "words": [{"box": [66, 198, 234, 245], "text": "46.Raghuveer Dham Society"}], "linking": [[9, 13]], "id": 13}, {"box": [534, 197, 745, 758], "text": "305, 3rd Floor Orion mall, Bengaluru,", "label": "vendor_address", "words": [{"box": [534, 197, 745, 758], "text": "305, 3rd Floor Orion mall, Bengaluru,"}], "linking": [[10, 14]], "id": 14}, {"box": [66, 212, 286, 296], "text": "Benglaluru,Karnataka,India -560054", "label": "sender_address", "words": [{"box": [66, 212, 286, 296], "text": "Benglaluru,Karnataka,India -560054"}], "linking": [[9, 15]], "id": 15}, {"box": [534, 212, 686, 696], "text": "Karnataka,India-560055", "label": "vendor_address", "words": [{"box": [534, 212, 686, 696], "text": "Karnataka,India-560055"}], "linking": [[10, 16]], "id": 16}, {"box": [64, 228, 108, 119], "text": "GSTIN", "label": "sender_address", "words": [{"box": [64, 228, 108, 119], "text": "GSTIN"}], "linking": [[9, 17]], "id": 17}, {"box": [112, 229, 230, 240], "text": "29ABCED1234F2Z5", "label": "sender_address", "words": [{"box": [112, 229, 230, 240], "text": "29ABCED1234F2Z5"}], "linking": [[9, 18]], "id": 18}, {"box": [536, 228, 580, 591], "text": "GSTIN", "label": "vendor_address", "words": [{"box": [536, 228, 580, 591], "text": "GSTIN"}], "linking": [[10, 19]], "id": 19}, {"box": [584, 229, 700, 710], "text": "29VGCED1234K2Z6", "label": "vendor_address", "words": [{"box": [584, 229, 700, 710], "text": "29VGCED1234K2Z6"}], "linking": [[10, 20]], "id": 20}, {"box": [64, 244, 93, 106], "text": "PAN", "label": "sender_address", "words": [{"box": [64, 244, 93, 106], "text": "PAN"}], "linking": [[9, 21]], "id": 21}, {"box": [116, 245, 194, 205], "text": "ABCED1234F", "label": "sender_address", "words": [{"box": [116, 245, 194, 205], "text": "ABCED1234F"}], "linking": [[9, 22]], "id": 22}, {"box": [534, 243, 566, 577], "text": "PAN", "label": "vendor_address", "words": [{"box": [534, 243, 566, 577], "text": "PAN"}], "linking": [[10, 23]], "id": 23}, {"box": [586, 243, 666, 677], "text": "VGCED1234K", "label": "vendor_address", "words": [{"box": [586, 243, 666, 677], "text": "VGCED1234K"}], "linking": [[10, 24]], "id": 24}, {"box": [173, 278, 266, 277], "text": "Place of Supply", "label": "others", "words": [{"box": [173, 278, 266, 277], "text": "Place of Supply"}], "linking": [], "id": 25}, {"box": [286, 278, 352, 363], "text": "Karnataka", "label": "others", "words": [{"box": [286, 278, 352, 363], "text": "Karnataka"}], "linking": [], "id": 26}, {"box": [653, 279, 761, 773], "text": "Country of Supply", "label": "others", "words": [{"box": [653, 279, 761, 773], "text": "Country of Supply"}], "linking": [], "id": 27}, {"box": [780, 279, 816, 827], "text": "India", "label": "others", "words": [{"box": [780, 279, 816, 827], "text": "India"}], "linking": [], "id": 28}, {"box": [62, 316, 219, 229], "text": "Item #/Item description", "label": "column_name", "words": [{"box": [62, 316, 219, 229], "text": "Item #/Item description"}], "linking": [[29, 37], [29, 45], [29, 53], [29, 61]], "id": 29}, {"box": [346, 314, 378, 391], "text": "HSN", "label": "column_name", "words": [{"box": [346, 314, 378, 391], "text": "HSN"}], "linking": [[30, 38], [30, 46], [30, 54], [30, 62]], "id": 30}, {"box": [422, 315, 455, 470], "text": "Qty.", "label": "column_name", "words": [{"box": [422, 315, 455, 470], "text": "Qty."}], "linking": [[31, 39], [31, 47], [31, 55], [31, 63]], "id": 31}, {"box": [492, 314, 525, 539], "text": "GST", "label": "column_name", "words": [{"box": [492, 314, 525, 539], "text": "GST"}], "linking": [[32, 40], [32, 48], [32, 56], [32, 64]], "id": 32}, {"box": [555, 315, 665, 676], "text": "Taxable Amount", "label": "column_name", "words": [{"box": [555, 315, 665, 676], "text": "Taxable Amount"}], "linking": [[33, 41], [33, 49], [33, 57], [33, 65]], "id": 33}, {"box": [698, 315, 738, 751], "text": "SGST", "label": "column_name", "words": [{"box": [698, 315, 738, 751], "text": "SGST"}], "linking": [[34, 42], [34, 50], [34, 58], [34, 66]], "id": 34}, {"box": [775, 315, 816, 829], "text": "CGST", "label": "column_name", "words": [{"box": [775, 315, 816, 829], "text": "CGST"}], "linking": [[35, 43], [35, 51], [35, 59], [35, 67]], "id": 35}, {"box": [882, 315, 941, 955], "text": "Amount", "label": "column_name", "words": [{"box": [882, 315, 941, 955], "text": "Amount"}], "linking": [[36, 44], [36, 52], [36, 60], [36, 68]], "id": 36}, {"box": [58, 350, 237, 248], "text": "1.Basic Web Development", "label": "column_value", "words": [{"box": [58, 350, 237, 248], "text": "1.Basic Web Development"}], "linking": [[29, 37]], "id": 37}, {"box": [348, 349, 375, 388], "text": " 02", "label": "column_value", "words": [{"box": [348, 349, 375, 388], "text": " 02"}], "linking": [[30, 38]], "id": 38}, {"box": [425, 348, 448, 462], "text": "10", "label": "column_value", "words": [{"box": [425, 348, 448, 462], "text": "10"}], "linking": [[31, 39]], "id": 39}, {"box": [498, 349, 527, 540], "text": "9%", "label": "column_value", "words": [{"box": [498, 349, 527, 540], "text": "9%"}], "linking": [[32, 40]], "id": 40}, {"box": [569, 350, 650, 661], "text": "10,000.00", "label": "column_value", "words": [{"box": [569, 350, 650, 661], "text": "10,000.00"}], "linking": [[33, 41]], "id": 41}, {"box": [700, 349, 739, 752], "text": "900", "label": "column_value", "words": [{"box": [700, 349, 739, 752], "text": "900"}], "linking": [[34, 42]], "id": 42}, {"box": [777, 349, 816, 829], "text": "900", "label": "column_value", "words": [{"box": [777, 349, 816, 829], "text": "900"}], "linking": [[35, 43]], "id": 43}, {"box": [857, 349, 938, 952], "text": "11,800.00", "label": "column_value", "words": [{"box": [857, 349, 938, 952], "text": "11,800.00"}], "linking": [[36, 44]], "id": 44}, {"box": [61, 386, 162, 173], "text": "2. Logo Design", "label": "column_value", "words": [{"box": [61, 386, 162, 173], "text": "2. Logo Design"}], "linking": [[29, 45]], "id": 45}, {"box": [350, 383, 375, 390], "text": "06", "label": "column_value", "words": [{"box": [350, 383, 375, 390], "text": "06"}], "linking": [[30, 46]], "id": 46}, {"box": [428, 384, 442, 453], "text": "1", "label": "column_value", "words": [{"box": [428, 384, 442, 453], "text": "1"}], "linking": [[31, 47]], "id": 47}, {"box": [500, 383, 527, 541], "text": "9%", "label": "column_value", "words": [{"box": [500, 383, 527, 541], "text": "9%"}], "linking": [[32, 48]], "id": 48}, {"box": [569, 384, 648, 659], "text": "10,000.00", "label": "column_value", "words": [{"box": [569, 384, 648, 659], "text": "10,000.00"}], "linking": [[33, 49]], "id": 49}, {"box": [699, 384, 739, 754], "text": "900", "label": "column_value", "words": [{"box": [699, 384, 739, 754], "text": "900"}], "linking": [[34, 50]], "id": 50}, {"box": [775, 384, 814, 829], "text": "900", "label": "column_value", "words": [{"box": [775, 384, 814, 829], "text": "900"}], "linking": [[35, 51]], "id": 51}, {"box": [859, 384, 936, 947], "text": "11,800.00", "label": "column_value", "words": [{"box": [859, 384, 936, 947], "text": "11,800.00"}], "linking": [[36, 52]], "id": 52}, {"box": [57, 419, 157, 172], "text": "3. Web Design", "label": "column_value", "words": [{"box": [57, 419, 157, 172], "text": "3. Web Design"}], "linking": [[29, 53]], "id": 53}, {"box": [350, 419, 375, 388], "text": "06", "label": "column_value", "words": [{"box": [350, 419, 375, 388], "text": "06"}], "linking": [[30, 54]], "id": 54}, {"box": [428, 419, 442, 453], "text": "1", "label": "column_value", "words": [{"box": [428, 419, 442, 453], "text": "1"}], "linking": [[31, 55]], "id": 55}, {"box": [500, 418, 527, 541], "text": "9%", "label": "column_value", "words": [{"box": [500, 418, 527, 541], "text": "9%"}], "linking": [[32, 56]], "id": 56}, {"box": [566, 419, 649, 664], "text": "10,000.00", "label": "column_value", "words": [{"box": [566, 419, 649, 664], "text": "10,000.00"}], "linking": [[33, 57]], "id": 57}, {"box": [700, 419, 738, 751], "text": "900", "label": "column_value", "words": [{"box": [700, 419, 738, 751], "text": "900"}], "linking": [[34, 58]], "id": 58}, {"box": [777, 419, 816, 829], "text": "900", "label": "column_value", "words": [{"box": [777, 419, 816, 829], "text": "900"}], "linking": [[35, 59]], "id": 59}, {"box": [857, 419, 938, 952], "text": "11,800.00", "label": "column_value", "words": [{"box": [857, 419, 938, 952], "text": "11,800.00"}], "linking": [[36, 60]], "id": 60}, {"box": [59, 454, 262, 273], "text": "3.Full Stack Web development", "label": "column_value", "words": [{"box": [59, 454, 262, 273], "text": "3.Full Stack Web development"}], "linking": [[29, 61]], "id": 61}, {"box": [348, 453, 375, 388], "text": "06", "label": "column_value", "words": [{"box": [348, 453, 375, 388], "text": "06"}], "linking": [[30, 62]], "id": 62}, {"box": [428, 454, 442, 453], "text": "1", "label": "column_value", "words": [{"box": [428, 454, 442, 453], "text": "1"}], "linking": [[31, 63]], "id": 63}, {"box": [498, 453, 527, 540], "text": "9%", "label": "column_value", "words": [{"box": [498, 453, 527, 540], "text": "9%"}], "linking": [[32, 64]], "id": 64}, {"box": [569, 454, 648, 659], "text": "10,000.00", "label": "column_value", "words": [{"box": [569, 454, 648, 659], "text": "10,000.00"}], "linking": [[33, 65]], "id": 65}, {"box": [700, 453, 739, 752], "text": "900", "label": "column_value", "words": [{"box": [700, 453, 739, 752], "text": "900"}], "linking": [[34, 66]], "id": 66}, {"box": [777, 453, 816, 829], "text": "900", "label": "column_value", "words": [{"box": [777, 453, 816, 829], "text": "900"}], "linking": [[35, 67]], "id": 67}, {"box": [859, 454, 936, 947], "text": "11,800.00", "label": "column_value", "words": [{"box": [859, 454, 936, 947], "text": "11,800.00"}], "linking": [[36, 68]], "id": 68}, {"box": [39, 495, 225, 238], "text": "Terms and Conditions", "label": "others", "words": [{"box": [39, 495, 225, 238], "text": "Terms and Conditions"}], "linking": [], "id": 69}, {"box": [575, 494, 656, 670], "text": "Sub Total", "label": "others", "words": [{"box": [575, 494, 656, 670], "text": "Sub Total"}], "linking": [], "id": 70}, {"box": [856, 494, 931, 945], "text": "40,000", "label": "others", "words": [{"box": [856, 494, 931, 945], "text": "40,000"}], "linking": [], "id": 71}, {"box": [39, 517, 483, 494], "text": "1.  Please pay within 15 days from the date of invoice, overdue interest @ 14%", "label": "others", "words": [{"box": [39, 517, 483, 494], "text": "1.  Please pay within 15 days from the date of invoice, overdue interest @ 14%"}], "linking": [], "id": 72}, {"box": [577, 523, 694, 705], "text": "Discount(10%)", "label": "others", "words": [{"box": [577, 523, 694, 705], "text": "Discount(10%)"}], "linking": [], "id": 73}, {"box": [859, 522, 930, 945], "text": "-4000", "label": "others", "words": [{"box": [859, 522, 930, 945], "text": "-4000"}], "linking": [], "id": 74}, {"box": [59, 531, 273, 284], "text": "will be charged on delayed payments.", "label": "others", "words": [{"box": [59, 531, 273, 284], "text": "will be charged on delayed payments."}], "linking": [], "id": 75}, {"box": [39, 550, 353, 364], "text": "2. Please quote invoice number when remitting funds.", "label": "others", "words": [{"box": [39, 550, 353, 364], "text": "2. Please quote invoice number when remitting funds."}], "linking": [], "id": 76}, {"box": [575, 549, 711, 724], "text": "Taxable Amount", "label": "others", "words": [{"box": [575, 549, 711, 724], "text": "Taxable Amount"}], "linking": [], "id": 77}, {"box": [858, 548, 931, 946], "text": "36,000", "label": "others", "words": [{"box": [858, 548, 931, 946], "text": "36,000"}], "linking": [], "id": 78}, {"box": [575, 575, 625, 639], "text": "CGST", "label": "others", "words": [{"box": [575, 575, 625, 639], "text": "CGST"}], "linking": [], "id": 79}, {"box": [869, 575, 931, 945], "text": "3,240", "label": "others", "words": [{"box": [869, 575, 931, 945], "text": "3,240"}], "linking": [], "id": 80}, {"box": [39, 608, 180, 190], "text": "Additional Notes", "label": "others", "words": [{"box": [39, 608, 180, 190], "text": "Additional Notes"}], "linking": [], "id": 81}, {"box": [575, 602, 625, 640], "text": "SGST", "label": "others", "words": [{"box": [575, 602, 625, 640], "text": "SGST"}], "linking": [], "id": 82}, {"box": [869, 602, 931, 946], "text": "3,240", "label": "others", "words": [{"box": [869, 602, 931, 946], "text": "3,240"}], "linking": [], "id": 83}, {"box": [39, 626, 459, 469], "text": "It is a long established fact that a reader will be distracted by the readable", "label": "others", "words": [{"box": [39, 626, 459, 469], "text": "It is a long established fact that a reader will be distracted by the readable"}], "linking": [], "id": 84}, {"box": [38, 640, 478, 491], "text": "content of a page when looking at its layout. The point of using Lorem Ipsum", "label": "others", "words": [{"box": [38, 640, 478, 491], "text": "content of a page when looking at its layout. The point of using Lorem Ipsum"}], "linking": [], "id": 85}, {"box": [573, 644, 627, 642], "text": "Total", "label": "total_id", "words": [{"box": [573, 644, 627, 642], "text": "Total"}], "linking": [[86, 87]], "id": 86}, {"box": [828, 642, 930, 947], "text": "42,480", "label": "total_cost", "words": [{"box": [828, 642, 930, 947], "text": "42,480"}], "linking": [[86, 87]], "id": 87}, {"box": [39, 655, 452, 462], "text": "Is that it has a more-or-less normal distribution of letters, as opposed to", "label": "others", "words": [{"box": [39, 655, 452, 462], "text": "Is that it has a more-or-less normal distribution of letters, as opposed to"}], "linking": [], "id": 88}, {"box": [39, 669, 234, 245], "text": "using Content here, content here.", "label": "others", "words": [{"box": [39, 669, 234, 245], "text": "using Content here, content here."}], "linking": [], "id": 89}, {"box": [575, 673, 730, 743], "text": "Invoice Total (in words)", "label": "others", "words": [{"box": [575, 673, 730, 743], "text": "Invoice Total (in words)"}], "linking": [], "id": 90}, {"box": [577, 691, 902, 915], "text": "Forty-Two Thousand Four Hundred And.", "label": "others", "words": [{"box": [577, 691, 902, 915], "text": "Forty-Two Thousand Four Hundred And."}], "linking": [], "id": 91}, {"box": [577, 706, 738, 751], "text": "Eighty Rupees Only", "label": "others", "words": [{"box": [577, 706, 738, 751], "text": "Eighty Rupees Only"}], "linking": [], "id": 92}, {"box": [39, 714, 455, 465], "text": "For any enquiries, email us on sandeep886626@gmail.com or call us on", "label": "others", "words": [{"box": [39, 714, 455, 465], "text": "For any enquiries, email us on sandeep886626@gmail.com or call us on"}], "linking": [], "id": 93}, {"box": [38, 728, 140, 151], "text": "+917016668462", "label": "others", "words": [{"box": [38, 728, 140, 151], "text": "+917016668462"}], "linking": [], "id": 94}, {"box": [575, 741, 698, 711], "text": "EarlyPay Discount", "label": "others", "words": [{"box": [575, 741, 698, 711], "text": "EarlyPay Discount"}], "linking": [], "id": 95}, {"box": [883, 741, 931, 946], "text": "200", "label": "others", "words": [{"box": [883, 741, 931, 946], "text": "200"}], "linking": [], "id": 96}, {"box": [575, 755, 759, 769], "text": "if paid before Dec 19, 2019 | 09:00 PM", "label": "others", "words": [{"box": [575, 755, 759, 769], "text": "if paid before Dec 19, 2019 | 09:00 PM"}], "linking": [], "id": 97}, {"box": [577, 778, 720, 733], "text": "EarlyPay Amount", "label": "others", "words": [{"box": [577, 778, 720, 733], "text": "EarlyPay Amount"}], "linking": [], "id": 98}, {"box": [854, 778, 929, 944], "text": "42,280", "label": "others", "words": [{"box": [854, 778, 929, 944], "text": "42,280"}], "linking": [], "id": 99}]}