{"form": [{"box": [526, 34, 577, 592], "text": "Billed by", "label": "sender_address_title", "words": [{"box": [526, 34, 577, 592], "text": "Billed by"}], "linking": [[0, 3], [0, 6], [0, 7]], "id": 0}, {"box": [54, 43, 394, 419], "text": "Purchase Order", "label": "others", "words": [{"box": [54, 43, 394, 419], "text": "Purchase Order"}], "linking": [], "id": 1}, {"box": [825, 41, 950, 972], "text": "FOOBAR", "label": "others", "words": [{"box": [825, 41, 950, 972], "text": "FOOBAR"}], "linking": [], "id": 2}, {"box": [526, 52, 630, 642], "text": "Foobar Labs", "label": "sender_address", "words": [{"box": [526, 52, 630, 642], "text": "Foobar Labs"}], "linking": [[0, 3]], "id": 3}, {"box": [780, 52, 806, 829], "text": "F", "label": "others", "words": [{"box": [780, 52, 806, 829], "text": "F"}], "linking": [], "id": 4}, {"box": [822, 64, 904, 926], "text": "LABS", "label": "others", "words": [{"box": [822, 64, 904, 926], "text": "LABS"}], "linking": [], "id": 5}, {"box": [526, 71, 692, 703], "text": "46, Raghuveer Dham Society", "label": "sender_address", "words": [{"box": [526, 71, 692, 703], "text": "46, Raghuveer Dham Society"}], "linking": [[0, 6]], "id": 6}, {"box": [526, 84, 696, 707], "text": "Surat, Gujarat, India - 394210", "label": "sender_address", "words": [{"box": [526, 84, 696, 707], "text": "Surat, Gujarat, India - 394210"}], "linking": [[0, 7]], "id": 7}, {"box": [48, 165, 116, 128], "text": "I Order By", "label": "vendor_address_title", "words": [{"box": [48, 165, 116, 128], "text": "I Order By"}], "linking": [[8, 11], [8, 16], [8, 20], [8, 23], [8, 24]], "id": 8}, {"box": [525, 167, 590, 601], "text": "Order To", "label": "others", "words": [{"box": [525, 167, 590, 601], "text": "Order To"}], "linking": [], "id": 9}, {"box": [758, 167, 868, 879], "text": "Payment Record", "label": "others", "words": [{"box": [758, 167, 868, 879], "text": "Payment Record"}], "linking": [], "id": 10}, {"box": [49, 182, 145, 160], "text": "Studio Den", "label": "vendor_address", "words": [{"box": [49, 182, 145, 160], "text": "Studio Den"}], "linking": [[8, 11]], "id": 11}, {"box": [525, 185, 585, 597], "text": "Invoice #", "label": "po_no_heading", "words": [{"box": [525, 185, 585, 597], "text": "Invoice #"}], "linking": [[12, 13]], "id": 12}, {"box": [612, 185, 644, 656], "text": "003", "label": "po_no", "words": [{"box": [612, 185, 644, 656], "text": "003"}], "linking": [[12, 13]], "id": 13}, {"box": [758, 186, 840, 852], "text": "Paid Amount", "label": "others", "words": [{"box": [758, 186, 840, 852], "text": "Paid Amount"}], "linking": [], "id": 14}, {"box": [852, 188, 870, 879], "text": "0", "label": "others", "words": [{"box": [852, 188, 870, 879], "text": "0"}], "linking": [], "id": 15}, {"box": [50, 202, 260, 270], "text": "305, 3rd Floor Orion mall, Bengaluru", "label": "vendor_address", "words": [{"box": [50, 202, 260, 270], "text": "305, 3rd Floor Orion mall, Bengaluru"}], "linking": [[8, 16]], "id": 16}, {"box": [525, 203, 601, 612], "text": "Invoice Date", "label": "date_heading", "words": [{"box": [525, 203, 601, 612], "text": "Invoice Date"}], "linking": [[17, 110]], "id": 17}, {"box": [758, 206, 838, 848], "text": "Due Amount", "label": "others", "words": [{"box": [758, 206, 838, 848], "text": "Due Amount"}], "linking": [], "id": 18}, {"box": [852, 205, 948, 963], "text": "36,000", "label": "others", "words": [{"box": [852, 205, 948, 963], "text": "36,000"}], "linking": [], "id": 19}, {"box": [50, 216, 204, 214], "text": "Karnataka, India - 560055", "label": "vendor_address", "words": [{"box": [50, 216, 204, 214], "text": "Karnataka, India - 560055"}], "linking": [[8, 20]], "id": 20}, {"box": [525, 220, 585, 595], "text": "Due Date", "label": "others", "words": [{"box": [525, 220, 585, 595], "text": "Due Date"}], "linking": [], "id": 21}, {"box": [614, 219, 690, 701], "text": "FEB 19, 2020", "label": "others", "words": [{"box": [614, 219, 690, 701], "text": "FEB 19, 2020"}], "linking": [], "id": 22}, {"box": [46, 235, 196, 210], "text": "GST 29VGCED1234K2Z6", "label": "vendor_address", "words": [{"box": [46, 235, 196, 210], "text": "GST 29VGCED1234K2Z6"}], "linking": [[8, 23]], "id": 23}, {"box": [50, 254, 161, 172], "text": "PAN VGCED1234K", "label": "vendor_address", "words": [{"box": [50, 254, 161, 172], "text": "PAN VGCED1234K"}], "linking": [[8, 24]], "id": 24}, {"box": [74, 310, 238, 248], "text": "Item #/Item description.", "label": "column_name", "words": [{"box": [74, 310, 238, 248], "text": "Item #/Item description."}], "linking": [[25, 33], [25, 46], [25, 49], [25, 57]], "id": 25}, {"box": [366, 308, 398, 410], "text": "HSN", "label": "column_name", "words": [{"box": [366, 308, 398, 410], "text": "HSN"}], "linking": [[26, 34], [26, 41], [26, 50], [26, 58]], "id": 26}, {"box": [432, 308, 461, 475], "text": "Qty.", "label": "column_name", "words": [{"box": [432, 308, 461, 475], "text": "Qty."}], "linking": [[27, 35], [27, 42], [27, 51], [27, 59]], "id": 27}, {"box": [493, 308, 525, 540], "text": "GST", "label": "column_name", "words": [{"box": [493, 308, 525, 540], "text": "GST"}], "linking": [[28, 36], [28, 43], [28, 52], [28, 60]], "id": 28}, {"box": [560, 308, 671, 682], "text": "Taxable Amount", "label": "column_name", "words": [{"box": [560, 308, 671, 682], "text": "Taxable Amount"}], "linking": [[29, 37], [29, 44], [29, 53], [29, 61]], "id": 29}, {"box": [704, 308, 743, 755], "text": "SGST", "label": "column_name", "words": [{"box": [704, 308, 743, 755], "text": "SGST"}], "linking": [[30, 38], [30, 45], [30, 54], [30, 62]], "id": 30}, {"box": [775, 308, 814, 826], "text": "CGST", "label": "column_name", "words": [{"box": [775, 308, 814, 826], "text": "CGST"}], "linking": [[31, 39], [31, 47], [31, 55], [31, 63]], "id": 31}, {"box": [868, 307, 929, 944], "text": "Amount", "label": "column_name", "words": [{"box": [868, 307, 929, 944], "text": "Amount"}], "linking": [[32, 40], [32, 48], [32, 56], [32, 64]], "id": 32}, {"box": [74, 343, 236, 247], "text": "Basic Web Development", "label": "column_value", "words": [{"box": [74, 343, 236, 247], "text": "Basic Web Development"}], "linking": [[25, 33]], "id": 33}, {"box": [368, 343, 394, 408], "text": " 02", "label": "column_value", "words": [{"box": [368, 343, 394, 408], "text": " 02"}], "linking": [[26, 34]], "id": 34}, {"box": [432, 343, 456, 470], "text": "10", "label": "column_value", "words": [{"box": [432, 343, 456, 470], "text": "10"}], "linking": [[27, 35]], "id": 35}, {"box": [502, 343, 528, 542], "text": "9%", "label": "column_value", "words": [{"box": [502, 343, 528, 542], "text": "9%"}], "linking": [[28, 36]], "id": 36}, {"box": [575, 344, 654, 665], "text": "10,000.00", "label": "column_value", "words": [{"box": [575, 344, 654, 665], "text": "10,000.00"}], "linking": [[29, 37]], "id": 37}, {"box": [704, 343, 743, 758], "text": "F900", "label": "column_value", "words": [{"box": [704, 343, 743, 758], "text": "F900"}], "linking": [[30, 38]], "id": 38}, {"box": [774, 343, 814, 829], "text": "900", "label": "column_value", "words": [{"box": [774, 343, 814, 829], "text": "900"}], "linking": [[31, 39]], "id": 39}, {"box": [846, 344, 926, 937], "text": "11,800.00", "label": "column_value", "words": [{"box": [846, 344, 926, 937], "text": "11,800.00"}], "linking": [[32, 40]], "id": 40}, {"box": [368, 383, 394, 408], "text": "06", "label": "column_value", "words": [{"box": [368, 383, 394, 408], "text": "06"}], "linking": [[26, 41]], "id": 41}, {"box": [434, 382, 453, 468], "text": "1", "label": "column_value", "words": [{"box": [434, 382, 453, 468], "text": "1"}], "linking": [[27, 42]], "id": 42}, {"box": [502, 383, 528, 542], "text": "9%", "label": "column_value", "words": [{"box": [502, 383, 528, 542], "text": "9%"}], "linking": [[28, 43]], "id": 43}, {"box": [575, 384, 656, 667], "text": "10,000.00", "label": "column_value", "words": [{"box": [575, 384, 656, 667], "text": "10,000.00"}], "linking": [[29, 44]], "id": 44}, {"box": [702, 383, 742, 758], "text": "F900", "label": "column_value", "words": [{"box": [702, 383, 742, 758], "text": "F900"}], "linking": [[30, 45]], "id": 45}, {"box": [74, 386, 160, 171], "text": "Logo Design", "label": "column_value", "words": [{"box": [74, 386, 160, 171], "text": "Logo Design"}], "linking": [[25, 46]], "id": 46}, {"box": [776, 385, 812, 824], "text": "900", "label": "column_value", "words": [{"box": [776, 385, 812, 824], "text": "900"}], "linking": [[31, 47]], "id": 47}, {"box": [846, 384, 926, 937], "text": "11,800.00", "label": "column_value", "words": [{"box": [846, 384, 926, 937], "text": "11,800.00"}], "linking": [[32, 48]], "id": 48}, {"box": [71, 426, 154, 168], "text": "Web Design", "label": "column_value", "words": [{"box": [71, 426, 154, 168], "text": "Web Design"}], "linking": [[25, 49]], "id": 49}, {"box": [368, 425, 394, 409], "text": "06", "label": "column_value", "words": [{"box": [368, 425, 394, 409], "text": "06"}], "linking": [[26, 50]], "id": 50}, {"box": [434, 424, 453, 468], "text": "1", "label": "column_value", "words": [{"box": [434, 424, 453, 468], "text": "1"}], "linking": [[27, 51]], "id": 51}, {"box": [502, 425, 528, 543], "text": "9%", "label": "column_value", "words": [{"box": [502, 425, 528, 543], "text": "9%"}], "linking": [[28, 52]], "id": 52}, {"box": [576, 426, 656, 667], "text": "10,000.00", "label": "column_value", "words": [{"box": [576, 426, 656, 667], "text": "10,000.00"}], "linking": [[29, 53]], "id": 53}, {"box": [704, 426, 742, 754], "text": "2900", "label": "column_value", "words": [{"box": [704, 426, 742, 754], "text": "2900"}], "linking": [[30, 54]], "id": 54}, {"box": [776, 426, 814, 826], "text": "2900", "label": "column_value", "words": [{"box": [776, 426, 814, 826], "text": "2900"}], "linking": [[31, 55]], "id": 55}, {"box": [846, 426, 926, 937], "text": "11,800.00", "label": "column_value", "words": [{"box": [846, 426, 926, 937], "text": "11,800.00"}], "linking": [[32, 56]], "id": 56}, {"box": [72, 468, 266, 280], "text": "Full Stack Web development", "label": "column_value", "words": [{"box": [72, 468, 266, 280], "text": "Full Stack Web development"}], "linking": [[25, 57]], "id": 57}, {"box": [368, 468, 394, 408], "text": "06", "label": "column_value", "words": [{"box": [368, 468, 394, 408], "text": "06"}], "linking": [[26, 58]], "id": 58}, {"box": [436, 469, 452, 463], "text": "1", "label": "column_value", "words": [{"box": [436, 469, 452, 463], "text": "1"}], "linking": [[27, 59]], "id": 59}, {"box": [502, 468, 528, 542], "text": "9%", "label": "column_value", "words": [{"box": [502, 468, 528, 542], "text": "9%"}], "linking": [[28, 60]], "id": 60}, {"box": [573, 469, 657, 672], "text": " 10,000.00", "label": "column_value", "words": [{"box": [573, 469, 657, 672], "text": " 10,000.00"}], "linking": [[29, 61]], "id": 61}, {"box": [704, 469, 742, 754], "text": "900", "label": "column_value", "words": [{"box": [704, 469, 742, 754], "text": "900"}], "linking": [[30, 62]], "id": 62}, {"box": [775, 469, 814, 826], "text": "900", "label": "column_value", "words": [{"box": [775, 469, 814, 826], "text": "900"}], "linking": [[31, 63]], "id": 63}, {"box": [845, 469, 927, 942], "text": " 11,800.00", "label": "column_value", "words": [{"box": [845, 469, 927, 942], "text": " 11,800.00"}], "linking": [[32, 64]], "id": 64}, {"box": [50, 517, 161, 173], "text": "Country of supply", "label": "others", "words": [{"box": [50, 517, 161, 173], "text": "Country of supply"}], "linking": [], "id": 65}, {"box": [158, 517, 202, 214], "text": "India", "label": "others", "words": [{"box": [158, 517, 202, 214], "text": "India"}], "linking": [], "id": 66}, {"box": [659, 521, 726, 741], "text": " Sub Total", "label": "others", "words": [{"box": [659, 521, 726, 741], "text": " Sub Total"}], "linking": [], "id": 67}, {"box": [868, 520, 931, 946], "text": "40,000", "label": "others", "words": [{"box": [868, 520, 931, 946], "text": "40,000"}], "linking": [], "id": 68}, {"box": [50, 532, 144, 155], "text": "Place of supply", "label": "others", "words": [{"box": [50, 532, 144, 155], "text": "Place of supply"}], "linking": [], "id": 69}, {"box": [168, 532, 215, 226], "text": "Gujarat", "label": "others", "words": [{"box": [168, 532, 215, 226], "text": "Gujarat"}], "linking": [], "id": 70}, {"box": [661, 550, 757, 768], "text": "Discount(10%)", "label": "others", "words": [{"box": [661, 550, 757, 768], "text": "Discount(10%)"}], "linking": [], "id": 71}, {"box": [868, 550, 931, 946], "text": "40,000", "label": "others", "words": [{"box": [868, 550, 931, 946], "text": "40,000"}], "linking": [], "id": 72}, {"box": [50, 564, 196, 206], "text": "Invoice total in words", "label": "others", "words": [{"box": [50, 564, 196, 206], "text": "Invoice total in words"}], "linking": [], "id": 73}, {"box": [661, 578, 769, 781], "text": "Taxable Amount", "label": "others", "words": [{"box": [661, 578, 769, 781], "text": "Taxable Amount"}], "linking": [], "id": 74}, {"box": [868, 580, 931, 945], "text": "36,000", "label": "others", "words": [{"box": [868, 580, 931, 945], "text": "36,000"}], "linking": [], "id": 75}, {"box": [50, 583, 436, 450], "text": "Forty Two thousand Four Hundred and Eighty.", "label": "others", "words": [{"box": [50, 583, 436, 450], "text": "Forty Two thousand Four Hundred and Eighty."}], "linking": [], "id": 76}, {"box": [47, 614, 122, 137], "text": " Payments", "label": "others", "words": [{"box": [47, 614, 122, 137], "text": " Payments"}], "linking": [], "id": 77}, {"box": [661, 606, 702, 714], "text": "SGST", "label": "others", "words": [{"box": [661, 606, 702, 714], "text": "SGST"}], "linking": [], "id": 78}, {"box": [882, 608, 931, 942], "text": "3240", "label": "others", "words": [{"box": [882, 608, 931, 942], "text": "3240"}], "linking": [], "id": 79}, {"box": [69, 640, 98, 110], "text": "Date", "label": "others", "words": [{"box": [69, 640, 98, 110], "text": "Date"}], "linking": [], "id": 80}, {"box": [189, 639, 224, 236], "text": "Mode", "label": "others", "words": [{"box": [189, 639, 224, 236], "text": "Mode"}], "linking": [], "id": 81}, {"box": [278, 640, 322, 333], "text": "Status", "label": "others", "words": [{"box": [278, 640, 322, 333], "text": "Status"}], "linking": [], "id": 82}, {"box": [361, 640, 404, 414], "text": "Amout", "label": "others", "words": [{"box": [361, 640, 404, 414], "text": "Amout"}], "linking": [], "id": 83}, {"box": [425, 634, 497, 508], "text": "Transaction", "label": "others", "words": [{"box": [425, 634, 497, 508], "text": "Transaction"}], "linking": [], "id": 84}, {"box": [662, 634, 701, 713], "text": "CGST", "label": "others", "words": [{"box": [662, 634, 701, 713], "text": "CGST"}], "linking": [], "id": 85}, {"box": [511, 640, 536, 545], "text": "TDS", "label": "others", "words": [{"box": [511, 640, 536, 545], "text": "TDS"}], "linking": [], "id": 86}, {"box": [870, 636, 931, 943], "text": "36,000", "label": "others", "words": [{"box": [870, 636, 931, 943], "text": "36,000"}], "linking": [], "id": 87}, {"box": [425, 646, 465, 476], "text": "Charge", "label": "others", "words": [{"box": [425, 646, 465, 476], "text": "Charge"}], "linking": [], "id": 88}, {"box": [70, 667, 150, 160], "text": "May 06, 2020", "label": "others", "words": [{"box": [70, 667, 150, 160], "text": "May 06, 2020"}], "linking": [], "id": 89}, {"box": [189, 667, 264, 274], "text": "Net Banking", "label": "others", "words": [{"box": [189, 667, 264, 274], "text": "Net Banking"}], "linking": [], "id": 90}, {"box": [360, 667, 406, 417], "text": "3,000", "label": "others", "words": [{"box": [360, 667, 406, 417], "text": "3,000"}], "linking": [], "id": 91}, {"box": [420, 666, 445, 457], "text": "0", "label": "others", "words": [{"box": [420, 666, 445, 457], "text": "0"}], "linking": [], "id": 92}, {"box": [518, 666, 541, 555], "text": "0", "label": "others", "words": [{"box": [518, 666, 541, 555], "text": "0"}], "linking": [], "id": 93}, {"box": [659, 685, 741, 756], "text": "Total Due", "label": "total_id", "words": [{"box": [659, 685, 741, 756], "text": "Total Due"}], "linking": [[94, 95]], "id": 94}, {"box": [828, 682, 928, 943], "text": "36,000", "label": "total_cost", "words": [{"box": [828, 682, 928, 943], "text": "36,000"}], "linking": [[94, 95]], "id": 95}, {"box": [312, 694, 351, 362], "text": "Total", "label": "others", "words": [{"box": [312, 694, 351, 362], "text": "Total"}], "linking": [], "id": 96}, {"box": [360, 694, 408, 419], "text": "3,000", "label": "others", "words": [{"box": [360, 694, 408, 419], "text": "3,000"}], "linking": [], "id": 97}, {"box": [422, 693, 444, 456], "text": "0", "label": "others", "words": [{"box": [422, 693, 444, 456], "text": "0"}], "linking": [], "id": 98}, {"box": [50, 758, 200, 214], "text": "Terms and Conditions", "label": "others", "words": [{"box": [50, 758, 200, 214], "text": "Terms and Conditions"}], "linking": [], "id": 99}, {"box": [534, 759, 646, 657], "text": "Additional Notes", "label": "others", "words": [{"box": [534, 759, 646, 657], "text": "Additional Notes"}], "linking": [], "id": 100}, {"box": [48, 778, 470, 484], "text": "1. Please pay within 15 days from the date of invoice, overdue interest @.", "label": "others", "words": [{"box": [48, 778, 470, 484], "text": "1. Please pay within 15 days from the date of invoice, overdue interest @."}], "linking": [], "id": 101}, {"box": [532, 778, 955, 965], "text": "It is a long established fact that a reader will be distracted by the readable", "label": "others", "words": [{"box": [532, 778, 955, 965], "text": "It is a long established fact that a reader will be distracted by the readable"}], "linking": [], "id": 102}, {"box": [72, 792, 311, 322], "text": "14% will be charged on delayed payments..", "label": "others", "words": [{"box": [72, 792, 311, 322], "text": "14% will be charged on delayed payments.."}], "linking": [], "id": 103}, {"box": [532, 794, 931, 942], "text": "content of a page when looking at its layout. The point of using Lorem", "label": "others", "words": [{"box": [532, 794, 931, 942], "text": "content of a page when looking at its layout. The point of using Lorem"}], "linking": [], "id": 104}, {"box": [532, 808, 917, 928], "text": "Ipsum is that it has a more-or-less normal distribution of letters, as", "label": "others", "words": [{"box": [532, 808, 917, 928], "text": "Ipsum is that it has a more-or-less normal distribution of letters, as"}], "linking": [], "id": 105}, {"box": [50, 815, 366, 377], "text": "2. Please quote invoice number when remitting funds..", "label": "others", "words": [{"box": [50, 815, 366, 377], "text": "2. Please quote invoice number when remitting funds.."}], "linking": [], "id": 106}, {"box": [532, 823, 796, 806], "text": "opposed to using 'Content here, content here..", "label": "others", "words": [{"box": [532, 823, 796, 806], "text": "opposed to using 'Content here, content here.."}], "linking": [], "id": 107}, {"box": [532, 851, 921, 932], "text": "For any enquiries, email us on foobarlabs@gmail.com or call us on", "label": "others", "words": [{"box": [532, 851, 921, 932], "text": "For any enquiries, email us on foobarlabs@gmail.com or call us on"}], "linking": [], "id": 108}, {"box": [533, 864, 638, 650], "text": "+91 98765 43210", "label": "others", "words": [{"box": [533, 864, 638, 650], "text": "+91 98765 43210"}], "linking": [], "id": 109}, {"box": [611, 203, 696, 706], "text": "FEB 19, 2020", "label": "po_date", "words": [{"box": [611, 203, 696, 706], "text": "FEB 19, 2020"}], "linking": [[17, 110]], "id": 110}]}