{"form": [{"box": [102, 20, 241, 264], "text": "FOOBAR", "label": "others", "words": [{"box": [102, 20, 241, 264], "text": "FOOBAR"}], "linking": [], "id": 0}, {"box": [680, 26, 971, 993], "text": "Purchase Order", "label": "others", "words": [{"box": [680, 26, 971, 993], "text": "Purchase Order"}], "linking": [], "id": 1}, {"box": [49, 33, 76, 99], "text": "F", "label": "others", "words": [{"box": [49, 33, 76, 99], "text": "F"}], "linking": [], "id": 2}, {"box": [95, 42, 191, 217], "text": "LABS", "label": "others", "words": [{"box": [95, 42, 191, 217], "text": "LABS"}], "linking": [], "id": 3}, {"box": [26, 89, 111, 127], "text": "Order By", "label": "sender_address_title", "words": [{"box": [26, 89, 111, 127], "text": "Order By"}], "linking": [[4, 8], [4, 11], [4, 15]], "id": 4}, {"box": [334, 87, 418, 434], "text": "Order To", "label": "vendor_address_title", "words": [{"box": [334, 87, 418, 434], "text": "Order To"}], "linking": [[5, 9], [5, 12], [5, 16], [5, 17], [5, 20]], "id": 5}, {"box": [757, 92, 844, 856], "text": "Invoice No:", "label": "po_no_heading", "words": [{"box": [757, 92, 844, 856], "text": "Invoice No:"}], "linking": [[6, 7]], "id": 6}, {"box": [939, 92, 973, 986], "text": "003", "label": "po_no", "words": [{"box": [939, 92, 973, 986], "text": "003"}], "linking": [[6, 7]], "id": 7}, {"box": [24, 113, 122, 136], "text": "Foobar Labs", "label": "sender_address", "words": [{"box": [24, 113, 122, 136], "text": "Foobar Labs"}], "linking": [[4, 8]], "id": 8}, {"box": [333, 109, 421, 435], "text": "Studio Den", "label": "vendor_address", "words": [{"box": [333, 109, 421, 435], "text": "Studio Den"}], "linking": [[5, 9]], "id": 9}, {"box": [756, 111, 862, 877], "text": "Invoice Date:", "label": "date_heading", "words": [{"box": [756, 111, 862, 877], "text": "Invoice Date:"}], "linking": [[10, 89]], "id": 10}, {"box": [27, 135, 244, 257], "text": "46, Raghuveer Dham Society", "label": "sender_address", "words": [{"box": [27, 135, 244, 257], "text": "46, Raghuveer Dham Society"}], "linking": [[4, 11]], "id": 11}, {"box": [332, 131, 606, 621], "text": " 305, 3rd Floor Orion mall, Bengaluru,", "label": "vendor_address", "words": [{"box": [332, 131, 606, 621], "text": " 305, 3rd Floor Orion mall, Bengaluru,"}], "linking": [[5, 12]], "id": 12}, {"box": [757, 133, 838, 852], "text": "Due Date:", "label": "others", "words": [{"box": [757, 133, 838, 852], "text": "Due Date:"}], "linking": [], "id": 13}, {"box": [875, 133, 973, 984], "text": "FEB19,2020", "label": "others", "words": [{"box": [875, 133, 973, 984], "text": "FEB19,2020"}], "linking": [], "id": 14}, {"box": [25, 151, 247, 260], "text": "Surat, Gujarat, India - 394210", "label": "sender_address", "words": [{"box": [25, 151, 247, 260], "text": "Surat, Gujarat, India - 394210"}], "linking": [[4, 15]], "id": 15}, {"box": [332, 147, 531, 546], "text": "Karnataka, India - 560055", "label": "vendor_address", "words": [{"box": [332, 147, 531, 546], "text": "Karnataka, India - 560055"}], "linking": [[5, 16]], "id": 16}, {"box": [333, 172, 533, 546], "text": "GST No:29VGCED1234K2Z6", "label": "vendor_address", "words": [{"box": [333, 172, 533, 546], "text": "GST No:29VGCED1234K2Z6"}], "linking": [[5, 17]], "id": 17}, {"box": [756, 174, 901, 916], "text": "Country of supply:", "label": "others", "words": [{"box": [756, 174, 901, 916], "text": "Country of supply:"}], "linking": [], "id": 18}, {"box": [932, 174, 973, 989], "text": "India", "label": "others", "words": [{"box": [932, 174, 973, 989], "text": "India"}], "linking": [], "id": 19}, {"box": [332, 192, 493, 506], "text": "PAN No:VGCED1234K", "label": "vendor_address", "words": [{"box": [332, 192, 493, 506], "text": "PAN No:VGCED1234K"}], "linking": [[5, 20]], "id": 20}, {"box": [755, 193, 882, 897], "text": "Place of supply:", "label": "others", "words": [{"box": [755, 193, 882, 897], "text": "Place of supply:"}], "linking": [], "id": 21}, {"box": [915, 193, 976, 991], "text": "Gujarat", "label": "others", "words": [{"box": [915, 193, 976, 991], "text": "Gujarat"}], "linking": [], "id": 22}, {"box": [40, 243, 210, 223], "text": "Item #/Item description", "label": "column_name", "words": [{"box": [40, 243, 210, 223], "text": "Item #/Item description"}], "linking": [[23, 30], [23, 36], [23, 42], [23, 43]], "id": 23}, {"box": [548, 243, 612, 627], "text": "Quantity", "label": "column_name", "words": [{"box": [548, 243, 612, 627], "text": "Quantity"}], "linking": [[24, 31], [24, 37]], "id": 24}, {"box": [713, 243, 780, 795], "text": "Discount", "label": "column_name", "words": [{"box": [713, 243, 780, 795], "text": "Discount"}], "linking": [[25, 33], [25, 39]], "id": 25}, {"box": [807, 239, 868, 882], "text": "Amount", "label": "column_name", "words": [{"box": [807, 239, 868, 882], "text": "Amount"}], "linking": [[26, 34], [26, 40]], "id": 26}, {"box": [644, 244, 680, 692], "text": "Rate", "label": "column_name", "words": [{"box": [644, 244, 680, 692], "text": "Rate"}], "linking": [[27, 32], [27, 38]], "id": 27}, {"box": [924, 243, 961, 974], "text": "Total", "label": "column_name", "words": [{"box": [924, 243, 961, 974], "text": "Total"}], "linking": [[28, 35], [28, 41]], "id": 28}, {"box": [799, 250, 876, 887], "text": "(After Discount)", "label": "column_name", "words": [{"box": [799, 250, 876, 887], "text": "(After Discount)"}], "linking": [], "id": 29}, {"box": [43, 274, 202, 215], "text": "Basic Web Development", "label": "column_value", "words": [{"box": [43, 274, 202, 215], "text": "Basic Web Development"}], "linking": [[23, 30]], "id": 30}, {"box": [564, 275, 588, 601], "text": "10", "label": "column_value", "words": [{"box": [564, 275, 588, 601], "text": "10"}], "linking": [[24, 31]], "id": 31}, {"box": [632, 275, 694, 709], "text": "10,000", "label": "column_value", "words": [{"box": [632, 275, 694, 709], "text": "10,000"}], "linking": [[27, 32]], "id": 32}, {"box": [731, 275, 762, 777], "text": "12%", "label": "column_value", "words": [{"box": [731, 275, 762, 777], "text": "12%"}], "linking": [[25, 33]], "id": 33}, {"box": [808, 276, 868, 880], "text": "10,000", "label": "column_value", "words": [{"box": [808, 276, 868, 880], "text": "10,000"}], "linking": [[26, 34]], "id": 34}, {"box": [908, 274, 963, 978], "text": "11,800", "label": "column_value", "words": [{"box": [908, 274, 963, 978], "text": "11,800"}], "linking": [[28, 35]], "id": 35}, {"box": [42, 312, 204, 217], "text": "Basic Web Development", "label": "column_value", "words": [{"box": [42, 312, 204, 217], "text": "Basic Web Development"}], "linking": [[23, 36]], "id": 36}, {"box": [565, 310, 588, 601], "text": "10", "label": "column_value", "words": [{"box": [565, 310, 588, 601], "text": "10"}], "linking": [[24, 37]], "id": 37}, {"box": [630, 311, 693, 707], "text": "10,000", "label": "column_value", "words": [{"box": [630, 311, 693, 707], "text": "10,000"}], "linking": [[27, 38]], "id": 38}, {"box": [728, 310, 761, 777], "text": "12%", "label": "column_value", "words": [{"box": [728, 310, 761, 777], "text": "12%"}], "linking": [[25, 39]], "id": 39}, {"box": [808, 312, 868, 879], "text": "10,000", "label": "column_value", "words": [{"box": [808, 312, 868, 879], "text": "10,000"}], "linking": [[26, 40]], "id": 40}, {"box": [908, 310, 963, 977], "text": "11,800", "label": "column_value", "words": [{"box": [908, 310, 963, 977], "text": "11,800"}], "linking": [[28, 41]], "id": 41}, {"box": [40, 327, 512, 525], "text": "Create and send unlimited professional invoices for free. Use our unique features to", "label": "column_value", "words": [{"box": [40, 327, 512, 525], "text": "Create and send unlimited professional invoices for free. Use our unique features to"}], "linking": [[23, 42]], "id": 42}, {"box": [42, 342, 180, 191], "text": "collect payments faster.", "label": "column_value", "words": [{"box": [42, 342, 180, 191], "text": "collect payments faster."}], "linking": [[23, 43]], "id": 43}, {"box": [28, 395, 196, 209], "text": "Terms and Conditions", "label": "others", "words": [{"box": [28, 395, 196, 209], "text": "Terms and Conditions"}], "linking": [], "id": 44}, {"box": [756, 402, 830, 845], "text": "Sub Total", "label": "others", "words": [{"box": [756, 402, 830, 845], "text": "Sub Total"}], "linking": [], "id": 45}, {"box": [894, 402, 963, 978], "text": "40,000", "label": "others", "words": [{"box": [894, 402, 963, 978], "text": "40,000"}], "linking": [], "id": 46}, {"box": [30, 417, 438, 449], "text": "1. Please pay within 15 days from the date of invoice, overdue", "label": "others", "words": [{"box": [30, 417, 438, 449], "text": "1. Please pay within 15 days from the date of invoice, overdue"}], "linking": [], "id": 47}, {"box": [51, 432, 397, 410], "text": "interest @ 14% will be charged on delayed payments.", "label": "others", "words": [{"box": [51, 432, 397, 410], "text": "interest @ 14% will be charged on delayed payments."}], "linking": [], "id": 48}, {"box": [718, 434, 828, 842], "text": "Discount(10%)", "label": "others", "words": [{"box": [718, 434, 828, 842], "text": "Discount(10%)"}], "linking": [], "id": 49}, {"box": [894, 434, 962, 978], "text": "40.000", "label": "others", "words": [{"box": [894, 434, 962, 978], "text": "40.000"}], "linking": [], "id": 50}, {"box": [27, 452, 390, 403], "text": "2. Please quote invoice number when remitting funds.", "label": "others", "words": [{"box": [27, 452, 390, 403], "text": "2. Please quote invoice number when remitting funds."}], "linking": [], "id": 51}, {"box": [705, 463, 829, 843], "text": "Taxable Amount", "label": "others", "words": [{"box": [705, 463, 829, 843], "text": "Taxable Amount"}], "linking": [], "id": 52}, {"box": [894, 463, 963, 978], "text": "36,000", "label": "others", "words": [{"box": [894, 463, 963, 978], "text": "36,000"}], "linking": [], "id": 53}, {"box": [27, 496, 158, 169], "text": "Additional Notes", "label": "others", "words": [{"box": [27, 496, 158, 169], "text": "Additional Notes"}], "linking": [], "id": 54}, {"box": [688, 495, 827, 837], "text": "Total Due Amount", "label": "total_id", "words": [{"box": [688, 495, 827, 837], "text": "Total Due Amount"}], "linking": [[55, 56]], "id": 55}, {"box": [894, 495, 961, 972], "text": "42,485", "label": "total_cost", "words": [{"box": [894, 495, 961, 972], "text": "42,485"}], "linking": [[55, 56]], "id": 56}, {"box": [27, 516, 451, 464], "text": "It is a long established fact that a reader will be distracted by the", "label": "others", "words": [{"box": [27, 516, 451, 464], "text": "It is a long established fact that a reader will be distracted by the"}], "linking": [], "id": 57}, {"box": [680, 524, 821, 832], "text": "Invoice Total In Words:", "label": "others", "words": [{"box": [680, 524, 821, 832], "text": "Invoice Total In Words:"}], "linking": [], "id": 58}, {"box": [27, 531, 460, 474], "text": "readable content of a page when looking at its layout. The point of", "label": "others", "words": [{"box": [27, 531, 460, 474], "text": "readable content of a page when looking at its layout. The point of"}], "linking": [], "id": 59}, {"box": [680, 537, 957, 970], "text": "Forty Two thousand Four Hundred and Eighty", "label": "others", "words": [{"box": [680, 537, 957, 970], "text": "Forty Two thousand Four Hundred and Eighty"}], "linking": [], "id": 60}, {"box": [28, 548, 482, 493], "text": "using Lorem Ipsum is that it has a more-or-less normal distribution of", "label": "others", "words": [{"box": [28, 548, 482, 493], "text": "using Lorem Ipsum is that it has a more-or-less normal distribution of"}], "linking": [], "id": 61}, {"box": [680, 552, 708, 719], "text": "Five", "label": "others", "words": [{"box": [680, 552, 708, 719], "text": "Five"}], "linking": [], "id": 62}, {"box": [28, 563, 396, 407], "text": "Ietters, as opposed to using 'Content here, content here.", "label": "others", "words": [{"box": [28, 563, 396, 407], "text": "Ietters, as opposed to using 'Content here, content here."}], "linking": [], "id": 63}, {"box": [26, 604, 132, 147], "text": "Attachments", "label": "others", "words": [{"box": [26, 604, 132, 147], "text": "Attachments"}], "linking": [], "id": 64}, {"box": [807, 600, 973, 986], "text": "Authorized Signature", "label": "others", "words": [{"box": [807, 600, 973, 986], "text": "Authorized Signature"}], "linking": [], "id": 65}, {"box": [27, 627, 132, 144], "text": "1.finename.png", "label": "others", "words": [{"box": [27, 627, 132, 144], "text": "1.finename.png"}], "linking": [], "id": 66}, {"box": [27, 646, 165, 178], "text": "2. invoice%402x.png", "label": "others", "words": [{"box": [27, 646, 165, 178], "text": "2. invoice%402x.png"}], "linking": [], "id": 67}, {"box": [25, 666, 205, 220], "text": "3. verified-bank%402x.png", "label": "others", "words": [{"box": [25, 666, 205, 220], "text": "3. verified-bank%402x.png"}], "linking": [], "id": 68}, {"box": [27, 703, 182, 197], "text": ".Show Bank details", "label": "others", "words": [{"box": [27, 703, 182, 197], "text": ".Show Bank details"}], "linking": [], "id": 69}, {"box": [369, 705, 481, 492], "text": "Show UPI details", "label": "others", "words": [{"box": [369, 705, 481, 492], "text": "Show UPI details"}], "linking": [], "id": 70}, {"box": [829, 700, 939, 950], "text": "Sandeep Maurya", "label": "others", "words": [{"box": [829, 700, 939, 950], "text": "Sandeep Maurya"}], "linking": [], "id": 71}, {"box": [25, 732, 214, 228], "text": "Bank & Payment Details", "label": "others", "words": [{"box": [25, 732, 214, 228], "text": "Bank & Payment Details"}], "linking": [], "id": 72}, {"box": [335, 731, 472, 487], "text": "UPI - Scan to Pay", "label": "others", "words": [{"box": [335, 731, 472, 487], "text": "UPI - Scan to Pay"}], "linking": [], "id": 73}, {"box": [27, 757, 131, 142], "text": "Account Holder", "label": "others", "words": [{"box": [27, 757, 131, 142], "text": "Account Holder"}], "linking": [], "id": 74}, {"box": [168, 757, 278, 289], "text": "Maurya Sandeep", "label": "others", "words": [{"box": [168, 757, 278, 289], "text": "Maurya Sandeep"}], "linking": [], "id": 75}, {"box": [25, 772, 67, 80], "text": "Name", "label": "others", "words": [{"box": [25, 772, 67, 80], "text": "Name"}], "linking": [], "id": 76}, {"box": [167, 772, 277, 288], "text": "Ramehschandra", "label": "others", "words": [{"box": [167, 772, 277, 288], "text": "Ramehschandra"}], "linking": [], "id": 77}, {"box": [27, 795, 141, 154], "text": "Account Number", "label": "others", "words": [{"box": [27, 795, 141, 154], "text": "Account Number"}], "linking": [], "id": 78}, {"box": [167, 795, 259, 271], "text": "34745215203", "label": "others", "words": [{"box": [167, 795, 259, 271], "text": "34745215203"}], "linking": [], "id": 79}, {"box": [25, 819, 60, 73], "text": "IFSC", "label": "others", "words": [{"box": [25, 819, 60, 73], "text": "IFSC"}], "linking": [], "id": 80}, {"box": [167, 819, 256, 267], "text": "SBIN0018159", "label": "others", "words": [{"box": [167, 819, 256, 267], "text": "SBIN0018159"}], "linking": [], "id": 81}, {"box": [27, 843, 119, 130], "text": "Account Type", "label": "others", "words": [{"box": [27, 843, 119, 130], "text": "Account Type"}], "linking": [], "id": 82}, {"box": [165, 842, 222, 236], "text": "Savings", "label": "others", "words": [{"box": [165, 842, 222, 236], "text": "Savings"}], "linking": [], "id": 83}, {"box": [341, 851, 476, 487], "text": "sandeep886626@ok", "label": "others", "words": [{"box": [341, 851, 476, 487], "text": "sandeep886626@ok"}], "linking": [], "id": 84}, {"box": [25, 865, 104, 116], "text": "Bank Name", "label": "others", "words": [{"box": [25, 865, 104, 116], "text": "Bank Name"}], "linking": [], "id": 85}, {"box": [167, 865, 295, 308], "text": "State Bank of India", "label": "others", "words": [{"box": [167, 865, 295, 308], "text": "State Bank of India"}], "linking": [], "id": 86}, {"box": [396, 865, 421, 434], "text": "sbi", "label": "others", "words": [{"box": [396, 865, 421, 434], "text": "sbi"}], "linking": [], "id": 87}, {"box": [190, 917, 811, 824], "text": "For any enquiries, email us on info@foobarlabs.com or call us on +91 98765-43210", "label": "others", "words": [{"box": [190, 917, 811, 824], "text": "For any enquiries, email us on info@foobarlabs.com or call us on +91 98765-43210"}], "linking": [], "id": 88}, {"box": [869, 110, 974, 990], "text": "FEB 19, 2020", "label": "po_date", "words": [{"box": [869, 110, 974, 990], "text": "FEB 19, 2020"}], "linking": [[10, 89]], "id": 89}]}