{"form": [{"box": [71, 66, 264, 286], "text": "Saffron Design", "label": "others", "words": [{"box": [71, 66, 264, 286], "text": "Saffron Design"}], "linking": [], "id": 0}, {"box": [775, 67, 927, 945], "text": "PURCHASE", "label": "others", "words": [{"box": [775, 67, 927, 945], "text": "PURCHASE"}], "linking": [], "id": 1}, {"box": [829, 88, 928, 946], "text": "ORDER", "label": "others", "words": [{"box": [829, 88, 928, 946], "text": "ORDER"}], "linking": [], "id": 2}, {"box": [71, 127, 200, 214], "text": "77 Namrata Bldg", "label": "others", "words": [{"box": [71, 127, 200, 214], "text": "77 Namrata Bldg"}], "linking": [], "id": 3}, {"box": [72, 144, 219, 232], "text": "Delhi,Delhi 400077", "label": "others", "words": [{"box": [72, 144, 219, 232], "text": "Delhi,Delhi 400077"}], "linking": [], "id": 4}, {"box": [69, 248, 134, 150], "text": "Vendor", "label": "vendor_address_title", "words": [{"box": [69, 248, 134, 150], "text": "Vendor"}], "linking": [[5, 9], [5, 13], [5, 15]], "id": 5}, {"box": [373, 248, 438, 454], "text": "Ship To", "label": "sender_address_title", "words": [{"box": [373, 248, 438, 454], "text": "Ship To"}], "linking": [[6, 10], [6, 14], [6, 16]], "id": 6}, {"box": [725, 248, 790, 806], "text": "Order#", "label": "po_no_heading", "words": [{"box": [725, 248, 790, 806], "text": "Order#"}], "linking": [[7, 8]], "id": 7}, {"box": [873, 247, 929, 945], "text": "IN-001", "label": "po_no", "words": [{"box": [873, 247, 929, 945], "text": "IN-001"}], "linking": [[7, 8]], "id": 8}, {"box": [69, 268, 205, 220], "text": "Kavindra Mannan", "label": "vendor_address", "words": [{"box": [69, 268, 205, 220], "text": "Kavindra Mannan"}], "linking": [[5, 9]], "id": 9}, {"box": [373, 268, 510, 525], "text": "Kavindra Mannan", "label": "sender_address", "words": [{"box": [373, 268, 510, 525], "text": "Kavindra Mannan"}], "linking": [[6, 10]], "id": 10}, {"box": [701, 271, 790, 805], "text": "Order Date", "label": "date_heading", "words": [{"box": [701, 271, 790, 805], "text": "Order Date"}], "linking": [[11, 12]], "id": 11}, {"box": [843, 271, 931, 946], "text": "29/01/2019", "label": "po_date", "words": [{"box": [843, 271, 931, 946], "text": "29/01/2019"}], "linking": [[11, 12]], "id": 12}, {"box": [72, 286, 209, 223], "text": "27,Dlf City.Gupta", "label": "vendor_address", "words": [{"box": [72, 286, 209, 223], "text": "27,Dlf City.Gupta"}], "linking": [[5, 13]], "id": 13}, {"box": [372, 286, 525, 539], "text": "264,Abdul Rehman", "label": "sender_address", "words": [{"box": [372, 286, 525, 539], "text": "264,Abdul Rehman"}], "linking": [[6, 14]], "id": 14}, {"box": [72, 303, 211, 225], "text": "Delhi, Delhi 40003", "label": "vendor_address", "words": [{"box": [72, 303, 211, 225], "text": "Delhi, Delhi 40003"}], "linking": [[5, 15]], "id": 15}, {"box": [373, 303, 536, 550], "text": "Mumbai, Bihar 40009", "label": "sender_address", "words": [{"box": [373, 303, 536, 550], "text": "Mumbai, Bihar 40009"}], "linking": [[6, 16]], "id": 16}, {"box": [89, 385, 129, 144], "text": "QTY", "label": "column_name", "words": [{"box": [89, 385, 129, 144], "text": "QTY"}], "linking": [[17, 21], [17, 25], [17, 29]], "id": 17}, {"box": [296, 385, 415, 429], "text": "DESCRIPTION", "label": "column_name", "words": [{"box": [296, 385, 415, 429], "text": "DESCRIPTION"}], "linking": [[18, 22], [18, 26], [18, 30]], "id": 18}, {"box": [585, 385, 684, 698], "text": "UNIT PRICE", "label": "column_name", "words": [{"box": [585, 385, 684, 698], "text": "UNIT PRICE"}], "linking": [[19, 23], [19, 27], [19, 31]], "id": 19}, {"box": [779, 385, 856, 870], "text": "AMOUNT", "label": "column_name", "words": [{"box": [779, 385, 856, 870], "text": "AMOUNT"}], "linking": [[20, 24], [20, 28], [20, 32]], "id": 20}, {"box": [103, 417, 116, 129], "text": "1", "label": "column_value", "words": [{"box": [103, 417, 116, 129], "text": "1"}], "linking": [[17, 21]], "id": 21}, {"box": [159, 416, 368, 382], "text": "Frontend design restructure", "label": "column_value", "words": [{"box": [159, 416, 368, 382], "text": "Frontend design restructure"}], "linking": [[18, 22]], "id": 22}, {"box": [628, 416, 700, 716], "text": "9,999.00", "label": "column_value", "words": [{"box": [628, 416, 700, 716], "text": "9,999.00"}], "linking": [[19, 23]], "id": 23}, {"box": [845, 416, 917, 933], "text": "9,999.00", "label": "column_value", "words": [{"box": [845, 416, 917, 933], "text": "9,999.00"}], "linking": [[20, 24]], "id": 24}, {"box": [100, 447, 119, 135], "text": "2", "label": "column_value", "words": [{"box": [100, 447, 119, 135], "text": "2"}], "linking": [[17, 25]], "id": 25}, {"box": [159, 449, 323, 338], "text": "Custom icon package", "label": "column_value", "words": [{"box": [159, 449, 323, 338], "text": "Custom icon package"}], "linking": [[18, 26]], "id": 26}, {"box": [641, 447, 698, 714], "text": "975.00", "label": "column_value", "words": [{"box": [641, 447, 698, 714], "text": "975.00"}], "linking": [[19, 27]], "id": 27}, {"box": [844, 447, 916, 932], "text": "1,950.00", "label": "column_value", "words": [{"box": [844, 447, 916, 932], "text": "1,950.00"}], "linking": [[20, 28]], "id": 28}, {"box": [100, 478, 117, 133], "text": "3", "label": "column_value", "words": [{"box": [100, 478, 117, 133], "text": "3"}], "linking": [[17, 29]], "id": 29}, {"box": [157, 479, 305, 320], "text": "Gandhi mouse pad", "label": "column_value", "words": [{"box": [157, 479, 305, 320], "text": "Gandhi mouse pad"}], "linking": [[18, 30]], "id": 30}, {"box": [649, 478, 700, 716], "text": "99.00", "label": "column_value", "words": [{"box": [649, 478, 700, 716], "text": "99.00"}], "linking": [[19, 31]], "id": 31}, {"box": [859, 478, 918, 934], "text": "297.00", "label": "column_value", "words": [{"box": [859, 478, 918, 934], "text": "297.00"}], "linking": [[20, 32]], "id": 32}, {"box": [632, 511, 700, 714], "text": "Subtotal", "label": "others", "words": [{"box": [632, 511, 700, 714], "text": "Subtotal"}], "linking": [], "id": 33}, {"box": [837, 511, 917, 931], "text": "12,246.00", "label": "others", "words": [{"box": [837, 511, 917, 931], "text": "12,246.00"}], "linking": [], "id": 34}, {"box": [608, 541, 696, 710], "text": "GST 12.0%", "label": "others", "words": [{"box": [608, 541, 696, 710], "text": "GST 12.0%"}], "linking": [], "id": 35}, {"box": [847, 541, 918, 932], "text": "1,469.52", "label": "others", "words": [{"box": [847, 541, 918, 932], "text": "1,469.52"}], "linking": [], "id": 36}, {"box": [615, 572, 696, 715], "text": "TOTAL", "label": "total_id", "words": [{"box": [615, 572, 696, 715], "text": "TOTAL"}], "linking": [[37, 38]], "id": 37}, {"box": [792, 573, 915, 933], "text": "13,715.52", "label": "total_cost", "words": [{"box": [792, 573, 915, 933], "text": "13,715.52"}], "linking": [[37, 38]], "id": 38}, {"box": [72, 832, 233, 246], "text": "Terms &Conditions", "label": "others", "words": [{"box": [72, 832, 233, 246], "text": "Terms &Conditions"}], "linking": [], "id": 39}, {"box": [71, 852, 300, 315], "text": "Payment is due within 15 days", "label": "others", "words": [{"box": [71, 852, 300, 315], "text": "Payment is due within 15 days"}], "linking": [], "id": 40}, {"box": [72, 887, 215, 228], "text": "State Bank of India", "label": "others", "words": [{"box": [72, 887, 215, 228], "text": "State Bank of India"}], "linking": [], "id": 41}, {"box": [72, 903, 283, 297], "text": "Account Number:12345678", "label": "others", "words": [{"box": [72, 903, 283, 297], "text": "Account Number:12345678"}], "linking": [], "id": 42}, {"box": [69, 921, 308, 321], "text": "Routing Number:09876543210", "label": "others", "words": [{"box": [69, 921, 308, 321], "text": "Routing Number:09876543210"}], "linking": [], "id": 43}]}