{"form": [{"box": [693, 40, 773, 787], "text": "ORDER#", "label": "po_no_heading", "words": [{"box": [693, 40, 773, 787], "text": "ORDER#"}], "linking": [[0, 1]], "id": 0}, {"box": [883, 39, 936, 951], "text": "IN-001", "label": "po_no", "words": [{"box": [883, 39, 936, 951], "text": "IN-001"}], "linking": [[0, 1]], "id": 1}, {"box": [69, 63, 398, 428], "text": "PURCHASE", "label": "others", "words": [{"box": [69, 63, 398, 428], "text": "PURCHASE"}], "linking": [], "id": 2}, {"box": [661, 69, 770, 781], "text": "ORDERDATE", "label": "date_heading", "words": [{"box": [661, 69, 770, 781], "text": "ORDERDATE"}], "linking": [[3, 4]], "id": 3}, {"box": [849, 68, 937, 951], "text": "29/01/2019", "label": "po_date", "words": [{"box": [849, 68, 937, 951], "text": "29/01/2019"}], "linking": [[3, 4]], "id": 4}, {"box": [67, 110, 283, 317], "text": "ORDER", "label": "others", "words": [{"box": [67, 110, 283, 317], "text": "ORDER"}], "linking": [], "id": 5}, {"box": [63, 214, 118, 132], "text": "FROM", "label": "sender_address_title", "words": [{"box": [63, 214, 118, 132], "text": "FROM"}], "linking": [[6, 10], [6, 14], [6, 17]], "id": 6}, {"box": [280, 216, 355, 366], "text": "VENDOR", "label": "vendor_address_title", "words": [{"box": [280, 216, 355, 366], "text": "VENDOR"}], "linking": [[7, 11], [7, 15], [7, 18]], "id": 7}, {"box": [476, 214, 549, 563], "text": "SHIP TO", "label": "others", "words": [{"box": [476, 214, 549, 563], "text": "SHIP TO"}], "linking": [], "id": 8}, {"box": [717, 215, 934, 947], "text": "PURCHASE ORDER TOTAL", "label": "others", "words": [{"box": [717, 215, 934, 947], "text": "PURCHASE ORDER TOTAL"}], "linking": [], "id": 9}, {"box": [64, 231, 179, 194], "text": "Saffron Design", "label": "sender_address", "words": [{"box": [64, 231, 179, 194], "text": "Saffron Design"}], "linking": [[6, 10]], "id": 10}, {"box": [276, 231, 413, 428], "text": "Kavindra Mannan", "label": "vendor_address", "words": [{"box": [276, 231, 413, 428], "text": "Kavindra Mannan"}], "linking": [[7, 11]], "id": 11}, {"box": [475, 233, 614, 627], "text": "Kavindra Mannan", "label": "others", "words": [{"box": [475, 233, 614, 627], "text": "Kavindra Mannan"}], "linking": [], "id": 12}, {"box": [764, 238, 936, 958], "text": "13,715.52", "label": "others", "words": [{"box": [764, 238, 936, 958], "text": "13,715.52"}], "linking": [], "id": 13}, {"box": [63, 249, 192, 207], "text": "77 Namrata Bldg", "label": "sender_address", "words": [{"box": [63, 249, 192, 207], "text": "77 Namrata Bldg"}], "linking": [[6, 14]], "id": 14}, {"box": [277, 248, 417, 433], "text": "27Dlf City.Gupta", "label": "vendor_address", "words": [{"box": [277, 248, 417, 433], "text": "27Dlf City.Gupta"}], "linking": [[7, 15]], "id": 15}, {"box": [476, 249, 629, 644], "text": "264,Abdul Rehman", "label": "others", "words": [{"box": [476, 249, 629, 644], "text": "264,Abdul Rehman"}], "linking": [], "id": 16}, {"box": [64, 266, 213, 226], "text": "Delhi,Delhi 400077", "label": "sender_address", "words": [{"box": [64, 266, 213, 226], "text": "Delhi,Delhi 400077"}], "linking": [[6, 17]], "id": 17}, {"box": [279, 266, 419, 432], "text": "Delhi,Delhi 40003", "label": "vendor_address", "words": [{"box": [279, 266, 419, 432], "text": "Delhi,Delhi 40003"}], "linking": [[7, 18]], "id": 18}, {"box": [476, 265, 639, 652], "text": "Mumbai,Bihar 40009", "label": "others", "words": [{"box": [476, 265, 639, 652], "text": "Mumbai,Bihar 40009"}], "linking": [], "id": 19}, {"box": [63, 333, 182, 196], "text": "DESCRIPTION", "label": "column_name", "words": [{"box": [63, 333, 182, 196], "text": "DESCRIPTION"}], "linking": [[20, 24], [20, 28], [20, 32]], "id": 20}, {"box": [528, 333, 628, 642], "text": "UNIT PRICE", "label": "column_name", "words": [{"box": [528, 333, 628, 642], "text": "UNIT PRICE"}], "linking": [[21, 25], [21, 29], [21, 33]], "id": 21}, {"box": [691, 331, 732, 749], "text": "QTY", "label": "column_name", "words": [{"box": [691, 331, 732, 749], "text": "QTY"}], "linking": [[22, 26], [22, 30], [22, 34]], "id": 22}, {"box": [860, 333, 939, 953], "text": "AMOUNT", "label": "column_name", "words": [{"box": [860, 333, 939, 953], "text": "AMOUNT"}], "linking": [[23, 27], [23, 31], [23, 35]], "id": 23}, {"box": [63, 357, 272, 287], "text": "Frontend design restructure", "label": "column_value", "words": [{"box": [63, 357, 272, 287], "text": "Frontend design restructure"}], "linking": [[20, 24]], "id": 24}, {"box": [559, 356, 630, 644], "text": "9,999.00", "label": "column_value", "words": [{"box": [559, 356, 630, 644], "text": "9,999.00"}], "linking": [[21, 25]], "id": 25}, {"box": [705, 357, 718, 730], "text": "1", "label": "column_value", "words": [{"box": [705, 357, 718, 730], "text": "1"}], "linking": [[22, 26]], "id": 26}, {"box": [868, 356, 939, 953], "text": "9,999.00", "label": "column_value", "words": [{"box": [868, 356, 939, 953], "text": "9,999.00"}], "linking": [[23, 27]], "id": 27}, {"box": [64, 382, 228, 242], "text": "Custom icon package", "label": "column_value", "words": [{"box": [64, 382, 228, 242], "text": "Custom icon package"}], "linking": [[20, 28]], "id": 28}, {"box": [572, 380, 628, 643], "text": "975.00", "label": "column_value", "words": [{"box": [572, 380, 628, 643], "text": "975.00"}], "linking": [[21, 29]], "id": 29}, {"box": [703, 379, 720, 737], "text": "2", "label": "column_value", "words": [{"box": [703, 379, 720, 737], "text": "2"}], "linking": [[22, 30]], "id": 30}, {"box": [869, 380, 938, 953], "text": "1,950.00", "label": "column_value", "words": [{"box": [869, 380, 938, 953], "text": "1,950.00"}], "linking": [[23, 31]], "id": 31}, {"box": [64, 404, 208, 222], "text": "Gandhi mouse pad", "label": "column_value", "words": [{"box": [64, 404, 208, 222], "text": "Gandhi mouse pad"}], "linking": [[20, 32]], "id": 32}, {"box": [580, 403, 629, 644], "text": "99.00", "label": "column_value", "words": [{"box": [580, 403, 629, 644], "text": "99.00"}], "linking": [[21, 33]], "id": 33}, {"box": [703, 403, 720, 735], "text": "3", "label": "column_value", "words": [{"box": [703, 403, 720, 735], "text": "3"}], "linking": [[22, 34]], "id": 34}, {"box": [881, 403, 938, 953], "text": "297.00", "label": "column_value", "words": [{"box": [881, 403, 938, 953], "text": "297.00"}], "linking": [[23, 35]], "id": 35}, {"box": [640, 462, 729, 743], "text": "SUBTOTAL", "label": "others", "words": [{"box": [640, 462, 729, 743], "text": "SUBTOTAL"}], "linking": [], "id": 36}, {"box": [861, 462, 938, 952], "text": "12,246.00", "label": "others", "words": [{"box": [861, 462, 938, 952], "text": "12,246.00"}], "linking": [], "id": 37}, {"box": [641, 488, 730, 745], "text": "GST 12.0%", "label": "others", "words": [{"box": [641, 488, 730, 745], "text": "GST 12.0%"}], "linking": [], "id": 38}, {"box": [869, 488, 938, 953], "text": "1,469.52", "label": "others", "words": [{"box": [869, 488, 938, 953], "text": "1,469.52"}], "linking": [], "id": 39}, {"box": [663, 548, 731, 747], "text": "TOTAL", "label": "total_id", "words": [{"box": [663, 548, 731, 747], "text": "TOTAL"}], "linking": [[40, 41]], "id": 40}, {"box": [831, 549, 939, 956], "text": "13,715.52", "label": "total_cost", "words": [{"box": [831, 549, 939, 956], "text": "13,715.52"}], "linking": [[40, 41]], "id": 41}, {"box": [65, 863, 252, 266], "text": "TERMS & CONDITIONS", "label": "others", "words": [{"box": [65, 863, 252, 266], "text": "TERMS & CONDITIONS"}], "linking": [], "id": 42}, {"box": [63, 881, 294, 309], "text": "Payment is due within 15 days", "label": "others", "words": [{"box": [63, 881, 294, 309], "text": "Payment is due within 15 days"}], "linking": [], "id": 43}, {"box": [65, 914, 208, 222], "text": "State Bank of India", "label": "others", "words": [{"box": [65, 914, 208, 222], "text": "State Bank of India"}], "linking": [], "id": 44}, {"box": [63, 930, 276, 290], "text": "Account Number:12345678", "label": "others", "words": [{"box": [63, 930, 276, 290], "text": "Account Number:12345678"}], "linking": [], "id": 45}, {"box": [64, 949, 300, 313], "text": "Routing Number:09876543210", "label": "others", "words": [{"box": [64, 949, 300, 313], "text": "Routing Number:09876543210"}], "linking": [], "id": 46}]}