{"form": [{"box": [366, 52, 930, 976], "text": "Purchase Order", "label": "others", "words": [{"box": [366, 52, 930, 976], "text": "Purchase Order"}], "linking": [], "id": 0}, {"box": [70, 147, 249, 264], "text": "FASHION QUEEN", "label": "sender_address_title", "words": [{"box": [70, 147, 249, 264], "text": "FASHION QUEEN"}], "linking": [[1, 3], [1, 5], [1, 6]], "id": 1}, {"box": [625, 148, 814, 829], "text": "PURCHASE ORDER #:", "label": "po_no_heading", "words": [{"box": [625, 148, 814, 829], "text": "PURCHASE ORDER #:"}], "linking": [[2, 74]], "id": 2}, {"box": [89, 172, 230, 244], "text": "108 Waldorf Street", "label": "sender_address", "words": [{"box": [89, 172, 230, 244], "text": "108 Waldorf Street"}], "linking": [[1, 3]], "id": 3}, {"box": [646, 171, 704, 718], "text": "DATE: ", "label": "date_heading", "words": [{"box": [646, 171, 704, 718], "text": "DATE: "}], "linking": [[4, 75]], "id": 4}, {"box": [88, 191, 228, 243], "text": "Coventry, 25448 IL", "label": "sender_address", "words": [{"box": [88, 191, 228, 243], "text": "Coventry, 25448 IL"}], "linking": [[1, 5]], "id": 5}, {"box": [92, 211, 225, 240], "text": "(000) 1234 56789", "label": "sender_address", "words": [{"box": [92, 211, 225, 240], "text": "(000) 1234 56789"}], "linking": [[1, 6]], "id": 6}, {"box": [326, 269, 649, 664], "text": "CLENTINFORMATION", "label": "others", "words": [{"box": [326, 269, 649, 664], "text": "CLENTINFORMATION"}], "linking": [], "id": 7}, {"box": [48, 304, 110, 124], "text": "Name:", "label": "others", "words": [{"box": [48, 304, 110, 124], "text": "Name:"}], "linking": [], "id": 8}, {"box": [132, 304, 607, 622], "text": "FASHION ITEMS INC  Attn. Sam Martin (Chief of Finance)", "label": "others", "words": [{"box": [132, 304, 607, 622], "text": "FASHION ITEMS INC  Attn. Sam Martin (Chief of Finance)"}], "linking": [], "id": 9}, {"box": [48, 330, 128, 144], "text": "Address:", "label": "vendor_address_title", "words": [{"box": [48, 330, 128, 144], "text": "Address:"}], "linking": [[10, 11]], "id": 10}, {"box": [162, 332, 556, 570], "text": "211 Arrow Bay, Westminster, 21656 Los Angeles.", "label": "vendor_address", "words": [{"box": [162, 332, 556, 570], "text": "211 Arrow Bay, Westminster, 21656 Los Angeles."}], "linking": [[10, 11]], "id": 11}, {"box": [51, 360, 106, 117], "text": "Email:", "label": "others", "words": [{"box": [51, 360, 106, 117], "text": "Email:"}], "linking": [], "id": 12}, {"box": [579, 360, 643, 654], "text": "Phone:", "label": "others", "words": [{"box": [579, 360, 643, 654], "text": "Phone:"}], "linking": [], "id": 13}, {"box": [689, 359, 832, 847], "text": "(555) 1234 56789", "label": "others", "words": [{"box": [689, 359, 832, 847], "text": "(555) 1234 56789"}], "linking": [], "id": 14}, {"box": [128, 361, 326, 340], "text": "info@fashionitems.com", "label": "others", "words": [{"box": [128, 361, 326, 340], "text": "info@fashionitems.com"}], "linking": [], "id": 15}, {"box": [326, 419, 649, 664], "text": "ORDER INFORMATION", "label": "others", "words": [{"box": [326, 419, 649, 664], "text": "ORDER INFORMATION"}], "linking": [], "id": 16}, {"box": [61, 455, 171, 181], "text": "PRODUCT NAME", "label": "column_name", "words": [{"box": [61, 455, 171, 181], "text": "PRODUCT NAME"}], "linking": [[17, 27], [17, 31], [17, 39], [17, 43]], "id": 17}, {"box": [400, 455, 446, 457], "text": "ITEM #", "label": "column_name", "words": [{"box": [400, 455, 446, 457], "text": "ITEM #"}], "linking": [[18, 24], [18, 32], [18, 40], [18, 44]], "id": 18}, {"box": [497, 455, 539, 550], "text": "PRICE", "label": "column_name", "words": [{"box": [497, 455, 539, 550], "text": "PRICE"}], "linking": [[19, 25], [19, 33], [19, 41], [19, 45]], "id": 19}, {"box": [586, 454, 620, 636], "text": "QTy", "label": "column_name", "words": [{"box": [586, 454, 620, 636], "text": "QTy"}], "linking": [[20, 30], [20, 34], [20, 42], [20, 48]], "id": 20}, {"box": [656, 454, 687, 700], "text": " SIZE", "label": "column_name", "words": [{"box": [656, 454, 687, 700], "text": " SIZE"}], "linking": [[21, 26], [21, 35], [21, 76], [21, 78]], "id": 21}, {"box": [731, 454, 789, 801], "text": "COLOUR", "label": "column_name", "words": [{"box": [731, 454, 789, 801], "text": "COLOUR"}], "linking": [[22, 28], [22, 36], [22, 77], [22, 46]], "id": 22}, {"box": [878, 455, 921, 931], "text": "TOTAL", "label": "column_name", "words": [{"box": [878, 455, 921, 931], "text": "TOTAL"}], "linking": [[23, 29], [23, 37], [23, 38], [23, 47]], "id": 23}, {"box": [391, 477, 452, 464], "text": "99880052", "label": "column_value", "words": [{"box": [391, 477, 452, 464], "text": "99880052"}], "linking": [[18, 24]], "id": 24}, {"box": [485, 477, 546, 558], "text": "1,080.00$", "label": "column_value", "words": [{"box": [485, 477, 546, 558], "text": "1,080.00$"}], "linking": [[19, 25]], "id": 25}, {"box": [662, 476, 681, 696], "text": "M", "label": "column_value", "words": [{"box": [662, 476, 681, 696], "text": "M"}], "linking": [[21, 26]], "id": 26}, {"box": [62, 478, 193, 203], "text": "Poshmark black dress", "label": "column_value", "words": [{"box": [62, 478, 193, 203], "text": "Poshmark black dress"}], "linking": [[17, 27]], "id": 27}, {"box": [735, 477, 778, 790], "text": "BLACK", "label": "column_value", "words": [{"box": [735, 477, 778, 790], "text": "BLACK"}], "linking": [[22, 28]], "id": 28}, {"box": [875, 477, 934, 946], "text": "1,080.00$", "label": "column_value", "words": [{"box": [875, 477, 934, 946], "text": "1,080.00$"}], "linking": [[23, 29]], "id": 29}, {"box": [600, 479, 609, 618], "text": "1", "label": "column_value", "words": [{"box": [600, 479, 609, 618], "text": "1"}], "linking": [[20, 30]], "id": 30}, {"box": [61, 500, 234, 248], "text": "Waterproof French overcoat", "label": "column_value", "words": [{"box": [61, 500, 234, 248], "text": "Waterproof French overcoat"}], "linking": [[17, 31]], "id": 31}, {"box": [390, 501, 452, 464], "text": " 99881052", "label": "column_value", "words": [{"box": [390, 501, 452, 464], "text": " 99881052"}], "linking": [[18, 32]], "id": 32}, {"box": [490, 501, 542, 554], "text": "995.00$", "label": "column_value", "words": [{"box": [490, 501, 542, 554], "text": "995.00$"}], "linking": [[19, 33]], "id": 33}, {"box": [597, 501, 609, 621], "text": "1", "label": "column_value", "words": [{"box": [597, 501, 609, 621], "text": "1"}], "linking": [[20, 34]], "id": 34}, {"box": [662, 500, 681, 696], "text": "M", "label": "column_value", "words": [{"box": [662, 500, 681, 696], "text": "M"}], "linking": [[21, 35]], "id": 35}, {"box": [735, 501, 777, 789], "text": "BLACK", "label": "column_value", "words": [{"box": [735, 501, 777, 789], "text": "BLACK"}], "linking": [[22, 36]], "id": 36}, {"box": [886, 501, 937, 949], "text": "995.00$", "label": "column_value", "words": [{"box": [886, 501, 937, 949], "text": "995.00$"}], "linking": [[23, 37]], "id": 37}, {"box": [883, 523, 936, 951], "text": "410.00$", "label": "column_value", "words": [{"box": [883, 523, 936, 951], "text": "410.00$"}], "linking": [[23, 38]], "id": 38}, {"box": [61, 524, 179, 193], "text": "Signature perfume", "label": "column_value", "words": [{"box": [61, 524, 179, 193], "text": "Signature perfume"}], "linking": [[17, 39]], "id": 39}, {"box": [391, 525, 453, 463], "text": "99885688", "label": "column_value", "words": [{"box": [391, 525, 453, 463], "text": "99885688"}], "linking": [[18, 40]], "id": 40}, {"box": [490, 525, 542, 552], "text": "205.00$", "label": "column_value", "words": [{"box": [490, 525, 542, 552], "text": "205.00$"}], "linking": [[19, 41]], "id": 41}, {"box": [598, 525, 610, 622], "text": "2", "label": "column_value", "words": [{"box": [598, 525, 610, 622], "text": "2"}], "linking": [[20, 42]], "id": 42}, {"box": [62, 549, 236, 247], "text": "Classic blazer \"mindsweeper\"", "label": "column_value", "words": [{"box": [62, 549, 236, 247], "text": "Classic blazer \"mindsweeper\""}], "linking": [[17, 43]], "id": 43}, {"box": [390, 548, 454, 466], "text": " 99884899", "label": "column_value", "words": [{"box": [390, 548, 454, 466], "text": " 99884899"}], "linking": [[18, 44]], "id": 44}, {"box": [487, 549, 546, 558], "text": "1,080.00$", "label": "column_value", "words": [{"box": [487, 549, 546, 558], "text": "1,080.00$"}], "linking": [[19, 45]], "id": 45}, {"box": [723, 548, 794, 806], "text": "RED/BLACK", "label": "column_value", "words": [{"box": [723, 548, 794, 806], "text": "RED/BLACK"}], "linking": [[22, 46]], "id": 46}, {"box": [876, 549, 937, 949], "text": "1,080.00$", "label": "column_value", "words": [{"box": [876, 549, 937, 949], "text": "1,080.00$"}], "linking": [[23, 47]], "id": 47}, {"box": [600, 551, 607, 614], "text": "1", "label": "column_value", "words": [{"box": [600, 551, 607, 614], "text": "1"}], "linking": [[20, 48]], "id": 48}, {"box": [146, 716, 371, 389], "text": "SHIPPING INFO", "label": "others", "words": [{"box": [146, 716, 371, 389], "text": "SHIPPING INFO"}], "linking": [], "id": 49}, {"box": [641, 715, 866, 884], "text": "PAYMENT INFO", "label": "others", "words": [{"box": [641, 715, 866, 884], "text": "PAYMENT INFO"}], "linking": [], "id": 50}, {"box": [48, 752, 122, 137], "text": "Method:", "label": "others", "words": [{"box": [48, 752, 122, 137], "text": "Method:"}], "linking": [], "id": 51}, {"box": [164, 752, 223, 239], "text": "Courier", "label": "others", "words": [{"box": [164, 752, 223, 239], "text": "Courier"}], "linking": [], "id": 52}, {"box": [565, 752, 642, 657], "text": "Subtotal:", "label": "others", "words": [{"box": [565, 752, 642, 657], "text": "Subtotal:"}], "linking": [], "id": 53}, {"box": [688, 751, 764, 779], "text": "3,565.00$", "label": "others", "words": [{"box": [688, 751, 764, 779], "text": "3,565.00$"}], "linking": [], "id": 54}, {"box": [815, 753, 894, 909], "text": "Discount:", "label": "others", "words": [{"box": [815, 753, 894, 909], "text": "Discount:"}], "linking": [], "id": 55}, {"box": [914, 753, 950, 963], "text": "10%", "label": "others", "words": [{"box": [914, 753, 950, 963], "text": "10%"}], "linking": [], "id": 56}, {"box": [47, 781, 134, 149], "text": "Company:", "label": "others", "words": [{"box": [47, 781, 134, 149], "text": "Company:"}], "linking": [], "id": 57}, {"box": [159, 780, 210, 225], "text": "FedEx", "label": "others", "words": [{"box": [159, 780, 210, 225], "text": "FedEx"}], "linking": [], "id": 58}, {"box": [719, 781, 801, 816], "text": "Shipping:", "label": "others", "words": [{"box": [719, 781, 801, 816], "text": "Shipping:"}], "linking": [], "id": 59}, {"box": [646, 781, 685, 698], "text": "10%", "label": "others", "words": [{"box": [646, 781, 685, 698], "text": "10%"}], "linking": [], "id": 60}, {"box": [829, 780, 884, 899], "text": "75.00$", "label": "others", "words": [{"box": [829, 780, 884, 899], "text": "75.00$"}], "linking": [], "id": 61}, {"box": [565, 782, 620, 631], "text": "Taxes:", "label": "others", "words": [{"box": [565, 782, 620, 631], "text": "Taxes:"}], "linking": [], "id": 62}, {"box": [48, 808, 117, 132], "text": "Track #:", "label": "others", "words": [{"box": [48, 808, 117, 132], "text": "Track #:"}], "linking": [], "id": 63}, {"box": [164, 808, 311, 325], "text": "1222052520000680", "label": "others", "words": [{"box": [164, 808, 311, 325], "text": "1222052520000680"}], "linking": [], "id": 64}, {"box": [565, 809, 687, 701], "text": "Payment Type:", "label": "others", "words": [{"box": [565, 809, 687, 701], "text": "Payment Type:"}], "linking": [], "id": 65}, {"box": [719, 809, 805, 816], "text": "Credit Card", "label": "others", "words": [{"box": [719, 809, 805, 816], "text": "Credit Card"}], "linking": [], "id": 66}, {"box": [48, 837, 153, 168], "text": "Arrival Date:e", "label": "others", "words": [{"box": [48, 837, 153, 168], "text": "Arrival Date:e"}], "linking": [], "id": 67}, {"box": [187, 833, 280, 295], "text": "29/09/2022", "label": "others", "words": [{"box": [187, 833, 280, 295], "text": "29/09/2022"}], "linking": [], "id": 68}, {"box": [565, 835, 635, 650], "text": "TOtAL:", "label": "total_id", "words": [{"box": [565, 835, 635, 650], "text": "TOtAL:"}], "linking": [[69, 70]], "id": 69}, {"box": [689, 839, 768, 780], "text": "3,604.35$", "label": "total_cost", "words": [{"box": [689, 839, 768, 780], "text": "3,604.35$"}], "linking": [[69, 70]], "id": 70}, {"box": [436, 883, 536, 558], "text": "NOTES", "label": "others", "words": [{"box": [436, 883, 536, 558], "text": "NOTES"}], "linking": [], "id": 71}, {"box": [58, 939, 891, 905], "text": "The amount of the Purchase Order is the agreed fixed price and shall not be exceeded without advanced written.", "label": "others", "words": [{"box": [58, 939, 891, 905], "text": "The amount of the Purchase Order is the agreed fixed price and shall not be exceeded without advanced written."}], "linking": [], "id": 72}, {"box": [61, 960, 804, 814], "text": "consent. Lorem ipsum dolor sit amet, consectetuer adipiscing elit. Maecenas porttitor congue massa.", "label": "others", "words": [{"box": [61, 960, 804, 814], "text": "consent. Lorem ipsum dolor sit amet, consectetuer adipiscing elit. Maecenas porttitor congue massa."}], "linking": [], "id": 73}, {"box": [828, 145, 922, 943], "text": "123456/22", "label": "po_no", "words": [{"box": [828, 145, 922, 943], "text": "123456/22"}], "linking": [[2, 74]], "id": 74}, {"box": [716, 170, 924, 940], "text": "22ND SEPTEMBER, 2022", "label": "po_date", "words": [{"box": [716, 170, 924, 940], "text": "22ND SEPTEMBER, 2022"}], "linking": [[4, 75]], "id": 75}, {"box": [667, 526, 683, 691], "text": "*", "label": "column_value", "words": [{"box": [667, 526, 683, 691], "text": "*"}], "linking": [[21, 76]], "id": 76}, {"box": [747, 525, 766, 774], "text": "*", "label": "column_value", "words": [{"box": [747, 525, 766, 774], "text": "*"}], "linking": [[22, 77]], "id": 77}, {"box": [666, 549, 682, 694], "text": "L", "label": "column_value", "words": [{"box": [666, 549, 682, 694], "text": "L"}], "linking": [[21, 78]], "id": 78}]}