{"form": [{"box": [63, 95, 631, 662], "text": "PURCHASE ORDER", "label": "others", "words": [{"box": [63, 95, 631, 662], "text": "PURCHASE ORDER"}], "linking": [], "id": 0}, {"box": [64, 174, 140, 154], "text": "VENDOR", "label": "vendor_address_title", "words": [{"box": [64, 174, 140, 154], "text": "VENDOR"}], "linking": [[1, 5], [1, 9], [1, 11]], "id": 1}, {"box": [293, 174, 364, 378], "text": "SHIP TO", "label": "sender_address_title", "words": [{"box": [293, 174, 364, 378], "text": "SHIP TO"}], "linking": [[2, 6], [2, 10], [2, 12]], "id": 2}, {"box": [705, 174, 785, 799], "text": "ORDER #", "label": "po_no_heading", "words": [{"box": [705, 174, 785, 799], "text": "ORDER #"}], "linking": [[3, 4]], "id": 3}, {"box": [883, 174, 938, 953], "text": "IN-001", "label": "po_no", "words": [{"box": [883, 174, 938, 953], "text": "IN-001"}], "linking": [[3, 4]], "id": 4}, {"box": [64, 195, 197, 211], "text": "Kavindra Mannan", "label": "vendor_address", "words": [{"box": [64, 195, 197, 211], "text": "Kavindra Mannan"}], "linking": [[1, 5]], "id": 5}, {"box": [293, 195, 430, 444], "text": "Kavindra Mannan", "label": "sender_address", "words": [{"box": [293, 195, 430, 444], "text": "Kavindra Mannan"}], "linking": [[2, 6]], "id": 6}, {"box": [668, 198, 784, 799], "text": "ORDER DATE", "label": "date_heading", "words": [{"box": [668, 198, 784, 799], "text": "ORDER DATE"}], "linking": [[7, 8]], "id": 7}, {"box": [848, 198, 936, 950], "text": "29/01/2019", "label": "po_date", "words": [{"box": [848, 198, 936, 950], "text": "29/01/2019"}], "linking": [[7, 8]], "id": 8}, {"box": [63, 211, 203, 219], "text": "27.Dlf CityGupta", "label": "vendor_address", "words": [{"box": [63, 211, 203, 219], "text": "27.Dlf CityGupta"}], "linking": [[1, 9]], "id": 9}, {"box": [292, 213, 447, 461], "text": "264,Abdul Rehman", "label": "sender_address", "words": [{"box": [292, 213, 447, 461], "text": "264,Abdul Rehman"}], "linking": [[2, 10]], "id": 10}, {"box": [63, 229, 203, 217], "text": "Delhi, Delhi 40003", "label": "vendor_address", "words": [{"box": [63, 229, 203, 217], "text": "Delhi, Delhi 40003"}], "linking": [[1, 11]], "id": 11}, {"box": [295, 229, 456, 470], "text": "Mumbai, Bihar 40009", "label": "sender_address", "words": [{"box": [295, 229, 456, 470], "text": "Mumbai, Bihar 40009"}], "linking": [[2, 12]], "id": 12}, {"box": [363, 295, 624, 650], "text": "Saffron Design", "label": "others", "words": [{"box": [363, 295, 624, 650], "text": "Saffron Design"}], "linking": [], "id": 13}, {"box": [432, 322, 564, 581], "text": "77 Namrata Bldg", "label": "others", "words": [{"box": [432, 322, 564, 581], "text": "77 Namrata Bldg"}], "linking": [], "id": 14}, {"box": [425, 340, 574, 589], "text": "Delhi, Delhi 400077", "label": "others", "words": [{"box": [425, 340, 574, 589], "text": "Delhi, Delhi 400077"}], "linking": [], "id": 15}, {"box": [63, 399, 182, 196], "text": "DESCRIPTION", "label": "column_name", "words": [{"box": [63, 399, 182, 196], "text": "DESCRIPTION"}], "linking": [[16, 20], [16, 24], [16, 28]], "id": 16}, {"box": [531, 400, 628, 640], "text": "UNIT PRICE", "label": "column_name", "words": [{"box": [531, 400, 628, 640], "text": "UNIT PRICE"}], "linking": [[17, 21], [17, 25], [17, 29]], "id": 17}, {"box": [661, 398, 701, 717], "text": "QTY", "label": "column_name", "words": [{"box": [661, 398, 701, 717], "text": "QTY"}], "linking": [[18, 22], [18, 26], [18, 30]], "id": 18}, {"box": [860, 398, 935, 951], "text": "AMOUNT", "label": "column_name", "words": [{"box": [860, 398, 935, 951], "text": "AMOUNT"}], "linking": [[19, 23], [19, 27], [19, 31]], "id": 19}, {"box": [61, 429, 273, 288], "text": "Frontend design restructure", "label": "column_value", "words": [{"box": [61, 429, 273, 288], "text": "Frontend design restructure"}], "linking": [[16, 20]], "id": 20}, {"box": [559, 428, 630, 646], "text": "9,999.00", "label": "column_value", "words": [{"box": [559, 428, 630, 646], "text": "9,999.00"}], "linking": [[17, 21]], "id": 21}, {"box": [676, 429, 688, 702], "text": "1", "label": "column_value", "words": [{"box": [676, 429, 688, 702], "text": "1"}], "linking": [[18, 22]], "id": 22}, {"box": [868, 428, 939, 955], "text": "9,999.00", "label": "column_value", "words": [{"box": [868, 428, 939, 955], "text": "9,999.00"}], "linking": [[19, 23]], "id": 23}, {"box": [63, 453, 228, 242], "text": "Custom icon package", "label": "column_value", "words": [{"box": [63, 453, 228, 242], "text": "Custom icon package"}], "linking": [[16, 24]], "id": 24}, {"box": [572, 452, 629, 643], "text": "975.00", "label": "column_value", "words": [{"box": [572, 452, 629, 643], "text": "975.00"}], "linking": [[17, 25]], "id": 25}, {"box": [671, 452, 691, 706], "text": "2", "label": "column_value", "words": [{"box": [671, 452, 691, 706], "text": "2"}], "linking": [[18, 26]], "id": 26}, {"box": [869, 452, 938, 952], "text": "1,950.00", "label": "column_value", "words": [{"box": [869, 452, 938, 952], "text": "1,950.00"}], "linking": [[19, 27]], "id": 27}, {"box": [64, 477, 208, 223], "text": "Gandhi mouse pad", "label": "column_value", "words": [{"box": [64, 477, 208, 223], "text": "Gandhi mouse pad"}], "linking": [[16, 28]], "id": 28}, {"box": [581, 476, 629, 645], "text": "99.00", "label": "column_value", "words": [{"box": [581, 476, 629, 645], "text": "99.00"}], "linking": [[17, 29]], "id": 29}, {"box": [672, 476, 691, 707], "text": "3", "label": "column_value", "words": [{"box": [672, 476, 691, 707], "text": "3"}], "linking": [[18, 30]], "id": 30}, {"box": [883, 476, 939, 955], "text": "297.00", "label": "column_value", "words": [{"box": [883, 476, 939, 955], "text": "297.00"}], "linking": [[19, 31]], "id": 31}, {"box": [639, 521, 730, 744], "text": "SUBTOTAL", "label": "others", "words": [{"box": [639, 521, 730, 744], "text": "SUBTOTAL"}], "linking": [], "id": 32}, {"box": [859, 521, 936, 950], "text": "12,246.00", "label": "others", "words": [{"box": [859, 521, 936, 950], "text": "12,246.00"}], "linking": [], "id": 33}, {"box": [647, 542, 731, 745], "text": "GST 12.0%", "label": "others", "words": [{"box": [647, 542, 731, 745], "text": "GST 12.0%"}], "linking": [], "id": 34}, {"box": [875, 542, 939, 953], "text": "1,469.52", "label": "others", "words": [{"box": [875, 542, 939, 953], "text": "1,469.52"}], "linking": [], "id": 35}, {"box": [673, 591, 936, 950], "text": "PURCHASE ORDER TOTAL", "label": "total_id", "words": [{"box": [673, 591, 936, 950], "text": "PURCHASE ORDER TOTAL"}], "linking": [[36, 37]], "id": 36}, {"box": [832, 618, 936, 951], "text": "13,715.52", "label": "total_cost", "words": [{"box": [832, 618, 936, 951], "text": "13,715.52"}], "linking": [[36, 37]], "id": 37}, {"box": [65, 829, 252, 265], "text": "TERMS & CONDITIONS", "label": "others", "words": [{"box": [65, 829, 252, 265], "text": "TERMS & CONDITIONS"}], "linking": [], "id": 38}, {"box": [64, 847, 293, 306], "text": "Payment is due within 15 days", "label": "others", "words": [{"box": [64, 847, 293, 306], "text": "Payment is due within 15 days"}], "linking": [], "id": 39}, {"box": [64, 880, 208, 222], "text": "State Bank of India", "label": "others", "words": [{"box": [64, 880, 208, 222], "text": "State Bank of India"}], "linking": [], "id": 40}, {"box": [64, 898, 275, 288], "text": "Account Number:12345678", "label": "others", "words": [{"box": [64, 898, 275, 288], "text": "Account Number:12345678"}], "linking": [], "id": 41}, {"box": [64, 914, 300, 314], "text": "Routing Number:09876543210", "label": "others", "words": [{"box": [64, 914, 300, 314], "text": "Routing Number:09876543210"}], "linking": [], "id": 42}]}