{"form": [{"box": [76, 47, 595, 640], "text": "PURCHASE ORDER", "label": "others", "words": [{"box": [76, 47, 595, 640], "text": "PURCHASE ORDER"}], "linking": [], "id": 0}, {"box": [71, 121, 194, 209], "text": "Saffron Design", "label": "others", "words": [{"box": [71, 121, 194, 209], "text": "Saffron Design"}], "linking": [], "id": 1}, {"box": [68, 139, 201, 219], "text": "77 Namrata 8ldg", "label": "others", "words": [{"box": [68, 139, 201, 219], "text": "77 Namrata 8ldg"}], "linking": [], "id": 2}, {"box": [72, 158, 220, 233], "text": "Delhi, Delhi 400077", "label": "others", "words": [{"box": [72, 158, 220, 233], "text": "Delhi, Delhi 400077"}], "linking": [], "id": 3}, {"box": [69, 195, 141, 160], "text": "VENDOR", "label": "vendor_address_title", "words": [{"box": [69, 195, 141, 160], "text": "VENDOR"}], "linking": [[4, 8], [4, 12], [4, 14]], "id": 4}, {"box": [347, 194, 415, 435], "text": "SHIP TO", "label": "sender_address_title", "words": [{"box": [347, 194, 415, 435], "text": "SHIP TO"}], "linking": [[5, 9], [5, 13], [5, 15]], "id": 5}, {"box": [612, 192, 689, 712], "text": "ORDER #", "label": "po_no_heading", "words": [{"box": [612, 192, 689, 712], "text": "ORDER #"}], "linking": [[6, 7]], "id": 6}, {"box": [875, 199, 931, 947], "text": "IN-001", "label": "po_no", "words": [{"box": [875, 199, 931, 947], "text": "IN-001"}], "linking": [[6, 7]], "id": 7}, {"box": [69, 221, 205, 220], "text": "Kavindra Mannan", "label": "vendor_address", "words": [{"box": [69, 221, 205, 220], "text": "Kavindra Mannan"}], "linking": [[4, 8]], "id": 8}, {"box": [347, 221, 483, 498], "text": "Kavindra Mannan", "label": "sender_address", "words": [{"box": [347, 221, 483, 498], "text": "Kavindra Mannan"}], "linking": [[5, 9]], "id": 9}, {"box": [613, 220, 717, 735], "text": "ORDERDATE", "label": "date_heading", "words": [{"box": [613, 220, 717, 735], "text": "ORDERDATE"}], "linking": [[10, 11]], "id": 10}, {"box": [843, 224, 931, 945], "text": "29/01/2019", "label": "po_date", "words": [{"box": [843, 224, 931, 945], "text": "29/01/2019"}], "linking": [[10, 11]], "id": 11}, {"box": [72, 238, 209, 223], "text": "27Dlf City.Gupta", "label": "vendor_address", "words": [{"box": [72, 238, 209, 223], "text": "27Dlf City.Gupta"}], "linking": [[4, 12]], "id": 12}, {"box": [348, 238, 500, 513], "text": "264,Abdul Rehman", "label": "sender_address", "words": [{"box": [348, 238, 500, 513], "text": "264,Abdul Rehman"}], "linking": [[5, 13]], "id": 13}, {"box": [72, 255, 209, 222], "text": "Delhi,Delhi 40003", "label": "vendor_address", "words": [{"box": [72, 255, 209, 222], "text": "Delhi,Delhi 40003"}], "linking": [[4, 14]], "id": 14}, {"box": [348, 255, 511, 524], "text": "Mumbai,Bihar 40009", "label": "sender_address", "words": [{"box": [348, 255, 511, 524], "text": "Mumbai,Bihar 40009"}], "linking": [[5, 15]], "id": 15}, {"box": [93, 325, 136, 158], "text": "QTY", "label": "column_name", "words": [{"box": [93, 325, 136, 158], "text": "QTY"}], "linking": [[16, 20], [16, 24], [16, 28]], "id": 16}, {"box": [297, 327, 406, 424], "text": "DESCRIPTION", "label": "column_name", "words": [{"box": [297, 327, 406, 424], "text": "DESCRIPTION"}], "linking": [[17, 21], [17, 25], [17, 29]], "id": 17}, {"box": [604, 325, 699, 721], "text": "UNIT PRICE", "label": "column_name", "words": [{"box": [604, 325, 699, 721], "text": "UNIT PRICE"}], "linking": [[18, 22], [18, 26], [18, 30]], "id": 18}, {"box": [844, 326, 917, 937], "text": "AMOUNT", "label": "column_name", "words": [{"box": [844, 326, 917, 937], "text": "AMOUNT"}], "linking": [[19, 23], [19, 27], [19, 31]], "id": 19}, {"box": [107, 363, 120, 132], "text": "1", "label": "column_value", "words": [{"box": [107, 363, 120, 132], "text": "1"}], "linking": [[16, 20]], "id": 20}, {"box": [169, 362, 377, 391], "text": "Frontend design restructure", "label": "column_value", "words": [{"box": [169, 362, 377, 391], "text": "Frontend design restructure"}], "linking": [[17, 21]], "id": 21}, {"box": [628, 362, 700, 714], "text": "9,999.00", "label": "column_value", "words": [{"box": [628, 362, 700, 714], "text": "9,999.00"}], "linking": [[18, 22]], "id": 22}, {"box": [845, 362, 917, 931], "text": "9,999.00", "label": "column_value", "words": [{"box": [845, 362, 917, 931], "text": "9,999.00"}], "linking": [[19, 23]], "id": 23}, {"box": [104, 392, 124, 140], "text": "2", "label": "column_value", "words": [{"box": [104, 392, 124, 140], "text": "2"}], "linking": [[16, 24]], "id": 24}, {"box": [169, 393, 333, 347], "text": "Custom icon package", "label": "column_value", "words": [{"box": [169, 393, 333, 347], "text": "Custom icon package"}], "linking": [[17, 25]], "id": 25}, {"box": [641, 392, 700, 715], "text": "975.00", "label": "column_value", "words": [{"box": [641, 392, 700, 715], "text": "975.00"}], "linking": [[18, 26]], "id": 26}, {"box": [848, 392, 917, 932], "text": "1,950.00", "label": "column_value", "words": [{"box": [848, 392, 917, 932], "text": "1,950.00"}], "linking": [[19, 27]], "id": 27}, {"box": [104, 422, 123, 138], "text": "3", "label": "column_value", "words": [{"box": [104, 422, 123, 138], "text": "3"}], "linking": [[16, 28]], "id": 28}, {"box": [167, 423, 314, 328], "text": "Gandhi mouse pad", "label": "column_value", "words": [{"box": [167, 423, 314, 328], "text": "Gandhi mouse pad"}], "linking": [[17, 29]], "id": 29}, {"box": [652, 422, 700, 715], "text": "99.00", "label": "column_value", "words": [{"box": [652, 422, 700, 715], "text": "99.00"}], "linking": [[18, 30]], "id": 30}, {"box": [860, 423, 919, 933], "text": "297.00", "label": "column_value", "words": [{"box": [860, 423, 919, 933], "text": "297.00"}], "linking": [[19, 31]], "id": 31}, {"box": [632, 465, 700, 715], "text": "Subtotal", "label": "others", "words": [{"box": [632, 465, 700, 715], "text": "Subtotal"}], "linking": [], "id": 32}, {"box": [839, 464, 918, 932], "text": "12,246.00", "label": "others", "words": [{"box": [839, 464, 918, 932], "text": "12,246.00"}], "linking": [], "id": 33}, {"box": [607, 493, 698, 716], "text": "GST 12.0%", "label": "others", "words": [{"box": [607, 493, 698, 716], "text": "GST 12.0%"}], "linking": [], "id": 34}, {"box": [848, 494, 917, 932], "text": "1,469.52", "label": "others", "words": [{"box": [848, 494, 917, 932], "text": "1,469.52"}], "linking": [], "id": 35}, {"box": [639, 523, 700, 720], "text": "TOTAL", "label": "total_id", "words": [{"box": [639, 523, 700, 720], "text": "TOTAL"}], "linking": [[36, 37]], "id": 36}, {"box": [804, 523, 915, 937], "text": "13,715.52", "label": "total_cost", "words": [{"box": [804, 523, 915, 937], "text": "13,715.52"}], "linking": [[36, 37]], "id": 37}, {"box": [704, 592, 923, 987], "text": "FrigyaChpra", "label": "others", "words": [{"box": [704, 592, 923, 987], "text": "FrigyaChpra"}], "linking": [], "id": 38}, {"box": [517, 824, 689, 704], "text": "TERMS & CONDITIONS", "label": "others", "words": [{"box": [517, 824, 689, 704], "text": "TERMS & CONDITIONS"}], "linking": [], "id": 39}, {"box": [516, 868, 747, 761], "text": "Payment is due within 15 days", "label": "others", "words": [{"box": [516, 868, 747, 761], "text": "Payment is due within 15 days"}], "linking": [], "id": 40}, {"box": [168, 907, 504, 559], "text": "Thank you", "label": "others", "words": [{"box": [168, 907, 504, 559], "text": "Thank you"}], "linking": [], "id": 41}, {"box": [517, 902, 662, 675], "text": "State Bank of India", "label": "others", "words": [{"box": [517, 902, 662, 675], "text": "State Bank of India"}], "linking": [], "id": 42}, {"box": [517, 919, 730, 743], "text": "Account Number:12345678", "label": "others", "words": [{"box": [517, 919, 730, 743], "text": "Account Number:12345678"}], "linking": [], "id": 43}, {"box": [516, 936, 755, 769], "text": "Routing Number09876543210", "label": "others", "words": [{"box": [516, 936, 755, 769], "text": "Routing Number09876543210"}], "linking": [], "id": 44}]}