{"form": [{"box": [71, 69, 426, 468], "text": "purchase", "label": "others", "words": [{"box": [71, 69, 426, 468], "text": "purchase"}], "linking": [], "id": 0}, {"box": [820, 75, 915, 940], "text": "LOGO", "label": "others", "words": [{"box": [820, 75, 915, 940], "text": "LOGO"}], "linking": [], "id": 1}, {"box": [68, 128, 285, 325], "text": "order", "label": "others", "words": [{"box": [68, 128, 285, 325], "text": "order"}], "linking": [], "id": 2}, {"box": [69, 219, 132, 151], "text": "FROM", "label": "sender_address_title", "words": [{"box": [69, 219, 132, 151], "text": "FROM"}], "linking": [[3, 6], [3, 9], [3, 10]], "id": 3}, {"box": [661, 219, 765, 783], "text": "ORDER #", "label": "po_no_heading", "words": [{"box": [661, 219, 765, 783], "text": "ORDER #"}], "linking": [[4, 5]], "id": 4}, {"box": [873, 221, 930, 945], "text": "IN-001", "label": "po_no", "words": [{"box": [873, 221, 930, 945], "text": "IN-001"}], "linking": [[4, 5]], "id": 5}, {"box": [71, 246, 186, 202], "text": "Saffron Design", "label": "sender_address", "words": [{"box": [71, 246, 186, 202], "text": "Saffron Design"}], "linking": [[3, 6]], "id": 6}, {"box": [620, 243, 761, 778], "text": "ORDER DATE", "label": "date_heading", "words": [{"box": [620, 243, 761, 778], "text": "ORDER DATE"}], "linking": [[7, 8]], "id": 7}, {"box": [841, 246, 929, 945], "text": "29/01/2019", "label": "po_date", "words": [{"box": [841, 246, 929, 945], "text": "29/01/2019"}], "linking": [[7, 8]], "id": 8}, {"box": [69, 264, 201, 215], "text": "77 Namrata Bldg", "label": "sender_address", "words": [{"box": [69, 264, 201, 215], "text": "77 Namrata Bldg"}], "linking": [[3, 9]], "id": 9}, {"box": [72, 281, 219, 233], "text": "Delhi, Delhi 400077", "label": "sender_address", "words": [{"box": [72, 281, 219, 233], "text": "Delhi, Delhi 400077"}], "linking": [[3, 10]], "id": 10}, {"box": [69, 326, 158, 176], "text": "VENDOR", "label": "vendor_address_title", "words": [{"box": [69, 326, 158, 176], "text": "VENDOR"}], "linking": [[11, 13], [11, 15], [11, 17]], "id": 11}, {"box": [397, 325, 498, 516], "text": "SHIP TO", "label": "others", "words": [{"box": [397, 325, 498, 516], "text": "SHIP TO"}], "linking": [], "id": 12}, {"box": [69, 357, 205, 218], "text": "Kavindra Mannan", "label": "vendor_address", "words": [{"box": [69, 357, 205, 218], "text": "Kavindra Mannan"}], "linking": [[11, 13]], "id": 13}, {"box": [399, 357, 535, 548], "text": "Kavindra Mannan", "label": "others", "words": [{"box": [399, 357, 535, 548], "text": "Kavindra Mannan"}], "linking": [], "id": 14}, {"box": [69, 374, 209, 223], "text": "27,Dlf CityGupta", "label": "vendor_address", "words": [{"box": [69, 374, 209, 223], "text": "27,Dlf CityGupta"}], "linking": [[11, 15]], "id": 15}, {"box": [399, 374, 551, 565], "text": "264,Abdul Rehman", "label": "others", "words": [{"box": [399, 374, 551, 565], "text": "264,Abdul Rehman"}], "linking": [], "id": 16}, {"box": [69, 390, 209, 223], "text": "Delhi,Delhi 40003", "label": "vendor_address", "words": [{"box": [69, 390, 209, 223], "text": "Delhi,Delhi 40003"}], "linking": [[11, 17]], "id": 17}, {"box": [399, 392, 562, 575], "text": "Mumbai,Bihar 40009", "label": "others", "words": [{"box": [399, 392, 562, 575], "text": "Mumbai,Bihar 40009"}], "linking": [], "id": 18}, {"box": [88, 439, 133, 150], "text": "QTY", "label": "column_name", "words": [{"box": [88, 439, 133, 150], "text": "QTY"}], "linking": [[19, 23], [19, 27], [19, 31]], "id": 19}, {"box": [184, 441, 341, 355], "text": "DESCRIPTION", "label": "column_name", "words": [{"box": [184, 441, 341, 355], "text": "DESCRIPTION"}], "linking": [[20, 24], [20, 28], [20, 32]], "id": 20}, {"box": [611, 438, 755, 773], "text": "UNIT PRICE", "label": "column_name", "words": [{"box": [611, 438, 755, 773], "text": "UNIT PRICE"}], "linking": [[21, 25], [21, 29], [21, 33]], "id": 21}, {"box": [831, 439, 922, 940], "text": "AMOUNT", "label": "column_name", "words": [{"box": [831, 439, 922, 940], "text": "AMOUNT"}], "linking": [[22, 26], [22, 30], [22, 34]], "id": 22}, {"box": [89, 477, 98, 107], "text": "1", "label": "column_value", "words": [{"box": [89, 477, 98, 107], "text": "1"}], "linking": [[19, 23]], "id": 23}, {"box": [181, 475, 392, 407], "text": "Frontend design restructure", "label": "column_value", "words": [{"box": [181, 475, 392, 407], "text": "Frontend design restructure"}], "linking": [[20, 24]], "id": 24}, {"box": [684, 474, 756, 771], "text": "9,999.00", "label": "column_value", "words": [{"box": [684, 474, 756, 771], "text": "9,999.00"}], "linking": [[21, 25]], "id": 25}, {"box": [851, 474, 923, 938], "text": "9,999.00", "label": "column_value", "words": [{"box": [851, 474, 923, 938], "text": "9,999.00"}], "linking": [[22, 26]], "id": 26}, {"box": [83, 505, 102, 119], "text": "2", "label": "column_value", "words": [{"box": [83, 505, 102, 119], "text": "2"}], "linking": [[19, 27]], "id": 27}, {"box": [183, 507, 348, 363], "text": "Custom icon package", "label": "column_value", "words": [{"box": [183, 507, 348, 363], "text": "Custom icon package"}], "linking": [[20, 28]], "id": 28}, {"box": [697, 506, 754, 770], "text": "975.00", "label": "column_value", "words": [{"box": [697, 506, 754, 770], "text": "975.00"}], "linking": [[21, 29]], "id": 29}, {"box": [851, 506, 923, 938], "text": "1,950.00", "label": "column_value", "words": [{"box": [851, 506, 923, 938], "text": "1,950.00"}], "linking": [[22, 30]], "id": 30}, {"box": [83, 537, 102, 117], "text": "3", "label": "column_value", "words": [{"box": [83, 537, 102, 117], "text": "3"}], "linking": [[19, 31]], "id": 31}, {"box": [183, 538, 330, 345], "text": "Gandhi mouse pad", "label": "column_value", "words": [{"box": [183, 538, 330, 345], "text": "Gandhi mouse pad"}], "linking": [[20, 32]], "id": 32}, {"box": [707, 537, 756, 772], "text": "99.00", "label": "column_value", "words": [{"box": [707, 537, 756, 772], "text": "99.00"}], "linking": [[21, 33]], "id": 33}, {"box": [863, 537, 923, 939], "text": "297.00", "label": "column_value", "words": [{"box": [863, 537, 923, 939], "text": "297.00"}], "linking": [[22, 34]], "id": 34}, {"box": [672, 590, 740, 755], "text": "Subtotal", "label": "others", "words": [{"box": [672, 590, 740, 755], "text": "Subtotal"}], "linking": [], "id": 35}, {"box": [843, 587, 924, 942], "text": "12,246.00", "label": "others", "words": [{"box": [843, 587, 924, 942], "text": "12,246.00"}], "linking": [], "id": 36}, {"box": [649, 616, 738, 753], "text": "GST 12.0%", "label": "others", "words": [{"box": [649, 616, 738, 753], "text": "GST 12.0%"}], "linking": [], "id": 37}, {"box": [855, 617, 924, 939], "text": "1,469.52", "label": "others", "words": [{"box": [855, 617, 924, 939], "text": "1,469.52"}], "linking": [], "id": 38}, {"box": [80, 663, 215, 240], "text": "TOTAL", "label": "total_id", "words": [{"box": [80, 663, 215, 240], "text": "TOTAL"}], "linking": [[39, 40]], "id": 39}, {"box": [732, 661, 919, 944], "text": "13,715.52", "label": "total_cost", "words": [{"box": [732, 661, 919, 944], "text": "13,715.52"}], "linking": [[39, 40]], "id": 40}, {"box": [73, 831, 328, 341], "text": "TERMS & CONDITIONS", "label": "others", "words": [{"box": [73, 831, 328, 341], "text": "TERMS & CONDITIONS"}], "linking": [], "id": 41}, {"box": [72, 864, 300, 314], "text": "Payment is due within 15 days", "label": "others", "words": [{"box": [72, 864, 300, 314], "text": "Payment is due within 15 days"}], "linking": [], "id": 42}, {"box": [71, 898, 216, 230], "text": "State Bank of India", "label": "others", "words": [{"box": [71, 898, 216, 230], "text": "State Bank of India"}], "linking": [], "id": 43}, {"box": [69, 915, 282, 296], "text": "Account Number:12345678", "label": "others", "words": [{"box": [69, 915, 282, 296], "text": "Account Number:12345678"}], "linking": [], "id": 44}, {"box": [69, 932, 308, 323], "text": "Routing Number:09876543210", "label": "others", "words": [{"box": [69, 932, 308, 323], "text": "Routing Number:09876543210"}], "linking": [], "id": 45}]}