{"form": [{"box": [89, 48, 613, 658], "text": "PURCHASE ORDERS", "label": "others", "words": [{"box": [89, 48, 613, 658], "text": "PURCHASE ORDERS"}], "linking": [], "id": 0}, {"box": [85, 121, 208, 223], "text": "Saffron Design", "label": "others", "words": [{"box": [85, 121, 208, 223], "text": "Saffron Design"}], "linking": [], "id": 1}, {"box": [84, 139, 216, 234], "text": "77 Namrata Bldg", "label": "others", "words": [{"box": [84, 139, 216, 234], "text": "77 Namrata Bldg"}], "linking": [], "id": 2}, {"box": [87, 158, 234, 247], "text": "Delhi,Delhi 400077", "label": "others", "words": [{"box": [87, 158, 234, 247], "text": "Delhi,Delhi 400077"}], "linking": [], "id": 3}, {"box": [85, 195, 154, 173], "text": "VENDOR", "label": "vendor_address_title", "words": [{"box": [85, 195, 154, 173], "text": "VENDOR"}], "linking": [[4, 8], [4, 12], [4, 14]], "id": 4}, {"box": [359, 194, 426, 446], "text": "SHIP TO", "label": "sender_address_title", "words": [{"box": [359, 194, 426, 446], "text": "SHIP TO"}], "linking": [[5, 9], [5, 13], [5, 15]], "id": 5}, {"box": [623, 195, 696, 715], "text": "ORDER#", "label": "po_no_heading", "words": [{"box": [623, 195, 696, 715], "text": "ORDER#"}], "linking": [[6, 7]], "id": 6}, {"box": [888, 199, 945, 961], "text": "IN-001", "label": "po_no", "words": [{"box": [888, 199, 945, 961], "text": "IN-001"}], "linking": [[6, 7]], "id": 7}, {"box": [84, 221, 221, 236], "text": "Kavindra Mannan", "label": "vendor_address", "words": [{"box": [84, 221, 221, 236], "text": "Kavindra Mannan"}], "linking": [[4, 8]], "id": 8}, {"box": [357, 221, 496, 511], "text": "Kavindra Mannan", "label": "sender_address", "words": [{"box": [357, 221, 496, 511], "text": "Kavindra Mannan"}], "linking": [[5, 9]], "id": 9}, {"box": [624, 220, 727, 745], "text": "ORDER DATE", "label": "date_heading", "words": [{"box": [624, 220, 727, 745], "text": "ORDER DATE"}], "linking": [[10, 11]], "id": 10}, {"box": [857, 224, 945, 959], "text": "29/01/2019", "label": "po_date", "words": [{"box": [857, 224, 945, 959], "text": "29/01/2019"}], "linking": [[10, 11]], "id": 11}, {"box": [85, 238, 225, 240], "text": "27Dlf CityGupta", "label": "vendor_address", "words": [{"box": [85, 238, 225, 240], "text": "27Dlf CityGupta"}], "linking": [[4, 12]], "id": 12}, {"box": [359, 238, 512, 527], "text": "264,Abdul Rehman", "label": "sender_address", "words": [{"box": [359, 238, 512, 527], "text": "264,Abdul Rehman"}], "linking": [[5, 13]], "id": 13}, {"box": [85, 254, 226, 240], "text": "Delhi,Delhi 40003", "label": "vendor_address", "words": [{"box": [85, 254, 226, 240], "text": "Delhi,Delhi 40003"}], "linking": [[4, 14]], "id": 14}, {"box": [359, 255, 522, 535], "text": "Mumbai, Bihar 40009", "label": "sender_address", "words": [{"box": [359, 255, 522, 535], "text": "Mumbai, Bihar 40009"}], "linking": [[5, 15]], "id": 15}, {"box": [111, 327, 147, 168], "text": "QTY", "label": "column_name", "words": [{"box": [111, 327, 147, 168], "text": "QTY"}], "linking": [[16, 20], [16, 24], [16, 28]], "id": 16}, {"box": [305, 327, 413, 431], "text": "DESCRIPTION", "label": "column_name", "words": [{"box": [305, 327, 413, 431], "text": "DESCRIPTION"}], "linking": [[17, 21], [17, 25], [17, 29]], "id": 17}, {"box": [620, 327, 715, 734], "text": "UNIT PRICE", "label": "column_name", "words": [{"box": [620, 327, 715, 734], "text": "UNIT PRICE"}], "linking": [[18, 22], [18, 26], [18, 30]], "id": 18}, {"box": [857, 327, 932, 951], "text": "AMOUNT", "label": "column_name", "words": [{"box": [857, 327, 932, 951], "text": "AMOUNT"}], "linking": [[19, 23], [19, 27], [19, 31]], "id": 19}, {"box": [116, 360, 140, 148], "text": "1", "label": "column_value", "words": [{"box": [116, 360, 140, 148], "text": "1"}], "linking": [[16, 20]], "id": 20}, {"box": [183, 363, 392, 406], "text": "Frontend design restructure", "label": "column_value", "words": [{"box": [183, 363, 392, 406], "text": "Frontend design restructure"}], "linking": [[17, 21]], "id": 21}, {"box": [643, 362, 714, 728], "text": "9,999.00", "label": "column_value", "words": [{"box": [643, 362, 714, 728], "text": "9,999.00"}], "linking": [[18, 22]], "id": 22}, {"box": [860, 362, 932, 946], "text": "9,999.00", "label": "column_value", "words": [{"box": [860, 362, 932, 946], "text": "9,999.00"}], "linking": [[19, 23]], "id": 23}, {"box": [123, 393, 136, 148], "text": "2", "label": "column_value", "words": [{"box": [123, 393, 136, 148], "text": "2"}], "linking": [[16, 24]], "id": 24}, {"box": [183, 393, 347, 361], "text": "Custom icon package", "label": "column_value", "words": [{"box": [183, 393, 347, 361], "text": "Custom icon package"}], "linking": [[17, 25]], "id": 25}, {"box": [656, 392, 712, 727], "text": "975.00", "label": "column_value", "words": [{"box": [656, 392, 712, 727], "text": "975.00"}], "linking": [[18, 26]], "id": 26}, {"box": [861, 393, 932, 946], "text": "1,950.00", "label": "column_value", "words": [{"box": [861, 393, 932, 946], "text": "1,950.00"}], "linking": [[19, 27]], "id": 27}, {"box": [123, 424, 136, 147], "text": "3", "label": "column_value", "words": [{"box": [123, 424, 136, 147], "text": "3"}], "linking": [[16, 28]], "id": 28}, {"box": [181, 423, 329, 343], "text": "Gandhi mouse pad", "label": "column_value", "words": [{"box": [181, 423, 329, 343], "text": "Gandhi mouse pad"}], "linking": [[17, 29]], "id": 29}, {"box": [665, 423, 714, 728], "text": "99.00", "label": "column_value", "words": [{"box": [665, 423, 714, 728], "text": "99.00"}], "linking": [[18, 30]], "id": 30}, {"box": [873, 423, 932, 946], "text": "297.00", "label": "column_value", "words": [{"box": [873, 423, 932, 946], "text": "297.00"}], "linking": [[19, 31]], "id": 31}, {"box": [645, 466, 713, 728], "text": "Subtotal", "label": "others", "words": [{"box": [645, 466, 713, 728], "text": "Subtotal"}], "linking": [], "id": 32}, {"box": [853, 466, 930, 945], "text": "12,246.00", "label": "others", "words": [{"box": [853, 466, 930, 945], "text": "12,246.00"}], "linking": [], "id": 33}, {"box": [623, 496, 711, 727], "text": "GST 12.0%", "label": "others", "words": [{"box": [623, 496, 711, 727], "text": "GST 12.0%"}], "linking": [], "id": 34}, {"box": [861, 496, 932, 948], "text": "1,469.52", "label": "others", "words": [{"box": [861, 496, 932, 948], "text": "1,469.52"}], "linking": [], "id": 35}, {"box": [653, 524, 713, 733], "text": "TOTAL", "label": "total_id", "words": [{"box": [653, 524, 713, 733], "text": "TOTAL"}], "linking": [[36, 37]], "id": 36}, {"box": [820, 525, 931, 950], "text": "13,715.52", "label": "total_cost", "words": [{"box": [820, 525, 931, 950], "text": "13,715.52"}], "linking": [[36, 37]], "id": 37}, {"box": [97, 843, 268, 286], "text": "TERMS &CONDITIONS", "label": "others", "words": [{"box": [97, 843, 268, 286], "text": "TERMS &CONDITIONS"}], "linking": [], "id": 38}, {"box": [93, 870, 324, 338], "text": "Payment is due within 15 days", "label": "others", "words": [{"box": [93, 870, 324, 338], "text": "Payment is due within 15 days"}], "linking": [], "id": 39}, {"box": [97, 904, 240, 254], "text": "State Bank of India", "label": "others", "words": [{"box": [97, 904, 240, 254], "text": "State Bank of India"}], "linking": [], "id": 40}, {"box": [95, 921, 308, 321], "text": "Account Number.12345678", "label": "others", "words": [{"box": [95, 921, 308, 321], "text": "Account Number.12345678"}], "linking": [], "id": 41}, {"box": [92, 938, 333, 347], "text": "Routing Number09876543210", "label": "others", "words": [{"box": [92, 938, 333, 347], "text": "Routing Number09876543210"}], "linking": [], "id": 42}]}