{"form": [{"box": [111, 47, 287, 426], "text": "SA", "label": "others", "words": [{"box": [111, 47, 287, 426], "text": "SA"}], "linking": [], "id": 0}, {"box": [537, 52, 937, 964], "text": "Purchase order", "label": "others", "words": [{"box": [537, 52, 937, 964], "text": "Purchase order"}], "linking": [], "id": 1}, {"box": [682, 107, 827, 843], "text": "Purchase order no.:", "label": "po_no_heading", "words": [{"box": [682, 107, 827, 843], "text": "Purchase order no.:"}], "linking": [[2, 3]], "id": 2}, {"box": [911, 106, 940, 956], "text": "001", "label": "po_no", "words": [{"box": [911, 106, 940, 956], "text": "001"}], "linking": [[2, 3]], "id": 3}, {"box": [684, 128, 769, 782], "text": "Order date:", "label": "date_heading", "words": [{"box": [684, 128, 769, 782], "text": "Order date:"}], "linking": [[4, 5]], "id": 4}, {"box": [847, 128, 937, 950], "text": "Jul 13th, 2021", "label": "po_date", "words": [{"box": [847, 128, 937, 950], "text": "Jul 13th, 2021"}], "linking": [[4, 5]], "id": 5}, {"box": [60, 219, 113, 129], "text": "From", "label": "vendor_address_title", "words": [{"box": [60, 219, 113, 129], "text": "From"}], "linking": [[6, 8], [6, 10], [6, 12], [6, 14], [6, 16], [6, 17]], "id": 6}, {"box": [887, 219, 940, 956], "text": "Bill to", "label": "sender_address_title", "words": [{"box": [887, 219, 940, 956], "text": "Bill to"}], "linking": [[7, 9], [7, 11], [7, 13], [7, 15]], "id": 7}, {"box": [60, 241, 197, 218], "text": "Saldo Apps", "label": "vendor_address", "words": [{"box": [60, 241, 197, 218], "text": "Saldo Apps"}], "linking": [[6, 8]], "id": 8}, {"box": [771, 241, 937, 958], "text": "Shepard corp.", "label": "sender_address", "words": [{"box": [771, 241, 937, 958], "text": "Shepard corp."}], "linking": [[7, 9]], "id": 9}, {"box": [63, 271, 152, 165], "text": "John Smith", "label": "vendor_address", "words": [{"box": [63, 271, 152, 165], "text": "John Smith"}], "linking": [[6, 10]], "id": 10}, {"box": [779, 270, 939, 955], "text": "shepard@mail.com", "label": "sender_address", "words": [{"box": [779, 270, 939, 955], "text": "shepard@mail.com"}], "linking": [[7, 11]], "id": 11}, {"box": [60, 287, 226, 241], "text": "wiz@saldoapps.com", "label": "vendor_address", "words": [{"box": [60, 287, 226, 241], "text": "wiz@saldoapps.com"}], "linking": [[6, 12]], "id": 12}, {"box": [831, 288, 937, 948], "text": "80296979597", "label": "sender_address", "words": [{"box": [831, 288, 937, 948], "text": "80296979597"}], "linking": [[7, 13]], "id": 13}, {"box": [61, 303, 169, 185], "text": "80296979597", "label": "vendor_address", "words": [{"box": [61, 303, 169, 185], "text": "80296979597"}], "linking": [[6, 14]], "id": 14}, {"box": [727, 302, 938, 954], "text": "North str., 32, Chicago, USA", "label": "sender_address", "words": [{"box": [727, 302, 938, 954], "text": "North str., 32, Chicago, USA"}], "linking": [[7, 15]], "id": 15}, {"box": [63, 322, 186, 199], "text": "saldoapps.com", "label": "vendor_address", "words": [{"box": [63, 322, 186, 199], "text": "saldoapps.com"}], "linking": [[6, 16]], "id": 16}, {"box": [60, 336, 283, 299], "text": "First str.,2832, Chicago, USA", "label": "vendor_address", "words": [{"box": [60, 336, 283, 299], "text": "First str.,2832, Chicago, USA"}], "linking": [[6, 17]], "id": 17}, {"box": [869, 350, 938, 955], "text": "Shipto", "label": "others", "words": [{"box": [869, 350, 938, 955], "text": "Shipto"}], "linking": [], "id": 18}, {"box": [731, 374, 937, 948], "text": "North str., 32, Chicago, USA", "label": "others", "words": [{"box": [731, 374, 937, 948], "text": "North str., 32, Chicago, USA"}], "linking": [], "id": 19}, {"box": [742, 390, 937, 948], "text": "Track #: RO80296979597", "label": "others", "words": [{"box": [742, 390, 937, 948], "text": "Track #: RO80296979597"}], "linking": [], "id": 20}, {"box": [61, 465, 150, 163], "text": "DESCRIPTION", "label": "column_name", "words": [{"box": [61, 465, 150, 163], "text": "DESCRIPTION"}], "linking": [[21, 27], [21, 33], [21, 34], [21, 35]], "id": 21}, {"box": [426, 465, 507, 518], "text": "RATE, CADA", "label": "column_name", "words": [{"box": [426, 465, 507, 518], "text": "RATE, CADA"}], "linking": [[22, 28], [22, 36]], "id": 22}, {"box": [556, 465, 593, 607], "text": "QTY", "label": "column_name", "words": [{"box": [556, 465, 593, 607], "text": "QTY"}], "linking": [[23, 29], [23, 37]], "id": 23}, {"box": [661, 464, 696, 710], "text": "TAX", "label": "column_name", "words": [{"box": [661, 464, 696, 710], "text": "TAX"}], "linking": [[24, 30], [24, 38]], "id": 24}, {"box": [737, 464, 776, 790], "text": "DISC", "label": "column_name", "words": [{"box": [737, 464, 776, 790], "text": "DISC"}], "linking": [[25, 31], [25, 39]], "id": 25}, {"box": [832, 465, 937, 948], "text": "AMOUNT, CADA", "label": "column_name", "words": [{"box": [832, 465, 937, 948], "text": "AMOUNT, CADA"}], "linking": [[26, 32], [26, 40]], "id": 26}, {"box": [58, 497, 134, 150], "text": "Prototype", "label": "column_value", "words": [{"box": [58, 497, 134, 150], "text": "Prototype"}], "linking": [[21, 27]], "id": 27}, {"box": [408, 496, 508, 522], "text": "20,230,450.00", "label": "column_value", "words": [{"box": [408, 496, 508, 522], "text": "20,230,450.00"}], "linking": [[22, 28]], "id": 28}, {"box": [553, 495, 592, 607], "text": "2000", "label": "column_value", "words": [{"box": [553, 495, 592, 607], "text": "2000"}], "linking": [[23, 29]], "id": 29}, {"box": [639, 496, 695, 711], "text": "20.50%", "label": "column_value", "words": [{"box": [639, 496, 695, 711], "text": "20.50%"}], "linking": [[24, 30]], "id": 30}, {"box": [723, 496, 776, 790], "text": "20.50%", "label": "column_value", "words": [{"box": [723, 496, 776, 790], "text": "20.50%"}], "linking": [[25, 31]], "id": 31}, {"box": [839, 496, 939, 953], "text": "20,230,450.00", "label": "column_value", "words": [{"box": [839, 496, 939, 953], "text": "20,230,450.00"}], "linking": [[26, 32]], "id": 32}, {"box": [60, 517, 342, 357], "text": "Prototype-based programming is a style", "label": "column_value", "words": [{"box": [60, 517, 342, 357], "text": "Prototype-based programming is a style"}], "linking": [[21, 33]], "id": 33}, {"box": [58, 532, 287, 302], "text": "of object-oriented programming", "label": "column_value", "words": [{"box": [58, 532, 287, 302], "text": "of object-oriented programming"}], "linking": [[21, 34]], "id": 34}, {"box": [58, 566, 114, 131], "text": "Design", "label": "column_value", "words": [{"box": [58, 566, 114, 131], "text": "Design"}], "linking": [[21, 35]], "id": 35}, {"box": [408, 567, 508, 522], "text": "20,230,450.00", "label": "column_value", "words": [{"box": [408, 567, 508, 522], "text": "20,230,450.00"}], "linking": [[22, 36]], "id": 36}, {"box": [550, 566, 592, 609], "text": "2000", "label": "column_value", "words": [{"box": [550, 566, 592, 609], "text": "2000"}], "linking": [[23, 37]], "id": 37}, {"box": [639, 567, 699, 715], "text": "20.50%", "label": "column_value", "words": [{"box": [639, 567, 699, 715], "text": "20.50%"}], "linking": [[24, 38]], "id": 38}, {"box": [721, 566, 777, 794], "text": "20.50%", "label": "column_value", "words": [{"box": [721, 566, 777, 794], "text": "20.50%"}], "linking": [[25, 39]], "id": 39}, {"box": [837, 567, 939, 953], "text": "20,230,450.00", "label": "column_value", "words": [{"box": [837, 567, 939, 953], "text": "20,230,450.00"}], "linking": [[26, 40]], "id": 40}, {"box": [61, 623, 248, 263], "text": "Payment instruction", "label": "others", "words": [{"box": [61, 623, 248, 263], "text": "Payment instruction"}], "linking": [], "id": 41}, {"box": [597, 623, 676, 692], "text": "Subtotal:", "label": "others", "words": [{"box": [597, 623, 676, 692], "text": "Subtotal:"}], "linking": [], "id": 42}, {"box": [837, 624, 939, 952], "text": "USD8000.00", "label": "others", "words": [{"box": [837, 624, 939, 952], "text": "USD8000.00"}], "linking": [], "id": 43}, {"box": [61, 648, 166, 180], "text": "Paypal email", "label": "others", "words": [{"box": [61, 648, 166, 180], "text": "Paypal email"}], "linking": [], "id": 44}, {"box": [597, 643, 715, 732], "text": "Discount (20%):", "label": "others", "words": [{"box": [597, 643, 715, 732], "text": "Discount (20%):"}], "linking": [], "id": 45}, {"box": [869, 645, 940, 956], "text": "USD 0.00", "label": "others", "words": [{"box": [869, 645, 940, 956], "text": "USD 0.00"}], "linking": [], "id": 46}, {"box": [60, 665, 228, 243], "text": "wiz@saldoapps.com", "label": "others", "words": [{"box": [60, 665, 228, 243], "text": "wiz@saldoapps.com"}], "linking": [], "id": 47}, {"box": [595, 667, 706, 722], "text": "Shipping Cost:", "label": "others", "words": [{"box": [595, 667, 706, 722], "text": "Shipping Cost:"}], "linking": [], "id": 48}, {"box": [869, 666, 940, 956], "text": "USD 0.00", "label": "others", "words": [{"box": [869, 666, 940, 956], "text": "USD 0.00"}], "linking": [], "id": 49}, {"box": [60, 694, 255, 270], "text": "Make checks payable to", "label": "others", "words": [{"box": [60, 694, 255, 270], "text": "Make checks payable to"}], "linking": [], "id": 50}, {"box": [595, 688, 672, 688], "text": "Sales Tax:", "label": "others", "words": [{"box": [595, 688, 672, 688], "text": "Sales Tax:"}], "linking": [], "id": 51}, {"box": [852, 688, 941, 957], "text": "USD 450.00", "label": "others", "words": [{"box": [852, 688, 941, 957], "text": "USD 450.00"}], "linking": [], "id": 52}, {"box": [61, 713, 151, 164], "text": "John Smith", "label": "others", "words": [{"box": [61, 713, 151, 164], "text": "John Smith"}], "linking": [], "id": 53}, {"box": [595, 709, 645, 661], "text": "Total:", "label": "total_id", "words": [{"box": [595, 709, 645, 661], "text": "Total:"}], "linking": [[54, 55]], "id": 54}, {"box": [835, 710, 938, 955], "text": "USD8,480.00", "label": "total_cost", "words": [{"box": [835, 710, 938, 955], "text": "USD8,480.00"}], "linking": [[54, 55]], "id": 55}, {"box": [61, 743, 169, 182], "text": "Bank Transfer", "label": "others", "words": [{"box": [61, 743, 169, 182], "text": "Bank Transfer"}], "linking": [], "id": 56}, {"box": [598, 734, 698, 711], "text": "Amount paid:", "label": "others", "words": [{"box": [598, 734, 698, 711], "text": "Amount paid:"}], "linking": [], "id": 57}, {"box": [871, 734, 939, 952], "text": "USD 0.00", "label": "others", "words": [{"box": [871, 734, 939, 952], "text": "USD 0.00"}], "linking": [], "id": 58}, {"box": [58, 758, 258, 273], "text": "Routing (ABA): 061120084", "label": "others", "words": [{"box": [58, 758, 258, 273], "text": "Routing (ABA): 061120084"}], "linking": [], "id": 59}, {"box": [595, 765, 721, 737], "text": "Balance Due:", "label": "others", "words": [{"box": [595, 765, 721, 737], "text": "Balance Due:"}], "linking": [], "id": 60}, {"box": [818, 766, 937, 950], "text": "USD8,480.00", "label": "others", "words": [{"box": [818, 766, 937, 950], "text": "USD8,480.00"}], "linking": [], "id": 61}, {"box": [58, 803, 118, 134], "text": "Notes", "label": "others", "words": [{"box": [58, 803, 118, 134], "text": "Notes"}], "linking": [], "id": 62}, {"box": [61, 830, 379, 390], "text": "Prototype-based programming is a style of", "label": "others", "words": [{"box": [61, 830, 379, 390], "text": "Prototype-based programming is a style of"}], "linking": [], "id": 63}, {"box": [61, 846, 426, 437], "text": "object-oriented programming in which behaviour", "label": "others", "words": [{"box": [61, 846, 426, 437], "text": "object-oriented programming in which behaviour"}], "linking": [], "id": 64}]}