{"form": [{"box": [71, 111, 223, 241], "text": "East Repair Inc.", "label": "others", "words": [{"box": [71, 111, 223, 241], "text": "East Repair Inc."}], "linking": [], "id": 0}, {"box": [71, 142, 218, 233], "text": "1912 Harvest Lane", "label": "others", "words": [{"box": [71, 142, 218, 233], "text": "1912 Harvest Lane"}], "linking": [], "id": 1}, {"box": [69, 160, 230, 244], "text": "New York, NY 12210", "label": "others", "words": [{"box": [69, 160, 230, 244], "text": "New York, NY 12210"}], "linking": [], "id": 2}, {"box": [69, 224, 161, 175], "text": "VENDOR", "label": "vendor_address_title", "words": [{"box": [69, 224, 161, 175], "text": "VENDOR"}], "linking": [[3, 7], [3, 11], [3, 13]], "id": 3}, {"box": [363, 224, 446, 460], "text": "SHIP TO", "label": "sender_address_title", "words": [{"box": [363, 224, 446, 460], "text": "SHIP TO"}], "linking": [[4, 8], [4, 12], [4, 14]], "id": 4}, {"box": [616, 224, 708, 722], "text": "ORDER#", "label": "po_no_heading", "words": [{"box": [616, 224, 708, 722], "text": "ORDER#"}], "linking": [[5, 6]], "id": 5}, {"box": [868, 224, 929, 944], "text": "US-001", "label": "po_no", "words": [{"box": [868, 224, 929, 944], "text": "US-001"}], "linking": [[5, 6]], "id": 6}, {"box": [69, 248, 158, 173], "text": "John Smith", "label": "vendor_address", "words": [{"box": [69, 248, 158, 173], "text": "John Smith"}], "linking": [[3, 7]], "id": 7}, {"box": [361, 248, 450, 465], "text": "John Smith", "label": "sender_address", "words": [{"box": [361, 248, 450, 465], "text": "John Smith"}], "linking": [[4, 8]], "id": 8}, {"box": [616, 249, 749, 764], "text": "ORDER DATE", "label": "date_heading", "words": [{"box": [616, 249, 749, 764], "text": "ORDER DATE"}], "linking": [[9, 10]], "id": 9}, {"box": [843, 249, 931, 946], "text": "11/02/2019", "label": "po_date", "words": [{"box": [843, 249, 931, 946], "text": "11/02/2019"}], "linking": [[9, 10]], "id": 10}, {"box": [68, 265, 189, 203], "text": "2 Court Square", "label": "vendor_address", "words": [{"box": [68, 265, 189, 203], "text": "2 Court Square"}], "linking": [[3, 11]], "id": 11}, {"box": [361, 264, 520, 534], "text": "3787 Pineview Drive", "label": "sender_address", "words": [{"box": [361, 264, 520, 534], "text": "3787 Pineview Drive"}], "linking": [[4, 12]], "id": 12}, {"box": [69, 283, 229, 242], "text": "New York,NY 12210", "label": "vendor_address", "words": [{"box": [69, 283, 229, 242], "text": "New York,NY 12210"}], "linking": [[3, 13]], "id": 13}, {"box": [363, 283, 534, 548], "text": "Cambridge,MA 12210", "label": "sender_address", "words": [{"box": [363, 283, 534, 548], "text": "Cambridge,MA 12210"}], "linking": [[4, 14]], "id": 14}, {"box": [75, 368, 426, 451], "text": "Purchase Order.", "label": "total_id", "words": [{"box": [75, 368, 426, 451], "text": "Purchase Order."}], "linking": [], "id": 15}, {"box": [755, 382, 924, 952], "text": "$154.06", "label": "total_cost", "words": [{"box": [755, 382, 924, 952], "text": "$154.06"}], "linking": [[17, 16]], "id": 16}, {"box": [68, 399, 189, 219], "text": "Total", "label": "total_id", "words": [{"box": [68, 399, 189, 219], "text": "Total"}], "linking": [[17, 16]], "id": 17}, {"box": [72, 485, 117, 134], "text": "QTY", "label": "column_name", "words": [{"box": [72, 485, 117, 134], "text": "QTY"}], "linking": [[18, 22], [18, 26], [18, 30]], "id": 18}, {"box": [163, 486, 303, 318], "text": "DESCRIPTION", "label": "column_name", "words": [{"box": [163, 486, 303, 318], "text": "DESCRIPTION"}], "linking": [[19, 23], [19, 27], [19, 31]], "id": 19}, {"box": [595, 486, 714, 729], "text": "UNIT PRICE", "label": "column_name", "words": [{"box": [595, 486, 714, 729], "text": "UNIT PRICE"}], "linking": [[20, 24], [20, 28], [20, 32]], "id": 20}, {"box": [839, 486, 931, 946], "text": "AMOUNT", "label": "column_name", "words": [{"box": [839, 486, 931, 946], "text": "AMOUNT"}], "linking": [[21, 25], [21, 29], [21, 33]], "id": 21}, {"box": [68, 516, 87, 103], "text": "1", "label": "column_value", "words": [{"box": [68, 516, 87, 103], "text": "1"}], "linking": [[18, 22]], "id": 22}, {"box": [163, 516, 374, 389], "text": "Front and rear brake cables", "label": "column_value", "words": [{"box": [163, 516, 374, 389], "text": "Front and rear brake cables"}], "linking": [[19, 23]], "id": 23}, {"box": [657, 516, 714, 730], "text": "100.00", "label": "column_value", "words": [{"box": [657, 516, 714, 730], "text": "100.00"}], "linking": [[20, 24]], "id": 24}, {"box": [875, 516, 934, 950], "text": "100.00", "label": "column_value", "words": [{"box": [875, 516, 934, 950], "text": "100.00"}], "linking": [[21, 25]], "id": 25}, {"box": [68, 543, 87, 103], "text": "2", "label": "column_value", "words": [{"box": [68, 543, 87, 103], "text": "2"}], "linking": [[18, 26]], "id": 26}, {"box": [163, 544, 334, 348], "text": "New set of pedal arms", "label": "column_value", "words": [{"box": [163, 544, 334, 348], "text": "New set of pedal arms"}], "linking": [[19, 27]], "id": 27}, {"box": [667, 543, 715, 730], "text": "15.00", "label": "column_value", "words": [{"box": [667, 543, 715, 730], "text": "15.00"}], "linking": [[20, 28]], "id": 28}, {"box": [883, 543, 932, 947], "text": "30.00", "label": "column_value", "words": [{"box": [883, 543, 932, 947], "text": "30.00"}], "linking": [[21, 29]], "id": 29}, {"box": [68, 570, 87, 102], "text": "3", "label": "column_value", "words": [{"box": [68, 570, 87, 102], "text": "3"}], "linking": [[18, 30]], "id": 30}, {"box": [164, 571, 248, 262], "text": "Labor 3hrs", "label": "column_value", "words": [{"box": [164, 571, 248, 262], "text": "Labor 3hrs"}], "linking": [[19, 31]], "id": 31}, {"box": [675, 570, 715, 731], "text": "5.00", "label": "column_value", "words": [{"box": [675, 570, 715, 731], "text": "5.00"}], "linking": [[20, 32]], "id": 32}, {"box": [884, 571, 932, 947], "text": "15.00", "label": "column_value", "words": [{"box": [884, 571, 932, 947], "text": "15.00"}], "linking": [[21, 33]], "id": 33}, {"box": [647, 613, 714, 729], "text": "Subtotal", "label": "others", "words": [{"box": [647, 613, 714, 729], "text": "Subtotal"}], "linking": [], "id": 34}, {"box": [875, 614, 932, 946], "text": "145.00", "label": "others", "words": [{"box": [875, 614, 932, 946], "text": "145.00"}], "linking": [], "id": 35}, {"box": [584, 640, 711, 724], "text": "Sales Tax 6.25%", "label": "others", "words": [{"box": [584, 640, 711, 724], "text": "Sales Tax 6.25%"}], "linking": [], "id": 36}, {"box": [892, 639, 929, 946], "text": "9.06", "label": "others", "words": [{"box": [892, 639, 929, 946], "text": "9.06"}], "linking": [], "id": 37}, {"box": [72, 833, 296, 310], "text": "TERMS & CONDITIONS", "label": "others", "words": [{"box": [72, 833, 296, 310], "text": "TERMS & CONDITIONS"}], "linking": [], "id": 38}, {"box": [71, 873, 300, 315], "text": "Payment is due within 15 days", "label": "others", "words": [{"box": [71, 873, 300, 315], "text": "Payment is due within 15 days"}], "linking": [], "id": 39}, {"box": [69, 907, 436, 450], "text": "Please make checks payable to: East Repair Inc", "label": "others", "words": [{"box": [69, 907, 436, 450], "text": "Please make checks payable to: East Repair Inc"}], "linking": [], "id": 40}]}