{"form": [{"box": [137, 141, 372, 394], "text": "Saffron Design", "label": "others", "words": [{"box": [137, 141, 372, 394], "text": "Saffron Design"}], "linking": [], "id": 0}, {"box": [135, 165, 268, 286], "text": "77 Namrata Bldg", "label": "others", "words": [{"box": [135, 165, 268, 286], "text": "77 Namrata Bldg"}], "linking": [], "id": 1}, {"box": [137, 185, 286, 300], "text": "Delhi, Delhi 400077", "label": "others", "words": [{"box": [137, 185, 286, 300], "text": "Delhi, Delhi 400077"}], "linking": [], "id": 2}, {"box": [129, 236, 194, 208], "text": "Vendor", "label": "vendor_address_title", "words": [{"box": [129, 236, 194, 208], "text": "Vendor"}], "linking": [[3, 7], [3, 11], [3, 13]], "id": 3}, {"box": [319, 236, 386, 400], "text": "Ship To", "label": "sender_address_title", "words": [{"box": [319, 236, 386, 400], "text": "Ship To"}], "linking": [[4, 8], [4, 12], [4, 14]], "id": 4}, {"box": [607, 237, 692, 708], "text": "Order #", "label": "po_no_heading", "words": [{"box": [607, 237, 692, 708], "text": "Order #"}], "linking": [[5, 6]], "id": 5}, {"box": [813, 238, 868, 883], "text": "IN-001", "label": "po_no", "words": [{"box": [813, 238, 868, 883], "text": "IN-001"}], "linking": [[5, 6]], "id": 6}, {"box": [129, 268, 266, 281], "text": "Kavindra Mannan", "label": "vendor_address", "words": [{"box": [129, 268, 266, 281], "text": "Kavindra Mannan"}], "linking": [[3, 7]], "id": 7}, {"box": [319, 268, 455, 470], "text": "Kavindra Mannan", "label": "sender_address", "words": [{"box": [319, 268, 455, 470], "text": "Kavindra Mannan"}], "linking": [[4, 8]], "id": 8}, {"box": [580, 266, 689, 700], "text": "Order Date", "label": "date_heading", "words": [{"box": [580, 266, 689, 700], "text": "Order Date"}], "linking": [[9, 10]], "id": 9}, {"box": [781, 267, 870, 884], "text": "29/01/2019", "label": "po_date", "words": [{"box": [781, 267, 870, 884], "text": "29/01/2019"}], "linking": [[9, 10]], "id": 10}, {"box": [129, 286, 270, 285], "text": "27.Dlf CityGupta", "label": "vendor_address", "words": [{"box": [129, 286, 270, 285], "text": "27.Dlf CityGupta"}], "linking": [[3, 11]], "id": 11}, {"box": [320, 286, 472, 486], "text": "264,Abdul Rehman", "label": "sender_address", "words": [{"box": [320, 286, 472, 486], "text": "264,Abdul Rehman"}], "linking": [[4, 12]], "id": 12}, {"box": [129, 304, 270, 283], "text": "DelhiDelhi 40003", "label": "vendor_address", "words": [{"box": [129, 304, 270, 283], "text": "DelhiDelhi 40003"}], "linking": [[3, 13]], "id": 13}, {"box": [319, 304, 483, 496], "text": "Mumbai,Bihar 40009", "label": "sender_address", "words": [{"box": [319, 304, 483, 496], "text": "Mumbai,Bihar 40009"}], "linking": [[4, 14]], "id": 14}, {"box": [144, 408, 184, 200], "text": "Qty", "label": "column_name", "words": [{"box": [144, 408, 184, 200], "text": "Qty"}], "linking": [[15, 19], [15, 23], [15, 27]], "id": 15}, {"box": [309, 406, 424, 442], "text": "Description", "label": "column_name", "words": [{"box": [309, 406, 424, 442], "text": "Description"}], "linking": [[16, 20], [16, 24], [16, 28]], "id": 16}, {"box": [581, 406, 686, 704], "text": "Unit Price", "label": "column_name", "words": [{"box": [581, 406, 686, 704], "text": "Unit Price"}], "linking": [[17, 21], [17, 25], [17, 29]], "id": 17}, {"box": [777, 407, 853, 868], "text": "Amount", "label": "column_name", "words": [{"box": [777, 407, 853, 868], "text": "Amount"}], "linking": [[18, 22], [18, 26], [18, 30]], "id": 18}, {"box": [161, 435, 174, 185], "text": "1", "label": "column_value", "words": [{"box": [161, 435, 174, 185], "text": "1"}], "linking": [[15, 19]], "id": 19}, {"box": [227, 434, 438, 452], "text": "Frontend design restructure", "label": "column_value", "words": [{"box": [227, 434, 438, 452], "text": "Frontend design restructure"}], "linking": [[16, 20]], "id": 20}, {"box": [617, 434, 689, 703], "text": "9,999.00", "label": "column_value", "words": [{"box": [617, 434, 689, 703], "text": "9,999.00"}], "linking": [[17, 21]], "id": 21}, {"box": [799, 434, 871, 885], "text": "9,999.00", "label": "column_value", "words": [{"box": [799, 434, 871, 885], "text": "9,999.00"}], "linking": [[18, 22]], "id": 22}, {"box": [157, 455, 176, 193], "text": "2", "label": "column_value", "words": [{"box": [157, 455, 176, 193], "text": "2"}], "linking": [[15, 23]], "id": 23}, {"box": [228, 457, 392, 407], "text": "Custom icon package", "label": "column_value", "words": [{"box": [228, 457, 392, 407], "text": "Custom icon package"}], "linking": [[16, 24]], "id": 24}, {"box": [631, 456, 688, 704], "text": "975.00", "label": "column_value", "words": [{"box": [631, 456, 688, 704], "text": "975.00"}], "linking": [[17, 25]], "id": 25}, {"box": [800, 456, 871, 886], "text": "1,950.00", "label": "column_value", "words": [{"box": [800, 456, 871, 886], "text": "1,950.00"}], "linking": [[18, 26]], "id": 26}, {"box": [157, 477, 176, 192], "text": "3", "label": "column_value", "words": [{"box": [157, 477, 176, 192], "text": "3"}], "linking": [[15, 27]], "id": 27}, {"box": [228, 478, 373, 389], "text": "Gandhi mouse pad", "label": "column_value", "words": [{"box": [228, 478, 373, 389], "text": "Gandhi mouse pad"}], "linking": [[16, 28]], "id": 28}, {"box": [641, 478, 688, 704], "text": "99.00", "label": "column_value", "words": [{"box": [641, 478, 688, 704], "text": "99.00"}], "linking": [[17, 29]], "id": 29}, {"box": [813, 477, 870, 886], "text": "297.00", "label": "column_value", "words": [{"box": [813, 477, 870, 886], "text": "297.00"}], "linking": [[18, 30]], "id": 30}, {"box": [621, 518, 688, 703], "text": "Subtotal", "label": "others", "words": [{"box": [621, 518, 688, 703], "text": "Subtotal"}], "linking": [], "id": 31}, {"box": [791, 517, 870, 885], "text": "12,246.00", "label": "others", "words": [{"box": [791, 517, 870, 885], "text": "12,246.00"}], "linking": [], "id": 32}, {"box": [599, 545, 688, 702], "text": "GST 12.0%", "label": "others", "words": [{"box": [599, 545, 688, 702], "text": "GST 12.0%"}], "linking": [], "id": 33}, {"box": [803, 545, 871, 885], "text": "1,469.52", "label": "others", "words": [{"box": [803, 545, 871, 885], "text": "1,469.52"}], "linking": [], "id": 34}, {"box": [517, 582, 674, 688], "text": "Purchase Order", "label": "total_id", "words": [{"box": [517, 582, 674, 688], "text": "Purchase Order"}], "linking": [], "id": 35}, {"box": [772, 582, 868, 886], "text": "13,715.52", "label": "total_cost", "words": [{"box": [772, 582, 868, 886], "text": "13,715.52"}], "linking": [[37, 36]], "id": 36}, {"box": [572, 598, 623, 639], "text": "Total", "label": "total_id", "words": [{"box": [572, 598, 623, 639], "text": "Total"}], "linking": [[37, 36]], "id": 37}, {"box": [131, 755, 336, 351], "text": "Terms & Conditions", "label": "others", "words": [{"box": [131, 755, 336, 351], "text": "Terms & Conditions"}], "linking": [], "id": 38}, {"box": [129, 778, 361, 375], "text": "Payment is due within 15 days", "label": "others", "words": [{"box": [129, 778, 361, 375], "text": "Payment is due within 15 days"}], "linking": [], "id": 39}, {"box": [131, 818, 276, 290], "text": "State Bank of India", "label": "others", "words": [{"box": [131, 818, 276, 290], "text": "State Bank of India"}], "linking": [], "id": 40}, {"box": [131, 839, 344, 357], "text": "Account Number:12345678", "label": "others", "words": [{"box": [131, 839, 344, 357], "text": "Account Number:12345678"}], "linking": [], "id": 41}, {"box": [449, 889, 769, 804], "text": "Thank you !", "label": "others", "words": [{"box": [449, 889, 769, 804], "text": "Thank you !"}], "linking": [], "id": 42}]}