{"form": [{"box": [340, 47, 647, 672], "text": "Saffron Design", "label": "others", "words": [{"box": [340, 47, 647, 672], "text": "Saffron Design"}], "linking": [], "id": 0}, {"box": [420, 75, 573, 591], "text": "77Namrata Bldg", "label": "others", "words": [{"box": [420, 75, 573, 591], "text": "77Namrata Bldg"}], "linking": [], "id": 1}, {"box": [416, 92, 585, 600], "text": "DelhiDelhi 400077", "label": "others", "words": [{"box": [416, 92, 585, 600], "text": "DelhiDelhi 400077"}], "linking": [], "id": 2}, {"box": [81, 211, 146, 161], "text": "Vendor", "label": "vendor_address_title", "words": [{"box": [81, 211, 146, 161], "text": "Vendor"}], "linking": [[3, 7], [3, 13], [3, 11]], "id": 3}, {"box": [336, 210, 401, 417], "text": "Ship To", "label": "sender_address_title", "words": [{"box": [336, 210, 401, 417], "text": "Ship To"}], "linking": [[4, 8], [4, 12], [4, 14]], "id": 4}, {"box": [689, 210, 754, 770], "text": "Order #", "label": "po_no_heading", "words": [{"box": [689, 210, 754, 770], "text": "Order #"}], "linking": [[5, 6]], "id": 5}, {"box": [872, 211, 920, 935], "text": "IN-001", "label": "po_no", "words": [{"box": [872, 211, 920, 935], "text": "IN-001"}], "linking": [[5, 6]], "id": 6}, {"box": [83, 237, 191, 202], "text": "Kavindra Mannan", "label": "vendor_address", "words": [{"box": [83, 237, 191, 202], "text": "Kavindra Mannan"}], "linking": [[3, 7]], "id": 7}, {"box": [337, 237, 446, 457], "text": "Kavindra Mannan", "label": "sender_address", "words": [{"box": [337, 237, 446, 457], "text": "Kavindra Mannan"}], "linking": [[4, 8]], "id": 8}, {"box": [661, 234, 752, 767], "text": "Order Date", "label": "date_heading", "words": [{"box": [661, 234, 752, 767], "text": "Order Date"}], "linking": [[9, 10]], "id": 9}, {"box": [847, 236, 919, 930], "text": "29/01/2019", "label": "po_date", "words": [{"box": [847, 236, 919, 930], "text": "29/01/2019"}], "linking": [[9, 10]], "id": 10}, {"box": [80, 249, 196, 211], "text": "27DfCityGupta", "label": "vendor_address", "words": [{"box": [80, 249, 196, 211], "text": "27DfCityGupta"}], "linking": [[3, 11]], "id": 11}, {"box": [336, 251, 459, 471], "text": "264,Abdul Rehman", "label": "sender_address", "words": [{"box": [336, 251, 459, 471], "text": "264,Abdul Rehman"}], "linking": [[4, 12]], "id": 12}, {"box": [83, 264, 195, 206], "text": "Delhi, Delhi 40003", "label": "vendor_address", "words": [{"box": [83, 264, 195, 206], "text": "Delhi, Delhi 40003"}], "linking": [[3, 13]], "id": 13}, {"box": [337, 265, 466, 476], "text": "Mumbai,Bihar 40009", "label": "sender_address", "words": [{"box": [337, 265, 466, 476], "text": "Mumbai,Bihar 40009"}], "linking": [[4, 14]], "id": 14}, {"box": [88, 317, 127, 143], "text": "Qty", "label": "column_name", "words": [{"box": [88, 317, 127, 143], "text": "Qty"}], "linking": [[15, 42], [15, 22], [15, 26]], "id": 15}, {"box": [320, 319, 424, 439], "text": "Description", "label": "column_name", "words": [{"box": [320, 319, 424, 439], "text": "Description"}], "linking": [[16, 19], [16, 23], [16, 27]], "id": 16}, {"box": [664, 317, 755, 769], "text": "Unit Price", "label": "column_name", "words": [{"box": [664, 317, 755, 769], "text": "Unit Price"}], "linking": [[17, 20], [17, 24], [17, 28]], "id": 17}, {"box": [836, 318, 912, 927], "text": "Amount", "label": "column_name", "words": [{"box": [836, 318, 912, 927], "text": "Amount"}], "linking": [[18, 21], [18, 25], [18, 29]], "id": 18}, {"box": [216, 343, 385, 398], "text": "Frontend design restructure", "label": "column_value", "words": [{"box": [216, 343, 385, 398], "text": "Frontend design restructure"}], "linking": [[16, 19]], "id": 19}, {"box": [696, 342, 755, 769], "text": "9,999.00", "label": "column_value", "words": [{"box": [696, 342, 755, 769], "text": "9,999.00"}], "linking": [[17, 20]], "id": 20}, {"box": [861, 342, 920, 934], "text": "9,999.00", "label": "column_value", "words": [{"box": [861, 342, 920, 934], "text": "9,999.00"}], "linking": [[18, 21]], "id": 21}, {"box": [108, 366, 123, 135], "text": "2", "label": "column_value", "words": [{"box": [108, 366, 123, 135], "text": "2"}], "linking": [[15, 22]], "id": 22}, {"box": [215, 365, 350, 364], "text": "Custom icon package", "label": "column_value", "words": [{"box": [215, 365, 350, 364], "text": "Custom icon package"}], "linking": [[16, 23]], "id": 23}, {"box": [707, 364, 756, 770], "text": "975.00", "label": "column_value", "words": [{"box": [707, 364, 756, 770], "text": "975.00"}], "linking": [[17, 24]], "id": 24}, {"box": [861, 365, 920, 934], "text": "1,950.00", "label": "column_value", "words": [{"box": [861, 365, 920, 934], "text": "1,950.00"}], "linking": [[18, 25]], "id": 25}, {"box": [108, 387, 120, 132], "text": "3", "label": "column_value", "words": [{"box": [108, 387, 120, 132], "text": "3"}], "linking": [[15, 26]], "id": 26}, {"box": [217, 386, 334, 347], "text": "Gandhi mouse pad", "label": "column_value", "words": [{"box": [217, 386, 334, 347], "text": "Gandhi mouse pad"}], "linking": [[16, 27]], "id": 27}, {"box": [715, 387, 755, 770], "text": "99.00", "label": "column_value", "words": [{"box": [715, 387, 755, 770], "text": "99.00"}], "linking": [[17, 28]], "id": 28}, {"box": [872, 386, 920, 935], "text": "297.00", "label": "column_value", "words": [{"box": [872, 386, 920, 935], "text": "297.00"}], "linking": [[18, 29]], "id": 29}, {"box": [677, 420, 754, 773], "text": "Subtotal", "label": "others", "words": [{"box": [677, 420, 754, 773], "text": "Subtotal"}], "linking": [], "id": 30}, {"box": [855, 423, 919, 933], "text": "12,246.00", "label": "others", "words": [{"box": [855, 423, 919, 933], "text": "12,246.00"}], "linking": [], "id": 31}, {"box": [680, 447, 755, 770], "text": "GST 12.0%", "label": "others", "words": [{"box": [680, 447, 755, 770], "text": "GST 12.0%"}], "linking": [], "id": 32}, {"box": [861, 447, 920, 935], "text": "1,469.52", "label": "others", "words": [{"box": [861, 447, 920, 935], "text": "1,469.52"}], "linking": [], "id": 33}, {"box": [572, 487, 752, 767], "text": "Purchase Order Total", "label": "total_id", "words": [{"box": [572, 487, 752, 767], "text": "Purchase Order Total"}], "linking": [[34, 35]], "id": 34}, {"box": [819, 487, 919, 937], "text": "13,715.52", "label": "total_cost", "words": [{"box": [819, 487, 919, 937], "text": "13,715.52"}], "linking": [[34, 35]], "id": 35}, {"box": [87, 849, 263, 278], "text": "Terms & Conditions", "label": "others", "words": [{"box": [87, 849, 263, 278], "text": "Terms & Conditions"}], "linking": [], "id": 36}, {"box": [757, 847, 913, 938], "text": "Thank you", "label": "others", "words": [{"box": [757, 847, 913, 938], "text": "Thank you"}], "linking": [], "id": 37}, {"box": [84, 870, 269, 283], "text": "Payment is due within 15 days", "label": "others", "words": [{"box": [84, 870, 269, 283], "text": "Payment is due within 15 days"}], "linking": [], "id": 38}, {"box": [85, 898, 202, 215], "text": "State Bank of India", "label": "others", "words": [{"box": [85, 898, 202, 215], "text": "State Bank of India"}], "linking": [], "id": 39}, {"box": [87, 912, 256, 266], "text": "Account Number:12345678", "label": "others", "words": [{"box": [87, 912, 256, 266], "text": "Account Number:12345678"}], "linking": [], "id": 40}, {"box": [85, 925, 278, 292], "text": "Routing Number: 09876543210", "label": "others", "words": [{"box": [85, 925, 278, 292], "text": "Routing Number: 09876543210"}], "linking": [], "id": 41}, {"box": [104, 342, 125, 138], "text": "1", "label": "column_value", "words": [{"box": [104, 342, 125, 138], "text": "1"}], "linking": [[15, 42]], "id": 42}]}