{"form": [{"box": [61, 65, 634, 684], "text": "PURCHASEORDER", "label": "others", "words": [{"box": [61, 65, 634, 684], "text": "PURCHASEORDER"}], "linking": [], "id": 0}, {"box": [56, 171, 101, 117], "text": "FROM", "label": "sender_address_title", "words": [{"box": [56, 171, 101, 117], "text": "FROM"}], "linking": [[1, 4], [1, 7], [1, 10]], "id": 1}, {"box": [360, 172, 416, 431], "text": "VENDOR", "label": "vendor_address_title", "words": [{"box": [360, 172, 416, 431], "text": "VENDOR"}], "linking": [[2, 5], [2, 8], [2, 11]], "id": 2}, {"box": [644, 171, 700, 716], "text": "SHIP TO", "label": "others", "words": [{"box": [644, 171, 700, 716], "text": "SHIP TO"}], "linking": [], "id": 3}, {"box": [59, 190, 184, 199], "text": "Saffron Design", "label": "sender_address", "words": [{"box": [59, 190, 184, 199], "text": "Saffron Design"}], "linking": [[1, 4]], "id": 4}, {"box": [360, 190, 508, 523], "text": "Kavindra Mannan", "label": "vendor_address", "words": [{"box": [360, 190, 508, 523], "text": "Kavindra Mannan"}], "linking": [[2, 5]], "id": 5}, {"box": [644, 190, 793, 808], "text": "Kavindra Mannan", "label": "others", "words": [{"box": [644, 190, 793, 808], "text": "Kavindra Mannan"}], "linking": [], "id": 6}, {"box": [57, 208, 200, 215], "text": "77 Namrata Bldg", "label": "sender_address", "words": [{"box": [57, 208, 200, 215], "text": "77 Namrata Bldg"}], "linking": [[1, 7]], "id": 7}, {"box": [361, 207, 513, 527], "text": "27,Dlf CityGupta", "label": "vendor_address", "words": [{"box": [361, 207, 513, 527], "text": "27,Dlf CityGupta"}], "linking": [[2, 8]], "id": 8}, {"box": [645, 207, 810, 824], "text": "264,Abdul Rehman", "label": "others", "words": [{"box": [645, 207, 810, 824], "text": "264,Abdul Rehman"}], "linking": [], "id": 9}, {"box": [57, 224, 221, 235], "text": "DelhiDelhi 400077", "label": "sender_address", "words": [{"box": [57, 224, 221, 235], "text": "DelhiDelhi 400077"}], "linking": [[1, 10]], "id": 10}, {"box": [361, 224, 513, 527], "text": "Delhi, Delhi 40003", "label": "vendor_address", "words": [{"box": [361, 224, 513, 527], "text": "Delhi, Delhi 40003"}], "linking": [[2, 11]], "id": 11}, {"box": [645, 225, 824, 837], "text": "Mumbai,Bihar 40009", "label": "others", "words": [{"box": [645, 225, 824, 837], "text": "Mumbai,Bihar 40009"}], "linking": [], "id": 12}, {"box": [59, 329, 119, 135], "text": "ORDER #", "label": "po_no_heading", "words": [{"box": [59, 329, 119, 135], "text": "ORDER #"}], "linking": [[13, 15]], "id": 13}, {"box": [277, 328, 362, 380], "text": "ORDER DATE", "label": "date_heading", "words": [{"box": [277, 328, 362, 380], "text": "ORDER DATE"}], "linking": [[14, 16]], "id": 14}, {"box": [59, 348, 118, 134], "text": "IN-001", "label": "po_no", "words": [{"box": [59, 348, 118, 134], "text": "IN-001"}], "linking": [[13, 15]], "id": 15}, {"box": [279, 347, 375, 393], "text": "29/01/2019", "label": "po_date", "words": [{"box": [279, 347, 375, 393], "text": "29/01/2019"}], "linking": [[14, 16]], "id": 16}, {"box": [60, 403, 92, 110], "text": "QTY", "label": "column_name", "words": [{"box": [60, 403, 92, 110], "text": "QTY"}], "linking": [[17, 21], [17, 25], [17, 29]], "id": 17}, {"box": [279, 404, 367, 383], "text": "DESCRIPTION", "label": "column_name", "words": [{"box": [279, 404, 367, 383], "text": "DESCRIPTION"}], "linking": [[18, 22], [18, 26], [18, 30]], "id": 18}, {"box": [641, 403, 721, 739], "text": "UNIT PRICE", "label": "column_name", "words": [{"box": [641, 403, 721, 739], "text": "UNIT PRICE"}], "linking": [[19, 23], [19, 27], [19, 31]], "id": 19}, {"box": [877, 403, 942, 961], "text": "AMOUNT", "label": "column_name", "words": [{"box": [877, 403, 942, 961], "text": "AMOUNT"}], "linking": [[20, 24], [20, 28], [20, 32]], "id": 20}, {"box": [65, 430, 85, 100], "text": "1", "label": "column_value", "words": [{"box": [65, 430, 85, 100], "text": "1"}], "linking": [[17, 21]], "id": 21}, {"box": [145, 430, 376, 391], "text": "Frontend design restructure", "label": "column_value", "words": [{"box": [145, 430, 376, 391], "text": "Frontend design restructure"}], "linking": [[18, 22]], "id": 22}, {"box": [645, 430, 722, 737], "text": "9,999.00", "label": "column_value", "words": [{"box": [645, 430, 722, 737], "text": "9,999.00"}], "linking": [[19, 23]], "id": 23}, {"box": [864, 429, 944, 962], "text": "9,999.00", "label": "column_value", "words": [{"box": [864, 429, 944, 962], "text": "9,999.00"}], "linking": [[20, 24]], "id": 24}, {"box": [63, 451, 88, 106], "text": "2", "label": "column_value", "words": [{"box": [63, 451, 88, 106], "text": "2"}], "linking": [[17, 25]], "id": 25}, {"box": [144, 453, 325, 340], "text": "Custom icon package", "label": "column_value", "words": [{"box": [144, 453, 325, 340], "text": "Custom icon package"}], "linking": [[18, 26]], "id": 26}, {"box": [661, 452, 722, 737], "text": "975.00", "label": "column_value", "words": [{"box": [661, 452, 722, 737], "text": "975.00"}], "linking": [[19, 27]], "id": 27}, {"box": [868, 452, 944, 960], "text": "1,950.00", "label": "column_value", "words": [{"box": [868, 452, 944, 960], "text": "1,950.00"}], "linking": [[20, 28]], "id": 28}, {"box": [65, 475, 86, 103], "text": "3", "label": "column_value", "words": [{"box": [65, 475, 86, 103], "text": "3"}], "linking": [[17, 29]], "id": 29}, {"box": [145, 476, 305, 320], "text": "Gandhi mouse pad", "label": "column_value", "words": [{"box": [145, 476, 305, 320], "text": "Gandhi mouse pad"}], "linking": [[18, 30]], "id": 30}, {"box": [671, 474, 726, 745], "text": "99.00", "label": "column_value", "words": [{"box": [671, 474, 726, 745], "text": "99.00"}], "linking": [[19, 31]], "id": 31}, {"box": [879, 474, 943, 962], "text": "297.00", "label": "column_value", "words": [{"box": [879, 474, 943, 962], "text": "297.00"}], "linking": [[20, 32]], "id": 32}, {"box": [649, 511, 722, 737], "text": "Subtotal", "label": "others", "words": [{"box": [649, 511, 722, 737], "text": "Subtotal"}], "linking": [], "id": 33}, {"box": [857, 511, 941, 955], "text": "12,246.00", "label": "others", "words": [{"box": [857, 511, 941, 955], "text": "12,246.00"}], "linking": [], "id": 34}, {"box": [623, 533, 722, 738], "text": "GST12.0%", "label": "others", "words": [{"box": [623, 533, 722, 738], "text": "GST12.0%"}], "linking": [], "id": 35}, {"box": [867, 532, 946, 963], "text": "1,469.52", "label": "others", "words": [{"box": [867, 532, 946, 963], "text": "1,469.52"}], "linking": [], "id": 36}, {"box": [669, 565, 722, 739], "text": "Total", "label": "total_id", "words": [{"box": [669, 565, 722, 739], "text": "Total"}], "linking": [[37, 38]], "id": 37}, {"box": [835, 564, 944, 962], "text": "13,715.52", "label": "total_cost", "words": [{"box": [835, 564, 944, 962], "text": "13,715.52"}], "linking": [[37, 38]], "id": 38}, {"box": [60, 828, 191, 205], "text": "TERMS & CONDITIONS", "label": "others", "words": [{"box": [60, 828, 191, 205], "text": "TERMS & CONDITIONS"}], "linking": [], "id": 39}, {"box": [60, 849, 311, 324], "text": "Payment is due within 15 days", "label": "others", "words": [{"box": [60, 849, 311, 324], "text": "Payment is due within 15 days"}], "linking": [], "id": 40}, {"box": [60, 882, 217, 232], "text": "State Bank of India", "label": "others", "words": [{"box": [60, 882, 217, 232], "text": "State Bank of India"}], "linking": [], "id": 41}, {"box": [60, 900, 291, 304], "text": "Account Number:12345678", "label": "others", "words": [{"box": [60, 900, 291, 304], "text": "Account Number:12345678"}], "linking": [], "id": 42}, {"box": [60, 917, 319, 333], "text": "Routing Number:09876543210", "label": "others", "words": [{"box": [60, 917, 319, 333], "text": "Routing Number:09876543210"}], "linking": [], "id": 43}]}