{"form": [{"box": [71, 150, 251, 272], "text": "Saffron Design", "label": "others", "words": [{"box": [71, 150, 251, 272], "text": "Saffron Design"}], "linking": [], "id": 0}, {"box": [69, 178, 200, 215], "text": "77 Namrata Bldg", "label": "others", "words": [{"box": [69, 178, 200, 215], "text": "77 Namrata Bldg"}], "linking": [], "id": 1}, {"box": [72, 198, 220, 233], "text": "Delhi,Delhi 400077", "label": "others", "words": [{"box": [72, 198, 220, 233], "text": "Delhi,Delhi 400077"}], "linking": [], "id": 2}, {"box": [69, 261, 133, 148], "text": "Vendor", "label": "vendor_address_title", "words": [{"box": [69, 261, 133, 148], "text": "Vendor"}], "linking": [[3, 7], [3, 11], [3, 13]], "id": 3}, {"box": [373, 263, 436, 451], "text": "Ship To", "label": "sender_address_title", "words": [{"box": [373, 263, 436, 451], "text": "Ship To"}], "linking": [[4, 8], [4, 12], [4, 14]], "id": 4}, {"box": [720, 258, 785, 800], "text": "Order#", "label": "po_no_heading", "words": [{"box": [720, 258, 785, 800], "text": "Order#"}], "linking": [[5, 6]], "id": 5}, {"box": [876, 257, 932, 948], "text": "IN-001", "label": "po_no", "words": [{"box": [876, 257, 932, 948], "text": "IN-001"}], "linking": [[5, 6]], "id": 6}, {"box": [68, 286, 207, 221], "text": "Kavindra Mannan", "label": "vendor_address", "words": [{"box": [68, 286, 207, 221], "text": "Kavindra Mannan"}], "linking": [[3, 7]], "id": 7}, {"box": [372, 287, 508, 523], "text": "Kavindra Mannan", "label": "sender_address", "words": [{"box": [372, 287, 508, 523], "text": "Kavindra Mannan"}], "linking": [[4, 8]], "id": 8}, {"box": [696, 287, 787, 802], "text": "Order Date", "label": "date_heading", "words": [{"box": [696, 287, 787, 802], "text": "Order Date"}], "linking": [[9, 10]], "id": 9}, {"box": [843, 286, 932, 946], "text": "29/01/2019", "label": "po_date", "words": [{"box": [843, 286, 932, 946], "text": "29/01/2019"}], "linking": [[9, 10]], "id": 10}, {"box": [69, 303, 210, 224], "text": "27Dlf CityGupta", "label": "vendor_address", "words": [{"box": [69, 303, 210, 224], "text": "27Dlf CityGupta"}], "linking": [[3, 11]], "id": 11}, {"box": [373, 303, 525, 538], "text": "264,Abdul Rehman", "label": "sender_address", "words": [{"box": [373, 303, 525, 538], "text": "264,Abdul Rehman"}], "linking": [[4, 12]], "id": 12}, {"box": [72, 319, 209, 223], "text": "DelhiDelhi 40003", "label": "vendor_address", "words": [{"box": [72, 319, 209, 223], "text": "DelhiDelhi 40003"}], "linking": [[3, 13]], "id": 13}, {"box": [372, 320, 536, 551], "text": "Mumbai, Bihar 40009", "label": "sender_address", "words": [{"box": [372, 320, 536, 551], "text": "Mumbai, Bihar 40009"}], "linking": [[4, 14]], "id": 14}, {"box": [97, 395, 124, 138], "text": "Qty", "label": "column_name", "words": [{"box": [97, 395, 124, 138], "text": "Qty"}], "linking": [[15, 41], [15, 22], [15, 26]], "id": 15}, {"box": [311, 395, 406, 417], "text": "Description", "label": "column_name", "words": [{"box": [311, 395, 406, 417], "text": "Description"}], "linking": [[16, 19], [16, 23], [16, 27]], "id": 16}, {"box": [596, 394, 676, 690], "text": "Unit Price", "label": "column_name", "words": [{"box": [596, 394, 676, 690], "text": "Unit Price"}], "linking": [[17, 20], [17, 24], [17, 28]], "id": 17}, {"box": [784, 395, 851, 862], "text": "Amount", "label": "column_name", "words": [{"box": [784, 395, 851, 862], "text": "Amount"}], "linking": [[18, 21], [18, 25], [18, 29]], "id": 18}, {"box": [153, 424, 362, 376], "text": "Frontend design restructure", "label": "column_value", "words": [{"box": [153, 424, 362, 376], "text": "Frontend design restructure"}], "linking": [[16, 19]], "id": 19}, {"box": [633, 425, 704, 715], "text": "9,999.00", "label": "column_value", "words": [{"box": [633, 425, 704, 715], "text": "9,999.00"}], "linking": [[17, 20]], "id": 20}, {"box": [851, 424, 923, 937], "text": "9,999.00", "label": "column_value", "words": [{"box": [851, 424, 923, 937], "text": "9,999.00"}], "linking": [[18, 21]], "id": 21}, {"box": [81, 459, 93, 103], "text": "2", "label": "column_value", "words": [{"box": [81, 459, 93, 103], "text": "2"}], "linking": [[15, 22]], "id": 22}, {"box": [155, 458, 319, 334], "text": "Custom icon package", "label": "column_value", "words": [{"box": [155, 458, 319, 334], "text": "Custom icon package"}], "linking": [[16, 23]], "id": 23}, {"box": [647, 458, 704, 719], "text": "975.00", "label": "column_value", "words": [{"box": [647, 458, 704, 719], "text": "975.00"}], "linking": [[17, 24]], "id": 24}, {"box": [851, 458, 923, 938], "text": "1,950.00", "label": "column_value", "words": [{"box": [851, 458, 923, 938], "text": "1,950.00"}], "linking": [[18, 25]], "id": 25}, {"box": [80, 495, 93, 103], "text": "3", "label": "column_value", "words": [{"box": [80, 495, 93, 103], "text": "3"}], "linking": [[15, 26]], "id": 26}, {"box": [155, 493, 300, 313], "text": "Gandhi mouse pad", "label": "column_value", "words": [{"box": [155, 493, 300, 313], "text": "Gandhi mouse pad"}], "linking": [[16, 27]], "id": 27}, {"box": [655, 492, 704, 719], "text": "99.00", "label": "column_value", "words": [{"box": [655, 492, 704, 719], "text": "99.00"}], "linking": [[17, 28]], "id": 28}, {"box": [864, 493, 921, 937], "text": "297.00", "label": "column_value", "words": [{"box": [864, 493, 921, 937], "text": "297.00"}], "linking": [[18, 29]], "id": 29}, {"box": [636, 538, 703, 718], "text": "Subtotal", "label": "others", "words": [{"box": [636, 538, 703, 718], "text": "Subtotal"}], "linking": [], "id": 30}, {"box": [844, 538, 921, 936], "text": "12,246.00", "label": "others", "words": [{"box": [844, 538, 921, 936], "text": "12,246.00"}], "linking": [], "id": 31}, {"box": [612, 567, 701, 716], "text": "GST 12.0%", "label": "others", "words": [{"box": [612, 567, 701, 716], "text": "GST 12.0%"}], "linking": [], "id": 32}, {"box": [851, 567, 922, 937], "text": "1,469.52", "label": "others", "words": [{"box": [851, 567, 922, 937], "text": "1,469.52"}], "linking": [], "id": 33}, {"box": [428, 604, 696, 710], "text": "Purchase Order Tota", "label": "total_id", "words": [{"box": [428, 604, 696, 710], "text": "Purchase Order Tota"}], "linking": [[34, 35]], "id": 34}, {"box": [779, 602, 920, 938], "text": "13,715.52", "label": "total_cost", "words": [{"box": [779, 602, 920, 938], "text": "13,715.52"}], "linking": [[34, 35]], "id": 35}, {"box": [72, 764, 233, 247], "text": "Terms &Conditions", "label": "others", "words": [{"box": [72, 764, 233, 247], "text": "Terms &Conditions"}], "linking": [], "id": 36}, {"box": [71, 791, 300, 314], "text": "Payment is due within 15 days", "label": "others", "words": [{"box": [71, 791, 300, 314], "text": "Payment is due within 15 days"}], "linking": [], "id": 37}, {"box": [72, 824, 217, 231], "text": "State Bank of India", "label": "others", "words": [{"box": [72, 824, 217, 231], "text": "State Bank of India"}], "linking": [], "id": 38}, {"box": [68, 840, 284, 298], "text": "Account Number:12345678", "label": "others", "words": [{"box": [68, 840, 284, 298], "text": "Account Number:12345678"}], "linking": [], "id": 39}, {"box": [69, 859, 308, 322], "text": "Routing Number:09876543210", "label": "others", "words": [{"box": [69, 859, 308, 322], "text": "Routing Number:09876543210"}], "linking": [], "id": 40}, {"box": [76, 424, 102, 121], "text": "1", "label": "column_value", "words": [{"box": [76, 424, 102, 121], "text": "1"}], "linking": [[15, 41]], "id": 41}]}