{"form": [{"box": [149, 43, 414, 435], "text": "TEMPLATE LAB", "label": "others", "words": [{"box": [149, 43, 414, 435], "text": "TEMPLATE LAB"}], "linking": [], "id": 0}, {"box": [594, 47, 944, 966], "text": "PURCHASE ORDER", "label": "others", "words": [{"box": [594, 47, 944, 966], "text": "PURCHASE ORDER"}], "linking": [], "id": 1}, {"box": [54, 104, 262, 283], "text": "[Company Name]", "label": "others", "words": [{"box": [54, 104, 262, 283], "text": "[Company Name]"}], "linking": [], "id": 2}, {"box": [49, 132, 162, 177], "text": "[Street Address]", "label": "others", "words": [{"box": [49, 132, 162, 177], "text": "[Street Address]"}], "linking": [], "id": 3}, {"box": [823, 134, 910, 925], "text": " 23/04/2020", "label": "po_date", "words": [{"box": [823, 134, 910, 925], "text": " 23/04/2020"}], "linking": [[5, 4]], "id": 4}, {"box": [758, 133, 800, 814], "text": "DATE", "label": "date_heading", "words": [{"box": [758, 133, 800, 814], "text": "DATE"}], "linking": [[5, 4]], "id": 5}, {"box": [48, 152, 142, 160], "text": "[City, ST ZIP]", "label": "others", "words": [{"box": [48, 152, 142, 160], "text": "[City, ST ZIP]"}], "linking": [], "id": 6}, {"box": [762, 155, 801, 814], "text": "PO#", "label": "po_no_heading", "words": [{"box": [762, 155, 801, 814], "text": "PO#"}], "linking": [[7, 8]], "id": 7}, {"box": [824, 154, 882, 897], "text": "110000", "label": "po_no", "words": [{"box": [824, 154, 882, 897], "text": "110000"}], "linking": [[7, 8]], "id": 8}, {"box": [48, 175, 208, 223], "text": "Phone: (000) 000-0000", "label": "others", "words": [{"box": [48, 175, 208, 223], "text": "Phone: (000) 000-0000"}], "linking": [], "id": 9}, {"box": [49, 197, 187, 201], "text": "Fax: (000) 000-0000", "label": "others", "words": [{"box": [49, 197, 187, 201], "text": "Fax: (000) 000-0000"}], "linking": [], "id": 10}, {"box": [48, 219, 271, 286], "text": "Website: www.templatelab.com", "label": "others", "words": [{"box": [48, 219, 271, 286], "text": "Website: www.templatelab.com"}], "linking": [], "id": 11}, {"box": [59, 255, 123, 138], "text": "VENDOR", "label": "vendor_address_title", "words": [{"box": [59, 255, 123, 138], "text": "VENDOR"}], "linking": [[12, 14], [12, 16], [12, 18], [12, 20], [12, 23], [12, 24]], "id": 12}, {"box": [579, 255, 641, 656], "text": " SHIP TO", "label": "sender_address_title", "words": [{"box": [579, 255, 641, 656], "text": " SHIP TO"}], "linking": [[13, 15], [13, 17], [13, 19], [13, 21], [13, 22]], "id": 13}, {"box": [49, 275, 172, 187], "text": "[Company Name]", "label": "vendor_address", "words": [{"box": [49, 275, 172, 187], "text": "[Company Name]"}], "linking": [[12, 14]], "id": 14}, {"box": [573, 275, 630, 646], "text": "[Name]", "label": "sender_address", "words": [{"box": [573, 275, 630, 646], "text": "[Name]"}], "linking": [[13, 15]], "id": 15}, {"box": [49, 297, 220, 234], "text": "[Contact or Department]", "label": "vendor_address", "words": [{"box": [49, 297, 220, 234], "text": "[Contact or Department]"}], "linking": [[12, 16]], "id": 16}, {"box": [574, 296, 695, 710], "text": "[Company Name]", "label": "sender_address", "words": [{"box": [574, 296, 695, 710], "text": "[Company Name]"}], "linking": [[13, 17]], "id": 17}, {"box": [49, 318, 162, 177], "text": "[Street Address]", "label": "vendor_address", "words": [{"box": [49, 318, 162, 177], "text": "[Street Address]"}], "linking": [[12, 18]], "id": 18}, {"box": [573, 318, 686, 701], "text": "[Street Address]", "label": "sender_address", "words": [{"box": [573, 318, 686, 701], "text": "[Street Address]"}], "linking": [[13, 19]], "id": 19}, {"box": [51, 341, 139, 150], "text": "[City, ST ZIP]", "label": "vendor_address", "words": [{"box": [51, 341, 139, 150], "text": "[City, ST ZIP]"}], "linking": [[12, 20]], "id": 20}, {"box": [574, 340, 665, 680], "text": "[City, ST ZIP]", "label": "sender_address", "words": [{"box": [574, 340, 665, 680], "text": "[City, ST ZIP]"}], "linking": [[13, 21]], "id": 21}, {"box": [572, 361, 629, 645], "text": "[Phone]", "label": "sender_address", "words": [{"box": [572, 361, 629, 645], "text": "[Phone]"}], "linking": [[13, 22]], "id": 22}, {"box": [48, 360, 209, 224], "text": " Phone: (000) 000-0000", "label": "vendor_address", "words": [{"box": [48, 360, 209, 224], "text": " Phone: (000) 000-0000"}], "linking": [[12, 23]], "id": 23}, {"box": [48, 382, 190, 204], "text": "Fax: (000) 000-0000", "label": "vendor_address", "words": [{"box": [48, 382, 190, 204], "text": "Fax: (000) 000-0000"}], "linking": [[12, 24]], "id": 24}, {"box": [184, 431, 306, 320], "text": "SHIPPING TERMS", "label": "others", "words": [{"box": [184, 431, 306, 320], "text": "SHIPPING TERMS"}], "linking": [], "id": 25}, {"box": [491, 431, 626, 640], "text": "SHIPPING METHOD", "label": "others", "words": [{"box": [491, 431, 626, 640], "text": "SHIPPING METHOD"}], "linking": [], "id": 26}, {"box": [759, 432, 866, 877], "text": " DELIVERY DATE", "label": "others", "words": [{"box": [759, 432, 866, 877], "text": " DELIVERY DATE"}], "linking": [], "id": 27}, {"box": [158, 449, 334, 348], "text": "Cost, Insurance & Freight", "label": "others", "words": [{"box": [158, 449, 334, 348], "text": "Cost, Insurance & Freight"}], "linking": [], "id": 28}, {"box": [542, 448, 593, 608], "text": "FEDEX", "label": "others", "words": [{"box": [542, 448, 593, 608], "text": "FEDEX"}], "linking": [], "id": 29}, {"box": [780, 450, 863, 875], "text": "23/05/2020", "label": "others", "words": [{"box": [780, 450, 863, 875], "text": "23/05/2020"}], "linking": [], "id": 30}, {"box": [76, 494, 125, 137], "text": "ITEM #", "label": "column_name", "words": [{"box": [76, 494, 125, 137], "text": "ITEM #"}], "linking": [[31, 37], [31, 41]], "id": 31}, {"box": [315, 494, 404, 416], "text": "DESCRIPTION", "label": "column_name", "words": [{"box": [315, 494, 404, 416], "text": "DESCRIPTION"}], "linking": [[32, 38], [32, 45]], "id": 32}, {"box": [607, 494, 638, 651], "text": "QTY", "label": "column_name", "words": [{"box": [607, 494, 638, 651], "text": "QTY"}], "linking": [[33, 39], [33, 42]], "id": 33}, {"box": [704, 493, 784, 799], "text": "UNIT PRICEE", "label": "column_name", "words": [{"box": [704, 493, 784, 799], "text": "UNIT PRICEE"}], "linking": [[34, 36], [34, 43]], "id": 34}, {"box": [856, 493, 905, 920], "text": "TOTAL", "label": "column_name", "words": [{"box": [856, 493, 905, 920], "text": "TOTAL"}], "linking": [[35, 40], [35, 44]], "id": 35}, {"box": [714, 512, 775, 791], "text": "250.00$", "label": "column_value", "words": [{"box": [714, 512, 775, 791], "text": "250.00$"}], "linking": [[34, 36]], "id": 36}, {"box": [58, 511, 131, 146], "text": "12345478", "label": "column_value", "words": [{"box": [58, 511, 131, 146], "text": "12345478"}], "linking": [[31, 37]], "id": 37}, {"box": [152, 511, 363, 378], "text": "Small part for FUJITSU inverter", "label": "column_value", "words": [{"box": [152, 511, 363, 378], "text": "Small part for FUJITSU inverter"}], "linking": [[32, 38]], "id": 38}, {"box": [616, 511, 638, 653], "text": "10", "label": "column_value", "words": [{"box": [616, 511, 638, 653], "text": "10"}], "linking": [[33, 39]], "id": 39}, {"box": [881, 511, 947, 962], "text": "250.00$", "label": "column_value", "words": [{"box": [881, 511, 947, 962], "text": "250.00$"}], "linking": [[35, 40]], "id": 40}, {"box": [57, 533, 128, 143], "text": "87654321", "label": "column_value", "words": [{"box": [57, 533, 128, 143], "text": "87654321"}], "linking": [[31, 41]], "id": 41}, {"box": [619, 534, 631, 644], "text": "1", "label": "column_value", "words": [{"box": [619, 534, 631, 644], "text": "1"}], "linking": [[33, 42]], "id": 42}, {"box": [717, 533, 771, 786], "text": "75.00$", "label": "column_value", "words": [{"box": [717, 533, 771, 786], "text": "75.00$"}], "linking": [[34, 43]], "id": 43}, {"box": [891, 533, 946, 961], "text": "75.00$", "label": "column_value", "words": [{"box": [891, 533, 946, 961], "text": "75.00$"}], "linking": [[35, 44]], "id": 44}, {"box": [155, 535, 266, 278], "text": "Lighting adapter", "label": "column_value", "words": [{"box": [155, 535, 266, 278], "text": "Lighting adapter"}], "linking": [[32, 45]], "id": 45}, {"box": [675, 751, 750, 765], "text": "SUBTOTAL", "label": "others", "words": [{"box": [675, 751, 750, 765], "text": "SUBTOTAL"}], "linking": [], "id": 46}, {"box": [880, 750, 945, 960], "text": "325.00$", "label": "others", "words": [{"box": [880, 750, 945, 960], "text": "325.00$"}], "linking": [], "id": 47}, {"box": [58, 752, 294, 308], "text": "Comments or Special Instructions", "label": "others", "words": [{"box": [58, 752, 294, 308], "text": "Comments or Special Instructions"}], "linking": [], "id": 48}, {"box": [674, 769, 705, 717], "text": "TAX", "label": "others", "words": [{"box": [674, 769, 705, 717], "text": "TAX"}], "linking": [], "id": 49}, {"box": [914, 768, 945, 960], "text": "10%", "label": "others", "words": [{"box": [914, 768, 945, 960], "text": "10%"}], "linking": [], "id": 50}, {"box": [58, 782, 516, 530], "text": "Fusce posuere, magna sed pulvinar ultricies, purus lectus malesuada libero, sit amet", "label": "others", "words": [{"box": [58, 782, 516, 530], "text": "Fusce posuere, magna sed pulvinar ultricies, purus lectus malesuada libero, sit amet"}], "linking": [], "id": 51}, {"box": [676, 786, 743, 754], "text": "SHIPPING", "label": "others", "words": [{"box": [676, 786, 743, 754], "text": "SHIPPING"}], "linking": [], "id": 52}, {"box": [871, 785, 944, 956], "text": "1,000.00$", "label": "others", "words": [{"box": [871, 785, 944, 956], "text": "1,000.00$"}], "linking": [], "id": 53}, {"box": [59, 795, 186, 196], "text": "commodo magna eros.", "label": "others", "words": [{"box": [59, 795, 186, 196], "text": "commodo magna eros."}], "linking": [], "id": 54}, {"box": [676, 809, 724, 735], "text": "TOTAL", "label": "total_id", "words": [{"box": [676, 809, 724, 735], "text": "TOTAL"}], "linking": [[55, 56]], "id": 55}, {"box": [863, 809, 943, 954], "text": "1,357.50$", "label": "total_cost", "words": [{"box": [863, 809, 943, 954], "text": "1,357.50$"}], "linking": [[55, 56]], "id": 56}]}