{"form": [{"box": [385, 191, 605, 628], "text": "Saffron Design", "label": "others", "words": [{"box": [385, 191, 605, 628], "text": "Saffron Design"}], "linking": [], "id": 0}, {"box": [431, 220, 566, 584], "text": "77 Namrata Bldg", "label": "others", "words": [{"box": [431, 220, 566, 584], "text": "77 Namrata Bldg"}], "linking": [], "id": 1}, {"box": [424, 235, 573, 587], "text": "Delhi,Delhi 400077", "label": "others", "words": [{"box": [424, 235, 573, 587], "text": "Delhi,Delhi 400077"}], "linking": [], "id": 2}, {"box": [93, 274, 158, 173], "text": "Vendor", "label": "vendor_address_title", "words": [{"box": [93, 274, 158, 173], "text": "Vendor"}], "linking": [[3, 7], [3, 11], [3, 13]], "id": 3}, {"box": [332, 274, 399, 414], "text": "Ship To", "label": "sender_address_title", "words": [{"box": [332, 274, 399, 414], "text": "Ship To"}], "linking": [[4, 8], [4, 12], [4, 14]], "id": 4}, {"box": [607, 274, 683, 697], "text": "Order #", "label": "po_no_heading", "words": [{"box": [607, 274, 683, 697], "text": "Order #"}], "linking": [[5, 6]], "id": 5}, {"box": [851, 274, 906, 921], "text": "IN-001", "label": "po_no", "words": [{"box": [851, 274, 906, 921], "text": "IN-001"}], "linking": [[5, 6]], "id": 6}, {"box": [92, 299, 231, 245], "text": "Kavindra Mannan", "label": "vendor_address", "words": [{"box": [92, 299, 231, 245], "text": "Kavindra Mannan"}], "linking": [[3, 7]], "id": 7}, {"box": [329, 298, 465, 480], "text": "Kavindra Mannan", "label": "sender_address", "words": [{"box": [329, 298, 465, 480], "text": "Kavindra Mannan"}], "linking": [[4, 8]], "id": 8}, {"box": [604, 296, 708, 724], "text": "Order Date", "label": "date_heading", "words": [{"box": [604, 296, 708, 724], "text": "Order Date"}], "linking": [[9, 10]], "id": 9}, {"box": [819, 297, 907, 921], "text": "29/01/2019", "label": "po_date", "words": [{"box": [819, 297, 907, 921], "text": "29/01/2019"}], "linking": [[9, 10]], "id": 10}, {"box": [95, 313, 234, 248], "text": "27Dlf CityGupta", "label": "vendor_address", "words": [{"box": [95, 313, 234, 248], "text": "27Dlf CityGupta"}], "linking": [[3, 11]], "id": 11}, {"box": [331, 310, 483, 496], "text": "264,Abdul Rehman", "label": "sender_address", "words": [{"box": [331, 310, 483, 496], "text": "264,Abdul Rehman"}], "linking": [[4, 12]], "id": 12}, {"box": [93, 325, 234, 247], "text": "Delhi,Delhi 40003", "label": "vendor_address", "words": [{"box": [93, 325, 234, 247], "text": "Delhi,Delhi 40003"}], "linking": [[3, 13]], "id": 13}, {"box": [328, 325, 492, 506], "text": "Mumbai,Bihar 40009", "label": "sender_address", "words": [{"box": [328, 325, 492, 506], "text": "Mumbai,Bihar 40009"}], "linking": [[4, 14]], "id": 14}, {"box": [104, 383, 141, 156], "text": "Qty", "label": "column_name", "words": [{"box": [104, 383, 141, 156], "text": "Qty"}], "linking": [[15, 19], [15, 23], [15, 27]], "id": 15}, {"box": [301, 383, 405, 419], "text": "Description", "label": "column_name", "words": [{"box": [301, 383, 405, 419], "text": "Description"}], "linking": [[16, 20], [16, 24], [16, 28]], "id": 16}, {"box": [607, 382, 696, 710], "text": "Unit Price", "label": "column_name", "words": [{"box": [607, 382, 696, 710], "text": "Unit Price"}], "linking": [[17, 21], [17, 25], [17, 29]], "id": 17}, {"box": [831, 384, 899, 910], "text": "Amount", "label": "column_name", "words": [{"box": [831, 384, 899, 910], "text": "Amount"}], "linking": [[18, 22], [18, 26], [18, 30]], "id": 18}, {"box": [119, 410, 136, 148], "text": "1", "label": "column_value", "words": [{"box": [119, 410, 136, 148], "text": "1"}], "linking": [[15, 19]], "id": 19}, {"box": [188, 411, 397, 411], "text": "Frontend design restructure", "label": "column_value", "words": [{"box": [188, 411, 397, 411], "text": "Frontend design restructure"}], "linking": [[16, 20]], "id": 20}, {"box": [644, 408, 713, 729], "text": "9,999.00", "label": "column_value", "words": [{"box": [644, 408, 713, 729], "text": "9,999.00"}], "linking": [[17, 21]], "id": 21}, {"box": [836, 409, 907, 922], "text": "9,999.00", "label": "column_value", "words": [{"box": [836, 409, 907, 922], "text": "9,999.00"}], "linking": [[18, 22]], "id": 22}, {"box": [119, 430, 138, 154], "text": "2", "label": "column_value", "words": [{"box": [119, 430, 138, 154], "text": "2"}], "linking": [[15, 23]], "id": 23}, {"box": [189, 432, 352, 366], "text": "Custom icon package", "label": "column_value", "words": [{"box": [189, 432, 352, 366], "text": "Custom icon package"}], "linking": [[16, 24]], "id": 24}, {"box": [659, 430, 715, 730], "text": "975.00", "label": "column_value", "words": [{"box": [659, 430, 715, 730], "text": "975.00"}], "linking": [[17, 25]], "id": 25}, {"box": [836, 430, 907, 922], "text": "1,950.00", "label": "column_value", "words": [{"box": [836, 430, 907, 922], "text": "1,950.00"}], "linking": [[18, 26]], "id": 26}, {"box": [119, 450, 138, 154], "text": "3", "label": "column_value", "words": [{"box": [119, 450, 138, 154], "text": "3"}], "linking": [[15, 27]], "id": 27}, {"box": [189, 451, 333, 347], "text": "Gandhi mouse pad", "label": "column_value", "words": [{"box": [189, 451, 333, 347], "text": "Gandhi mouse pad"}], "linking": [[16, 28]], "id": 28}, {"box": [667, 451, 716, 730], "text": "99.00", "label": "column_value", "words": [{"box": [667, 451, 716, 730], "text": "99.00"}], "linking": [[17, 29]], "id": 29}, {"box": [849, 451, 906, 920], "text": "297.00", "label": "column_value", "words": [{"box": [849, 451, 906, 920], "text": "297.00"}], "linking": [[18, 30]], "id": 30}, {"box": [636, 497, 715, 730], "text": "Subtotal", "label": "others", "words": [{"box": [636, 497, 715, 730], "text": "Subtotal"}], "linking": [], "id": 31}, {"box": [831, 497, 907, 922], "text": "12,246.00", "label": "others", "words": [{"box": [831, 497, 907, 922], "text": "12,246.00"}], "linking": [], "id": 32}, {"box": [627, 516, 714, 725], "text": "GST12.0%", "label": "others", "words": [{"box": [627, 516, 714, 725], "text": "GST12.0%"}], "linking": [], "id": 33}, {"box": [836, 515, 907, 921], "text": "1,469.52", "label": "others", "words": [{"box": [836, 515, 907, 921], "text": "1,469.52"}], "linking": [], "id": 34}, {"box": [93, 582, 182, 207], "text": "Total", "label": "total_id", "words": [{"box": [93, 582, 182, 207], "text": "Total"}], "linking": [[35, 36]], "id": 35}, {"box": [716, 582, 903, 925], "text": "13,715.52", "label": "total_cost", "words": [{"box": [716, 582, 903, 925], "text": "13,715.52"}], "linking": [[35, 36]], "id": 36}, {"box": [97, 856, 265, 280], "text": "Terms & Conditions", "label": "others", "words": [{"box": [97, 856, 265, 280], "text": "Terms & Conditions"}], "linking": [], "id": 37}, {"box": [95, 879, 324, 338], "text": "Payment is due within 15 days", "label": "others", "words": [{"box": [95, 879, 324, 338], "text": "Payment is due within 15 days"}], "linking": [], "id": 38}, {"box": [95, 903, 244, 259], "text": "State Bank of India", "label": "others", "words": [{"box": [95, 903, 244, 259], "text": "State Bank of India"}], "linking": [], "id": 39}, {"box": [95, 914, 307, 321], "text": "Account Number:12345678", "label": "others", "words": [{"box": [95, 914, 307, 321], "text": "Account Number:12345678"}], "linking": [], "id": 40}, {"box": [93, 928, 333, 346], "text": "Routing Number:09876543210", "label": "others", "words": [{"box": [93, 928, 333, 346], "text": "Routing Number:09876543210"}], "linking": [], "id": 41}]}