{"form": [{"box": [818, 60, 892, 907], "text": " Print Form", "label": "others", "words": [{"box": [818, 60, 892, 907], "text": " Print Form"}], "linking": [], "id": 0}, {"box": [135, 64, 265, 283], "text": "<Company Name>", "label": "others", "words": [{"box": [135, 64, 265, 283], "text": "<Company Name>"}], "linking": [], "id": 1}, {"box": [615, 60, 694, 705], "text": " Reset Form", "label": "others", "words": [{"box": [615, 60, 694, 705], "text": " Reset Form"}], "linking": [], "id": 2}, {"box": [721, 62, 789, 800], "text": " Save Form", "label": "others", "words": [{"box": [721, 62, 789, 800], "text": " Save Form"}], "linking": [], "id": 3}, {"box": [616, 91, 898, 916], "text": "PURCHASE ORDER", "label": "others", "words": [{"box": [616, 91, 898, 916], "text": "PURCHASE ORDER"}], "linking": [], "id": 4}, {"box": [136, 95, 194, 205], "text": "<Address>", "label": "others", "words": [{"box": [136, 95, 194, 205], "text": "<Address>"}], "linking": [], "id": 5}, {"box": [134, 110, 195, 210], "text": "<Address>", "label": "others", "words": [{"box": [134, 110, 195, 210], "text": "<Address>"}], "linking": [], "id": 6}, {"box": [137, 126, 236, 248], "text": "<Contact Number>", "label": "others", "words": [{"box": [137, 126, 236, 248], "text": "<Contact Number>"}], "linking": [], "id": 7}, {"box": [663, 125, 728, 740], "text": "P.O. NUMBER", "label": "po_no_heading", "words": [{"box": [663, 125, 728, 740], "text": "P.O. NUMBER"}], "linking": [[8, 11]], "id": 8}, {"box": [775, 126, 802, 814], "text": "DATE", "label": "date_heading", "words": [{"box": [775, 126, 802, 814], "text": "DATE"}], "linking": [[9, 12]], "id": 9}, {"box": [136, 141, 271, 285], "text": "<Default Email Address>", "label": "others", "words": [{"box": [136, 141, 271, 285], "text": "<Default Email Address>"}], "linking": [], "id": 10}, {"box": [660, 141, 709, 728], "text": "23781", "label": "po_no", "words": [{"box": [660, 141, 709, 728], "text": "23781"}], "linking": [[8, 11]], "id": 11}, {"box": [771, 143, 849, 867], "text": "nn/dd/yyyy", "label": "po_date", "words": [{"box": [771, 143, 849, 867], "text": "nn/dd/yyyy"}], "linking": [[9, 12]], "id": 12}, {"box": [135, 157, 222, 237], "text": "<Website URL>", "label": "others", "words": [{"box": [135, 157, 222, 237], "text": "<Website URL>"}], "linking": [], "id": 13}, {"box": [143, 176, 204, 220], "text": "VENDOR", "label": "vendor_address_title", "words": [{"box": [143, 176, 204, 220], "text": "VENDOR"}], "linking": [[14, 16], [14, 18], [14, 20], [14, 22], [14, 24], [14, 26], [14, 29], [14, 31], [14, 33], [14, 35]], "id": 14}, {"box": [560, 177, 639, 654], "text": "CUSTOMER", "label": "sender_address_title", "words": [{"box": [560, 177, 639, 654], "text": "CUSTOMER"}], "linking": [[15, 17], [15, 19], [15, 21], [15, 23], [15, 25], [15, 27], [15, 28], [15, 30], [15, 32], [15, 34], [15, 36]], "id": 15}, {"box": [144, 201, 177, 189], "text": "NAME", "label": "vendor_address", "words": [{"box": [144, 201, 177, 189], "text": "NAME"}], "linking": [[14, 16]], "id": 16}, {"box": [558, 201, 589, 601], "text": "NAME", "label": "sender_address", "words": [{"box": [558, 201, 589, 601], "text": "NAME"}], "linking": [[15, 17]], "id": 17}, {"box": [145, 225, 252, 267], "text": "<Sales Person>", "label": "vendor_address", "words": [{"box": [145, 225, 252, 267], "text": "<Sales Person>"}], "linking": [[14, 18]], "id": 18}, {"box": [558, 225, 636, 651], "text": "John Smith", "label": "sender_address", "words": [{"box": [558, 225, 636, 651], "text": "John Smith"}], "linking": [[15, 19]], "id": 19}, {"box": [145, 249, 227, 239], "text": "COMPANY NAME", "label": "vendor_address", "words": [{"box": [145, 249, 227, 239], "text": "COMPANY NAME"}], "linking": [[14, 20]], "id": 20}, {"box": [560, 249, 642, 654], "text": "COMPANY NAME", "label": "sender_address", "words": [{"box": [560, 249, 642, 654], "text": "COMPANY NAME"}], "linking": [[15, 21]], "id": 21}, {"box": [145, 272, 271, 286], "text": "<Company Name>", "label": "vendor_address", "words": [{"box": [145, 272, 271, 286], "text": "<Company Name>"}], "linking": [[14, 22]], "id": 22}, {"box": [559, 272, 693, 708], "text": "Redline Auto Center", "label": "sender_address", "words": [{"box": [559, 272, 693, 708], "text": "Redline Auto Center"}], "linking": [[15, 23]], "id": 23}, {"box": [145, 291, 195, 207], "text": "ADDRESS", "label": "vendor_address", "words": [{"box": [145, 291, 195, 207], "text": "ADDRESS"}], "linking": [[14, 24]], "id": 24}, {"box": [560, 291, 610, 622], "text": "ADDRESS", "label": "sender_address", "words": [{"box": [560, 291, 610, 622], "text": "ADDRESS"}], "linking": [[15, 25]], "id": 25}, {"box": [145, 316, 219, 233], "text": "<Address>", "label": "vendor_address", "words": [{"box": [145, 316, 219, 233], "text": "<Address>"}], "linking": [[14, 26]], "id": 26}, {"box": [563, 316, 665, 677], "text": "16040 S. US 27", "label": "sender_address", "words": [{"box": [563, 316, 665, 677], "text": "16040 S. US 27"}], "linking": [[15, 27]], "id": 27}, {"box": [560, 334, 726, 739], "text": "Lansing, Michigan 48906", "label": "sender_address", "words": [{"box": [560, 334, 726, 739], "text": "Lansing, Michigan 48906"}], "linking": [[15, 28]], "id": 28}, {"box": [144, 352, 182, 198], "text": "PHONE", "label": "vendor_address", "words": [{"box": [144, 352, 182, 198], "text": "PHONE"}], "linking": [[14, 29]], "id": 29}, {"box": [560, 352, 598, 611], "text": "PHONE", "label": "sender_address", "words": [{"box": [560, 352, 598, 611], "text": "PHONE"}], "linking": [[15, 30]], "id": 30}, {"box": [145, 372, 207, 223], "text": "<Phone>", "label": "vendor_address", "words": [{"box": [145, 372, 207, 223], "text": "<Phone>"}], "linking": [[14, 31]], "id": 31}, {"box": [559, 370, 653, 671], "text": "517-367-7010", "label": "sender_address", "words": [{"box": [559, 370, 653, 671], "text": "517-367-7010"}], "linking": [[15, 32]], "id": 32}, {"box": [145, 390, 225, 237], "text": "EMAIL ADDRESS", "label": "vendor_address", "words": [{"box": [145, 390, 225, 237], "text": "EMAIL ADDRESS"}], "linking": [[14, 33]], "id": 33}, {"box": [560, 390, 640, 652], "text": "EMAIL ADDRESS", "label": "sender_address", "words": [{"box": [560, 390, 640, 652], "text": "EMAIL ADDRESS"}], "linking": [[15, 34]], "id": 34}, {"box": [145, 408, 258, 273], "text": "<Email Address>", "label": "vendor_address", "words": [{"box": [145, 408, 258, 273], "text": "<Email Address>"}], "linking": [[14, 35]], "id": 35}, {"box": [560, 408, 716, 731], "text": "johnsmith@redline.com", "label": "sender_address", "words": [{"box": [560, 408, 716, 731], "text": "johnsmith@redline.com"}], "linking": [[15, 36]], "id": 36}, {"box": [145, 447, 229, 239], "text": "SHIPPING TERMS", "label": "others", "words": [{"box": [145, 447, 229, 239], "text": "SHIPPING TERMS"}], "linking": [], "id": 37}, {"box": [558, 446, 652, 664], "text": "SHIPPING METHOD", "label": "others", "words": [{"box": [558, 446, 652, 664], "text": "SHIPPING METHOD"}], "linking": [], "id": 38}, {"box": [772, 447, 852, 864], "text": "DELIVERY DATE", "label": "others", "words": [{"box": [772, 447, 852, 864], "text": "DELIVERY DATE"}], "linking": [], "id": 39}, {"box": [558, 462, 632, 648], "text": "Air & Land", "label": "others", "words": [{"box": [558, 462, 632, 648], "text": "Air & Land"}], "linking": [], "id": 40}, {"box": [773, 463, 856, 872], "text": "mm/dd/yyyy", "label": "others", "words": [{"box": [773, 463, 856, 872], "text": "mm/dd/yyyy"}], "linking": [], "id": 41}, {"box": [145, 462, 259, 273], "text": "Freight on Board", "label": "others", "words": [{"box": [145, 462, 259, 273], "text": "Freight on Board"}], "linking": [], "id": 42}, {"box": [174, 482, 213, 229], "text": "Code", "label": "column_name", "words": [{"box": [174, 482, 213, 229], "text": "Code"}], "linking": [[43, 48], [43, 53], [43, 58]], "id": 43}, {"box": [336, 482, 465, 478], "text": "Product Description", "label": "column_name", "words": [{"box": [336, 482, 465, 478], "text": "Product Description"}], "linking": [[44, 51], [44, 54], [44, 59]], "id": 44}, {"box": [580, 482, 638, 654], "text": " Quantity", "label": "column_name", "words": [{"box": [580, 482, 638, 654], "text": " Quantity"}], "linking": [[45, 52], [45, 55], [45, 60]], "id": 45}, {"box": [685, 482, 752, 767], "text": "Unit Price", "label": "column_name", "words": [{"box": [685, 482, 752, 767], "text": "Unit Price"}], "linking": [[46, 49], [46, 56], [46, 61]], "id": 46}, {"box": [813, 482, 869, 884], "text": "Amount", "label": "column_name", "words": [{"box": [813, 482, 869, 884], "text": "Amount"}], "linking": [[47, 50], [47, 57], [47, 62]], "id": 47}, {"box": [145, 504, 218, 236], "text": "304-98632", "label": "column_value", "words": [{"box": [145, 504, 218, 236], "text": "304-98632"}], "linking": [[43, 48]], "id": 48}, {"box": [721, 503, 773, 792], "text": "111.36", "label": "column_value", "words": [{"box": [721, 503, 773, 792], "text": "111.36"}], "linking": [[46, 49]], "id": 49}, {"box": [853, 505, 903, 920], "text": "445.44", "label": "column_value", "words": [{"box": [853, 505, 903, 920], "text": "445.44"}], "linking": [[47, 50]], "id": 50}, {"box": [243, 505, 439, 454], "text": "Brake Discs, Pads & Calipers", "label": "column_value", "words": [{"box": [243, 505, 439, 454], "text": "Brake Discs, Pads & Calipers"}], "linking": [[44, 51]], "id": 51}, {"box": [601, 505, 617, 632], "text": "4", "label": "column_value", "words": [{"box": [601, 505, 617, 632], "text": "4"}], "linking": [[45, 52]], "id": 52}, {"box": [145, 527, 219, 234], "text": "501-35587", "label": "column_value", "words": [{"box": [145, 527, 219, 234], "text": "501-35587"}], "linking": [[43, 53]], "id": 53}, {"box": [245, 528, 327, 342], "text": "Control Arm", "label": "column_value", "words": [{"box": [245, 528, 327, 342], "text": "Control Arm"}], "linking": [[44, 54]], "id": 54}, {"box": [603, 528, 615, 628], "text": "2", "label": "column_value", "words": [{"box": [603, 528, 615, 628], "text": "2"}], "linking": [[45, 55]], "id": 55}, {"box": [730, 527, 772, 788], "text": "60.93", "label": "column_value", "words": [{"box": [730, 527, 772, 788], "text": "60.93"}], "linking": [[46, 56]], "id": 56}, {"box": [855, 527, 904, 920], "text": "121.86", "label": "column_value", "words": [{"box": [855, 527, 904, 920], "text": "121.86"}], "linking": [[47, 57]], "id": 57}, {"box": [145, 551, 220, 235], "text": "886-19386", "label": "column_value", "words": [{"box": [145, 551, 220, 235], "text": "886-19386"}], "linking": [[43, 58]], "id": 58}, {"box": [243, 551, 371, 386], "text": "Suspension Lift Kit", "label": "column_value", "words": [{"box": [243, 551, 371, 386], "text": "Suspension Lift Kit"}], "linking": [[44, 59]], "id": 59}, {"box": [603, 551, 615, 628], "text": "2", "label": "column_value", "words": [{"box": [603, 551, 615, 628], "text": "2"}], "linking": [[45, 60]], "id": 60}, {"box": [721, 550, 771, 787], "text": "399.83", "label": "column_value", "words": [{"box": [721, 550, 771, 787], "text": "399.83"}], "linking": [[46, 61]], "id": 61}, {"box": [855, 550, 904, 920], "text": "799.66", "label": "column_value", "words": [{"box": [855, 550, 904, 920], "text": "799.66"}], "linking": [[47, 62]], "id": 62}, {"box": [870, 573, 904, 920], "text": "0.00", "label": "others", "words": [{"box": [870, 573, 904, 920], "text": "0.00"}], "linking": [], "id": 63}, {"box": [870, 596, 903, 920], "text": "0.00", "label": "others", "words": [{"box": [870, 596, 903, 920], "text": "0.00"}], "linking": [], "id": 64}, {"box": [870, 617, 903, 920], "text": "0.00", "label": "others", "words": [{"box": [870, 617, 903, 920], "text": "0.00"}], "linking": [], "id": 65}, {"box": [870, 642, 904, 921], "text": "0.00", "label": "others", "words": [{"box": [870, 642, 904, 921], "text": "0.00"}], "linking": [], "id": 66}, {"box": [870, 665, 904, 920], "text": "0.00", "label": "others", "words": [{"box": [870, 665, 904, 920], "text": "0.00"}], "linking": [], "id": 67}, {"box": [870, 688, 903, 920], "text": "0.00", "label": "others", "words": [{"box": [870, 688, 903, 920], "text": "0.00"}], "linking": [], "id": 68}, {"box": [870, 710, 902, 919], "text": "0.00", "label": "others", "words": [{"box": [870, 710, 902, 919], "text": "0.00"}], "linking": [], "id": 69}, {"box": [870, 731, 904, 921], "text": "0.00", "label": "others", "words": [{"box": [870, 731, 904, 921], "text": "0.00"}], "linking": [], "id": 70}, {"box": [870, 756, 902, 919], "text": "0.00", "label": "others", "words": [{"box": [870, 756, 902, 919], "text": "0.00"}], "linking": [], "id": 71}, {"box": [870, 777, 904, 921], "text": "0.00", "label": "others", "words": [{"box": [870, 777, 904, 921], "text": "0.00"}], "linking": [], "id": 72}, {"box": [870, 800, 904, 921], "text": "0.00", "label": "others", "words": [{"box": [870, 800, 904, 921], "text": "0.00"}], "linking": [], "id": 73}, {"box": [145, 826, 180, 192], "text": "Note:", "label": "others", "words": [{"box": [145, 826, 180, 192], "text": "Note:"}], "linking": [], "id": 74}, {"box": [558, 825, 635, 650], "text": "Subtotal ($)", "label": "others", "words": [{"box": [558, 825, 635, 650], "text": "Subtotal ($)"}], "linking": [], "id": 75}, {"box": [842, 825, 902, 918], "text": "1,366.96", "label": "others", "words": [{"box": [842, 825, 902, 918], "text": "1,366.96"}], "linking": [], "id": 76}, {"box": [558, 844, 640, 655], "text": "Discount (%)", "label": "others", "words": [{"box": [558, 844, 640, 655], "text": "Discount (%)"}], "linking": [], "id": 77}, {"box": [706, 844, 728, 743], "text": "10", "label": "others", "words": [{"box": [706, 844, 728, 743], "text": "10"}], "linking": [], "id": 78}, {"box": [853, 844, 903, 919], "text": "136.70", "label": "others", "words": [{"box": [853, 844, 903, 919], "text": "136.70"}], "linking": [], "id": 79}, {"box": [145, 851, 527, 540], "text": "Payment shall be 30 days upon receipt of the items above.", "label": "others", "words": [{"box": [145, 851, 527, 540], "text": "Payment shall be 30 days upon receipt of the items above."}], "linking": [], "id": 80}, {"box": [558, 863, 647, 663], "text": "Sales Tax (%)", "label": "others", "words": [{"box": [558, 863, 647, 663], "text": "Sales Tax (%)"}], "linking": [], "id": 81}, {"box": [706, 862, 728, 743], "text": "12", "label": "others", "words": [{"box": [706, 862, 728, 743], "text": "12"}], "linking": [], "id": 82}, {"box": [853, 862, 902, 918], "text": "164.04", "label": "others", "words": [{"box": [853, 862, 902, 918], "text": "164.04"}], "linking": [], "id": 83}, {"box": [558, 880, 646, 661], "text": "Other Cost ($)", "label": "others", "words": [{"box": [558, 880, 646, 661], "text": "Other Cost ($)"}], "linking": [], "id": 84}, {"box": [853, 882, 903, 919], "text": "500.00", "label": "others", "words": [{"box": [853, 882, 903, 919], "text": "500.00"}], "linking": [], "id": 85}, {"box": [557, 898, 703, 721], "text": "Shipping & Handling ($)", "label": "others", "words": [{"box": [557, 898, 703, 721], "text": "Shipping & Handling ($)"}], "linking": [], "id": 86}, {"box": [853, 899, 903, 918], "text": "800.00", "label": "others", "words": [{"box": [853, 899, 903, 918], "text": "800.00"}], "linking": [], "id": 87}, {"box": [559, 918, 668, 683], "text": "Total Amount ($)", "label": "total_id", "words": [{"box": [559, 918, 668, 683], "text": "Total Amount ($)"}], "linking": [[88, 89]], "id": 88}, {"box": [842, 918, 903, 919], "text": "2,694.30", "label": "total_cost", "words": [{"box": [842, 918, 903, 919], "text": "2,694.30"}], "linking": [[88, 89]], "id": 89}]}