{"form": [{"box": [394, 69, 650, 675], "text": "<Company Name>", "label": "others", "words": [{"box": [394, 69, 650, 675], "text": "<Company Name>"}], "linking": [], "id": 0}, {"box": [133, 106, 249, 264], "text": "<Company Address>", "label": "others", "words": [{"box": [133, 106, 249, 264], "text": "<Company Address>"}], "linking": [], "id": 1}, {"box": [654, 108, 909, 927], "text": "PURCHASE ORDER", "label": "others", "words": [{"box": [654, 108, 909, 927], "text": "PURCHASE ORDER"}], "linking": [], "id": 2}, {"box": [133, 123, 249, 264], "text": "<Company Address>", "label": "others", "words": [{"box": [133, 123, 249, 264], "text": "<Company Address>"}], "linking": [], "id": 3}, {"box": [829, 130, 903, 919], "text": " Print Form", "label": "others", "words": [{"box": [829, 130, 903, 919], "text": " Print Form"}], "linking": [], "id": 4}, {"box": [624, 131, 703, 718], "text": " Reset Form", "label": "others", "words": [{"box": [624, 131, 703, 718], "text": " Reset Form"}], "linking": [], "id": 5}, {"box": [731, 131, 803, 818], "text": " Save Form", "label": "others", "words": [{"box": [731, 131, 803, 818], "text": " Save Form"}], "linking": [], "id": 6}, {"box": [134, 140, 232, 247], "text": "<Phone Number>", "label": "others", "words": [{"box": [134, 140, 232, 247], "text": "<Phone Number>"}], "linking": [], "id": 7}, {"box": [749, 153, 789, 807], "text": " DATE:", "label": "date_heading", "words": [{"box": [749, 153, 789, 807], "text": " DATE:"}], "linking": [[8, 99]], "id": 8}, {"box": [135, 156, 227, 239], "text": ">Email Address>", "label": "others", "words": [{"box": [135, 156, 227, 239], "text": ">Email Address>"}], "linking": [], "id": 9}, {"box": [136, 172, 221, 233], "text": "<Website URL>", "label": "others", "words": [{"box": [136, 172, 221, 233], "text": "<Website URL>"}], "linking": [], "id": 10}, {"box": [654, 174, 788, 802], "text": "PURCHASE ORDER NO.:", "label": "po_no_heading", "words": [{"box": [654, 174, 788, 802], "text": "PURCHASE ORDER NO.:"}], "linking": [[11, 100]], "id": 11}, {"box": [133, 201, 292, 305], "text": "VENDOR INFORMATION", "label": "vendor_address_title", "words": [{"box": [133, 201, 292, 305], "text": "VENDOR INFORMATION"}], "linking": [[12, 15], [12, 13], [12, 17], [12, 18], [12, 19], [12, 21]], "id": 12}, {"box": [133, 219, 208, 219], "text": "VENDOR NAME", "label": "vendor_address", "words": [{"box": [133, 219, 208, 219], "text": "VENDOR NAME"}], "linking": [[12, 13]], "id": 13}, {"box": [552, 219, 631, 642], "text": "SALES PERSON", "label": "others", "words": [{"box": [552, 219, 631, 642], "text": "SALES PERSON"}], "linking": [], "id": 14}, {"box": [135, 233, 282, 297], "text": "ABC Office Supplies", "label": "vendor_address", "words": [{"box": [135, 233, 282, 297], "text": "ABC Office Supplies"}], "linking": [[12, 15]], "id": 15}, {"box": [552, 233, 638, 653], "text": " John Smith", "label": "others", "words": [{"box": [552, 233, 638, 653], "text": " John Smith"}], "linking": [], "id": 16}, {"box": [135, 252, 183, 194], "text": "ADDRESS", "label": "vendor_address", "words": [{"box": [135, 252, 183, 194], "text": "ADDRESS"}], "linking": [[12, 17]], "id": 17}, {"box": [135, 266, 422, 437], "text": "1667 K Street NW, Washington DC2006", "label": "vendor_address", "words": [{"box": [135, 266, 422, 437], "text": "1667 K Street NW, Washington DC2006"}], "linking": [[12, 18]], "id": 18}, {"box": [133, 284, 202, 213], "text": "CONTACT NO.", "label": "vendor_address", "words": [{"box": [133, 284, 202, 213], "text": "CONTACT NO."}], "linking": [[12, 19]], "id": 19}, {"box": [553, 284, 633, 644], "text": "EMAIL ADDRESS", "label": "others", "words": [{"box": [553, 284, 633, 644], "text": "EMAIL ADDRESS"}], "linking": [], "id": 20}, {"box": [136, 299, 238, 253], "text": "(203) 743-8993", "label": "vendor_address", "words": [{"box": [136, 299, 238, 253], "text": "(203) 743-8993"}], "linking": [[12, 21]], "id": 21}, {"box": [554, 299, 674, 689], "text": "<Email Address>", "label": "others", "words": [{"box": [554, 299, 674, 689], "text": "<Email Address>"}], "linking": [], "id": 22}, {"box": [135, 318, 313, 326], "text": "CUSTOMER INFORMATIONS", "label": "sender_address_title", "words": [{"box": [135, 318, 313, 326], "text": "CUSTOMER INFORMATIONS"}], "linking": [[23, 24], [23, 27], [23, 28], [23, 29], [23, 30], [23, 32]], "id": 23}, {"box": [133, 335, 221, 232], "text": "CUSTOMER NAME", "label": "sender_address", "words": [{"box": [133, 335, 221, 232], "text": "CUSTOMER NAME"}], "linking": [[23, 24]], "id": 24}, {"box": [552, 335, 645, 655], "text": "CONTACT PERSON", "label": "others", "words": [{"box": [552, 335, 645, 655], "text": "CONTACT PERSON"}], "linking": [], "id": 25}, {"box": [550, 350, 827, 842], "text": "Helen Wilson / Purchasing Department", "label": "others", "words": [{"box": [550, 350, 827, 842], "text": "Helen Wilson / Purchasing Department"}], "linking": [], "id": 26}, {"box": [135, 351, 299, 312], "text": "Franklin Middle School", "label": "sender_address", "words": [{"box": [135, 351, 299, 312], "text": "Franklin Middle School"}], "linking": [[23, 27]], "id": 27}, {"box": [134, 369, 181, 194], "text": "ADDRESS", "label": "sender_address", "words": [{"box": [134, 369, 181, 194], "text": "ADDRESS"}], "linking": [[23, 28]], "id": 28}, {"box": [133, 382, 285, 300], "text": "Washington DC, USA", "label": "sender_address", "words": [{"box": [133, 382, 285, 300], "text": "Washington DC, USA"}], "linking": [[23, 29]], "id": 29}, {"box": [133, 401, 201, 212], "text": "CONTACT NO.", "label": "sender_address", "words": [{"box": [133, 401, 201, 212], "text": "CONTACT NO."}], "linking": [[23, 30]], "id": 30}, {"box": [553, 401, 633, 643], "text": "EMAIL ADDRESS", "label": "others", "words": [{"box": [553, 401, 633, 643], "text": "EMAIL ADDRESS"}], "linking": [], "id": 31}, {"box": [136, 416, 238, 253], "text": "(203) 334-7234", "label": "sender_address", "words": [{"box": [136, 416, 238, 253], "text": "(203) 334-7234"}], "linking": [[23, 32]], "id": 32}, {"box": [554, 416, 675, 690], "text": "<Email Address>", "label": "others", "words": [{"box": [554, 416, 675, 690], "text": "<Email Address>"}], "linking": [], "id": 33}, {"box": [141, 438, 198, 213], "text": "Item No.", "label": "column_name", "words": [{"box": [141, 438, 198, 213], "text": "Item No."}], "linking": [[34, 40], [34, 46], [34, 53], [34, 61], [34, 66], [34, 70]], "id": 34}, {"box": [356, 437, 404, 420], "text": "Details", "label": "column_name", "words": [{"box": [356, 437, 404, 420], "text": "Details"}], "linking": [[35, 41], [35, 47], [35, 54], [35, 58], [35, 67], [35, 71]], "id": 35}, {"box": [561, 437, 595, 611], "text": "Unit", "label": "column_name", "words": [{"box": [561, 437, 595, 611], "text": "Unit"}], "linking": [[36, 42], [36, 48], [36, 55], [36, 59], [36, 64], [36, 72]], "id": 36}, {"box": [625, 437, 683, 699], "text": "Quantity", "label": "column_name", "words": [{"box": [625, 437, 683, 699], "text": "Quantity"}], "linking": [[37, 43], [37, 49], [37, 56], [37, 62], [37, 65], [37, 73]], "id": 37}, {"box": [713, 437, 782, 799], "text": "Unit Price", "label": "column_name", "words": [{"box": [713, 437, 782, 799], "text": "Unit Price"}], "linking": [[38, 44], [38, 50], [38, 52], [38, 63], [38, 68], [38, 74]], "id": 38}, {"box": [833, 437, 870, 886], "text": "Total", "label": "column_name", "words": [{"box": [833, 437, 870, 886], "text": "Total"}], "linking": [[39, 45], [39, 51], [39, 57], [39, 60], [39, 69], [39, 75]], "id": 39}, {"box": [162, 460, 180, 196], "text": "1)", "label": "column_value", "words": [{"box": [162, 460, 180, 196], "text": "1)"}], "linking": [[34, 40]], "id": 40}, {"box": [209, 460, 285, 300], "text": "Pencils HB", "label": "column_value", "words": [{"box": [209, 460, 285, 300], "text": "Pencils HB"}], "linking": [[35, 41]], "id": 41}, {"box": [552, 459, 601, 617], "text": "Dozen", "label": "column_value", "words": [{"box": [552, 459, 601, 617], "text": "Dozen"}], "linking": [[36, 42]], "id": 42}, {"box": [645, 459, 661, 678], "text": "5", "label": "column_value", "words": [{"box": [645, 459, 661, 678], "text": "5"}], "linking": [[37, 43]], "id": 43}, {"box": [747, 459, 789, 805], "text": "10.00", "label": "column_value", "words": [{"box": [747, 459, 789, 805], "text": "10.00"}], "linking": [[38, 44]], "id": 44}, {"box": [870, 459, 914, 930], "text": "50.00", "label": "column_value", "words": [{"box": [870, 459, 914, 930], "text": "50.00"}], "linking": [[39, 45]], "id": 45}, {"box": [160, 483, 179, 196], "text": "2)", "label": "column_value", "words": [{"box": [160, 483, 179, 196], "text": "2)"}], "linking": [[34, 46]], "id": 46}, {"box": [208, 481, 285, 301], "text": "Pencils 2B", "label": "column_value", "words": [{"box": [208, 481, 285, 301], "text": "Pencils 2B"}], "linking": [[35, 47]], "id": 47}, {"box": [552, 482, 602, 618], "text": "Dozen", "label": "column_value", "words": [{"box": [552, 482, 602, 618], "text": "Dozen"}], "linking": [[36, 48]], "id": 48}, {"box": [645, 482, 663, 679], "text": "4", "label": "column_value", "words": [{"box": [645, 482, 663, 679], "text": "4"}], "linking": [[37, 49]], "id": 49}, {"box": [747, 482, 789, 805], "text": "10.00", "label": "column_value", "words": [{"box": [747, 482, 789, 805], "text": "10.00"}], "linking": [[38, 50]], "id": 50}, {"box": [871, 482, 913, 929], "text": "40.00", "label": "column_value", "words": [{"box": [871, 482, 913, 929], "text": "40.00"}], "linking": [[39, 51]], "id": 51}, {"box": [753, 506, 786, 803], "text": "3.00", "label": "column_value", "words": [{"box": [753, 506, 786, 803], "text": "3.00"}], "linking": [[38, 52]], "id": 52}, {"box": [159, 505, 179, 195], "text": " 3)", "label": "column_value", "words": [{"box": [159, 505, 179, 195], "text": " 3)"}], "linking": [[34, 53]], "id": 53}, {"box": [209, 506, 436, 451], "text": "Paper - A4, Photo copier, 70 gram", "label": "column_value", "words": [{"box": [209, 506, 436, 451], "text": "Paper - A4, Photo copier, 70 gram"}], "linking": [[35, 54]], "id": 54}, {"box": [552, 505, 598, 614], "text": "Ream", "label": "column_value", "words": [{"box": [552, 505, 598, 614], "text": "Ream"}], "linking": [[36, 55]], "id": 55}, {"box": [645, 505, 665, 680], "text": "10", "label": "column_value", "words": [{"box": [645, 505, 665, 680], "text": "10"}], "linking": [[37, 56]], "id": 56}, {"box": [870, 505, 914, 930], "text": "30.00", "label": "column_value", "words": [{"box": [870, 505, 914, 930], "text": "30.00"}], "linking": [[39, 57]], "id": 57}, {"box": [209, 527, 436, 454], "text": "Paper - A4, Photo copier, 80 gram.", "label": "column_value", "words": [{"box": [209, 527, 436, 454], "text": "Paper - A4, Photo copier, 80 gram."}], "linking": [[35, 58]], "id": 58}, {"box": [551, 528, 596, 613], "text": "Ream", "label": "column_value", "words": [{"box": [551, 528, 596, 613], "text": "Ream"}], "linking": [[36, 59]], "id": 59}, {"box": [871, 528, 912, 929], "text": "48.00", "label": "column_value", "words": [{"box": [871, 528, 912, 929], "text": "48.00"}], "linking": [[39, 60]], "id": 60}, {"box": [160, 528, 179, 195], "text": "4)", "label": "column_value", "words": [{"box": [160, 528, 179, 195], "text": "4)"}], "linking": [[34, 61]], "id": 61}, {"box": [645, 528, 665, 681], "text": "15", "label": "column_value", "words": [{"box": [645, 528, 665, 681], "text": "15"}], "linking": [[37, 62]], "id": 62}, {"box": [753, 527, 790, 806], "text": "3.20", "label": "column_value", "words": [{"box": [753, 527, 790, 806], "text": "3.20"}], "linking": [[38, 63]], "id": 63}, {"box": [551, 551, 598, 615], "text": "Boxes", "label": "column_value", "words": [{"box": [551, 551, 598, 615], "text": "Boxes"}], "linking": [[36, 64]], "id": 64}, {"box": [643, 549, 667, 685], "text": "10", "label": "column_value", "words": [{"box": [643, 549, 667, 685], "text": "10"}], "linking": [[37, 65]], "id": 65}, {"box": [160, 551, 178, 194], "text": "5)", "label": "column_value", "words": [{"box": [160, 551, 178, 194], "text": "5)"}], "linking": [[34, 66]], "id": 66}, {"box": [211, 551, 352, 367], "text": "Pen - Ball Point, Blue", "label": "column_value", "words": [{"box": [211, 551, 352, 367], "text": "Pen - Ball Point, Blue"}], "linking": [[35, 67]], "id": 67}, {"box": [747, 550, 789, 805], "text": "10.00", "label": "column_value", "words": [{"box": [747, 550, 789, 805], "text": "10.00"}], "linking": [[38, 68]], "id": 68}, {"box": [864, 550, 913, 929], "text": "100.00", "label": "column_value", "words": [{"box": [864, 550, 913, 929], "text": "100.00"}], "linking": [[39, 69]], "id": 69}, {"box": [160, 573, 178, 195], "text": "6)", "label": "column_value", "words": [{"box": [160, 573, 178, 195], "text": "6)"}], "linking": [[34, 70]], "id": 70}, {"box": [211, 574, 341, 356], "text": "Highlighter - 3 color", "label": "column_value", "words": [{"box": [211, 574, 341, 356], "text": "Highlighter - 3 color"}], "linking": [[35, 71]], "id": 71}, {"box": [552, 573, 589, 606], "text": "Sets", "label": "column_value", "words": [{"box": [552, 573, 589, 606], "text": "Sets"}], "linking": [[36, 72]], "id": 72}, {"box": [647, 574, 659, 672], "text": "8", "label": "column_value", "words": [{"box": [647, 574, 659, 672], "text": "8"}], "linking": [[37, 73]], "id": 73}, {"box": [754, 573, 788, 805], "text": "6.00", "label": "column_value", "words": [{"box": [754, 573, 788, 805], "text": "6.00"}], "linking": [[38, 74]], "id": 74}, {"box": [872, 573, 913, 929], "text": "48.00", "label": "column_value", "words": [{"box": [872, 573, 913, 929], "text": "48.00"}], "linking": [[39, 75]], "id": 75}, {"box": [878, 596, 913, 930], "text": "0.00", "label": "others", "words": [{"box": [878, 596, 913, 930], "text": "0.00"}], "linking": [], "id": 76}, {"box": [878, 619, 915, 931], "text": "0.00", "label": "others", "words": [{"box": [878, 619, 915, 931], "text": "0.00"}], "linking": [], "id": 77}, {"box": [878, 641, 913, 930], "text": "0.00", "label": "others", "words": [{"box": [878, 641, 913, 930], "text": "0.00"}], "linking": [], "id": 78}, {"box": [878, 663, 913, 930], "text": "0.00", "label": "others", "words": [{"box": [878, 663, 913, 930], "text": "0.00"}], "linking": [], "id": 79}, {"box": [878, 687, 913, 930], "text": "0.00", "label": "others", "words": [{"box": [878, 687, 913, 930], "text": "0.00"}], "linking": [], "id": 80}, {"box": [878, 710, 913, 929], "text": "0.00", "label": "others", "words": [{"box": [878, 710, 913, 929], "text": "0.00"}], "linking": [], "id": 81}, {"box": [878, 732, 915, 931], "text": "0.00", "label": "others", "words": [{"box": [878, 732, 915, 931], "text": "0.00"}], "linking": [], "id": 82}, {"box": [878, 756, 915, 931], "text": "0.00", "label": "others", "words": [{"box": [878, 756, 915, 931], "text": "0.00"}], "linking": [], "id": 83}, {"box": [134, 776, 247, 262], "text": "Additional Notes:", "label": "others", "words": [{"box": [134, 776, 247, 262], "text": "Additional Notes:"}], "linking": [], "id": 84}, {"box": [606, 775, 663, 678], "text": "Subtotal", "label": "others", "words": [{"box": [606, 775, 663, 678], "text": "Subtotal"}], "linking": [], "id": 85}, {"box": [863, 775, 913, 929], "text": "316.00", "label": "others", "words": [{"box": [863, 775, 913, 929], "text": "316.00"}], "linking": [], "id": 86}, {"box": [606, 795, 671, 686], "text": "Taxes (%)", "label": "others", "words": [{"box": [606, 795, 671, 686], "text": "Taxes (%)"}], "linking": [], "id": 87}, {"box": [736, 794, 756, 772], "text": "12", "label": "others", "words": [{"box": [736, 794, 756, 772], "text": "12"}], "linking": [], "id": 88}, {"box": [870, 795, 914, 929], "text": "37.92", "label": "others", "words": [{"box": [870, 795, 914, 929], "text": "37.92"}], "linking": [], "id": 89}, {"box": [135, 803, 524, 537], "text": "Payment shall be 30 days upon delivery of the above items.", "label": "others", "words": [{"box": [135, 803, 524, 537], "text": "Payment shall be 30 days upon delivery of the above items."}], "linking": [], "id": 90}, {"box": [605, 814, 686, 702], "text": "Discount (%)", "label": "others", "words": [{"box": [605, 814, 686, 702], "text": "Discount (%)"}], "linking": [], "id": 91}, {"box": [872, 813, 911, 928], "text": "15.80", "label": "others", "words": [{"box": [872, 813, 911, 928], "text": "15.80"}], "linking": [], "id": 92}, {"box": [738, 812, 754, 770], "text": "5", "label": "others", "words": [{"box": [738, 812, 754, 770], "text": "5"}], "linking": [], "id": 93}, {"box": [606, 832, 644, 660], "text": "Total", "label": "total_id", "words": [{"box": [606, 832, 644, 660], "text": "Total"}], "linking": [[94, 95]], "id": 94}, {"box": [863, 833, 913, 929], "text": "338.12", "label": "total_cost", "words": [{"box": [863, 833, 913, 929], "text": "338.12"}], "linking": [[94, 95]], "id": 95}, {"box": [605, 852, 699, 715], "text": "Authorized By", "label": "others", "words": [{"box": [605, 852, 699, 715], "text": "Authorized By"}], "linking": [], "id": 96}, {"box": [609, 910, 821, 836], "text": "<Name of Authorized Signatory>", "label": "others", "words": [{"box": [609, 910, 821, 836], "text": "<Name of Authorized Signatory>"}], "linking": [], "id": 97}, {"box": [609, 928, 657, 673], "text": "<Title>", "label": "others", "words": [{"box": [609, 928, 657, 673], "text": "<Title>"}], "linking": [], "id": 98}, {"box": [793, 152, 881, 899], "text": "mm/dd/yyyy", "label": "po_date", "words": [{"box": [793, 152, 881, 899], "text": "mm/dd/yyyy"}], "linking": [[8, 99]], "id": 99}, {"box": [792, 173, 854, 869], "text": "8365234", "label": "po_no", "words": [{"box": [792, 173, 854, 869], "text": "8365234"}], "linking": [[11, 100]], "id": 100}]}