{"form": [{"box": [133, 59, 309, 327], "text": "<Company Name>", "label": "others", "words": [{"box": [133, 59, 309, 327], "text": "<Company Name>"}], "linking": [], "id": 0}, {"box": [591, 68, 906, 928], "text": "PURCHASE ORDER", "label": "others", "words": [{"box": [591, 68, 906, 928], "text": "PURCHASE ORDER"}], "linking": [], "id": 1}, {"box": [133, 90, 255, 269], "text": "333 Middle River St.", "label": "others", "words": [{"box": [133, 90, 255, 269], "text": "333 Middle River St."}], "linking": [], "id": 2}, {"box": [133, 105, 243, 257], "text": "Sylmar, CA 91342", "label": "others", "words": [{"box": [133, 105, 243, 257], "text": "Sylmar, CA 91342"}], "linking": [], "id": 3}, {"box": [814, 107, 893, 908], "text": "521793", "label": "po_no", "words": [{"box": [814, 107, 893, 908], "text": "521793"}], "linking": [[5, 4]], "id": 4}, {"box": [692, 110, 793, 804], "text": "P.O. NUMBER:", "label": "po_no_heading", "words": [{"box": [692, 110, 793, 804], "text": "P.O. NUMBER:"}], "linking": [[5, 4]], "id": 5}, {"box": [135, 121, 227, 238], "text": "(653) 863-8883", "label": "others", "words": [{"box": [135, 121, 227, 238], "text": "(653) 863-8883"}], "linking": [], "id": 6}, {"box": [751, 130, 794, 812], "text": "Date: ", "label": "date_heading", "words": [{"box": [751, 130, 794, 812], "text": "Date: "}], "linking": [[7, 98]], "id": 7}, {"box": [133, 135, 254, 267], "text": "info@tshirtrus.com", "label": "others", "words": [{"box": [133, 135, 254, 267], "text": "info@tshirtrus.com"}], "linking": [], "id": 8}, {"box": [624, 151, 704, 715], "text": "Reset Form", "label": "others", "words": [{"box": [624, 151, 704, 715], "text": "Reset Form"}], "linking": [], "id": 9}, {"box": [725, 150, 800, 815], "text": " Save Form", "label": "others", "words": [{"box": [725, 150, 800, 815], "text": " Save Form"}], "linking": [], "id": 10}, {"box": [829, 150, 902, 917], "text": " Print Form", "label": "others", "words": [{"box": [829, 150, 902, 917], "text": " Print Form"}], "linking": [], "id": 11}, {"box": [135, 152, 256, 266], "text": "www.t-shirtrus.com", "label": "others", "words": [{"box": [135, 152, 256, 266], "text": "www.t-shirtrus.com"}], "linking": [], "id": 12}, {"box": [131, 169, 209, 224], "text": "CUSTOMER", "label": "vendor_address_title", "words": [{"box": [131, 169, 209, 224], "text": "CUSTOMER"}], "linking": [[13, 16], [13, 21], [13, 22], [13, 25]], "id": 13}, {"box": [673, 170, 749, 764], "text": "DELIVER TO", "label": "sender_address_title", "words": [{"box": [673, 170, 749, 764], "text": "DELIVER TO"}], "linking": [[14, 17], [14, 20], [14, 24], [14, 27]], "id": 14}, {"box": [415, 167, 468, 483], "text": " BILL TO", "label": "others", "words": [{"box": [415, 167, 468, 483], "text": " BILL TO"}], "linking": [], "id": 15}, {"box": [133, 193, 204, 219], "text": "Jane Dole", "label": "vendor_address", "words": [{"box": [133, 193, 204, 219], "text": "Jane Dole"}], "linking": [[13, 16]], "id": 16}, {"box": [674, 194, 764, 779], "text": "Helen Wilson", "label": "sender_address", "words": [{"box": [674, 194, 764, 779], "text": "Helen Wilson"}], "linking": [[14, 17]], "id": 17}, {"box": [418, 194, 493, 504], "text": "John Smith", "label": "others", "words": [{"box": [418, 194, 493, 504], "text": "John Smith"}], "linking": [], "id": 18}, {"box": [419, 213, 545, 563], "text": "<Company Name>", "label": "others", "words": [{"box": [419, 213, 545, 563], "text": "<Company Name>"}], "linking": [], "id": 19}, {"box": [674, 212, 815, 833], "text": "MGM Souvenir Shop", "label": "sender_address", "words": [{"box": [674, 212, 815, 833], "text": "MGM Souvenir Shop"}], "linking": [[14, 20]], "id": 20}, {"box": [132, 212, 218, 233], "text": "T-Shirt R Us", "label": "vendor_address", "words": [{"box": [132, 212, 218, 233], "text": "T-Shirt R Us"}], "linking": [[13, 21]], "id": 21}, {"box": [133, 232, 305, 318], "text": "631 West Katella Avenue,", "label": "vendor_address", "words": [{"box": [133, 232, 305, 318], "text": "631 West Katella Avenue,"}], "linking": [[13, 22]], "id": 22}, {"box": [421, 232, 550, 565], "text": "123 Riverdale Drive", "label": "others", "words": [{"box": [421, 232, 550, 565], "text": "123 Riverdale Drive"}], "linking": [], "id": 23}, {"box": [677, 232, 837, 852], "text": "3799 Las Vegas Blvd S.,", "label": "sender_address", "words": [{"box": [677, 232, 837, 852], "text": "3799 Las Vegas Blvd S.,"}], "linking": [[14, 24]], "id": 24}, {"box": [133, 251, 361, 374], "text": "Anaheim, Los Angeles, CA 92802", "label": "vendor_address", "words": [{"box": [133, 251, 361, 374], "text": "Anaheim, Los Angeles, CA 92802"}], "linking": [[13, 25]], "id": 25}, {"box": [417, 250, 598, 613], "text": "Las Vegas, Nevada 91000", "label": "others", "words": [{"box": [417, 250, 598, 613], "text": "Las Vegas, Nevada 91000"}], "linking": [], "id": 26}, {"box": [675, 252, 853, 868], "text": "Las Vegas, NV, 89109, US", "label": "sender_address", "words": [{"box": [675, 252, 853, 868], "text": "Las Vegas, NV, 89109, US"}], "linking": [[14, 27]], "id": 27}, {"box": [673, 274, 704, 720], "text": "FOB", "label": "others", "words": [{"box": [673, 274, 704, 720], "text": "FOB"}], "linking": [], "id": 28}, {"box": [484, 276, 564, 576], "text": "SHIPPED VIA", "label": "others", "words": [{"box": [484, 276, 564, 576], "text": "SHIPPED VIA"}], "linking": [], "id": 29}, {"box": [794, 275, 843, 858], "text": "TERMS", "label": "others", "words": [{"box": [794, 275, 843, 858], "text": "TERMS"}], "linking": [], "id": 30}, {"box": [133, 277, 210, 221], "text": "START DATE", "label": "others", "words": [{"box": [133, 277, 210, 221], "text": "START DATE"}], "linking": [], "id": 31}, {"box": [242, 277, 332, 343], "text": "CANCEL DATE", "label": "others", "words": [{"box": [242, 277, 332, 343], "text": "CANCEL DATE"}], "linking": [], "id": 32}, {"box": [351, 277, 434, 445], "text": "ORDERED BY", "label": "others", "words": [{"box": [351, 277, 434, 445], "text": "ORDERED BY"}], "linking": [], "id": 33}, {"box": [131, 297, 214, 232], "text": "mm/dd/yyyy", "label": "others", "words": [{"box": [131, 297, 214, 232], "text": "mm/dd/yyyy"}], "linking": [], "id": 34}, {"box": [480, 296, 577, 595], "text": "UPS Express", "label": "others", "words": [{"box": [480, 296, 577, 595], "text": "UPS Express"}], "linking": [], "id": 35}, {"box": [672, 296, 761, 779], "text": "Walmart Inc.", "label": "others", "words": [{"box": [672, 296, 761, 779], "text": "Walmart Inc."}], "linking": [], "id": 36}, {"box": [795, 296, 843, 860], "text": "Net 18", "label": "others", "words": [{"box": [795, 296, 843, 860], "text": "Net 18"}], "linking": [], "id": 37}, {"box": [241, 298, 324, 339], "text": "mm/dd/yyyy", "label": "others", "words": [{"box": [241, 298, 324, 339], "text": "mm/dd/yyyy"}], "linking": [], "id": 38}, {"box": [349, 296, 428, 443], "text": "John Smith", "label": "others", "words": [{"box": [349, 296, 428, 443], "text": "John Smith"}], "linking": [], "id": 39}, {"box": [687, 317, 780, 796], "text": "Unit Price ($)", "label": "column_name", "words": [{"box": [687, 317, 780, 796], "text": "Unit Price ($)"}], "linking": [[40, 45], [40, 50], [40, 54], [40, 58], [40, 62], [40, 66]], "id": 40}, {"box": [168, 318, 205, 221], "text": "Unit", "label": "column_name", "words": [{"box": [168, 318, 205, 221], "text": "Unit"}], "linking": [[41, 46], [41, 48], [41, 53], [41, 56], [41, 60], [41, 64]], "id": 41}, {"box": [418, 319, 494, 505], "text": "Description", "label": "column_name", "words": [{"box": [418, 319, 494, 505], "text": "Description"}], "linking": [[42, 44], [42, 49], [42, 52], [42, 57], [42, 61], [42, 65]], "id": 42}, {"box": [815, 318, 895, 910], "text": "Amount ($)", "label": "column_name", "words": [{"box": [815, 318, 895, 910], "text": "Amount ($)"}], "linking": [[43, 47], [43, 51], [43, 59], [43, 55], [43, 63], [43, 67]], "id": 43}, {"box": [242, 338, 485, 500], "text": "White - Men's S/S Crew Tee - Small", "label": "column_value", "words": [{"box": [242, 338, 485, 500], "text": "White - Men's S/S Crew Tee - Small"}], "linking": [[42, 44]], "id": 44}, {"box": [758, 338, 793, 810], "text": "3.50", "label": "column_value", "words": [{"box": [758, 338, 793, 810], "text": "3.50"}], "linking": [[40, 45]], "id": 45}, {"box": [173, 340, 202, 217], "text": "150", "label": "column_value", "words": [{"box": [173, 340, 202, 217], "text": "150"}], "linking": [[41, 46]], "id": 46}, {"box": [864, 338, 913, 929], "text": "525.00", "label": "column_value", "words": [{"box": [864, 338, 913, 929], "text": "525.00"}], "linking": [[43, 47]], "id": 47}, {"box": [171, 359, 201, 218], "text": "200", "label": "column_value", "words": [{"box": [171, 359, 201, 218], "text": "200"}], "linking": [[41, 48]], "id": 48}, {"box": [241, 360, 498, 513], "text": "White - Men's S/S Crew Tee - Medium", "label": "column_value", "words": [{"box": [241, 360, 498, 513], "text": "White - Men's S/S Crew Tee - Medium"}], "linking": [[42, 49]], "id": 49}, {"box": [758, 359, 793, 810], "text": "3.75", "label": "column_value", "words": [{"box": [758, 359, 793, 810], "text": "3.75"}], "linking": [[40, 50]], "id": 50}, {"box": [864, 360, 914, 929], "text": "750.00", "label": "column_value", "words": [{"box": [864, 360, 914, 929], "text": "750.00"}], "linking": [[43, 51]], "id": 51}, {"box": [241, 382, 481, 496], "text": "White - Men's S/S Crew Tee - Large", "label": "column_value", "words": [{"box": [241, 382, 481, 496], "text": "White - Men's S/S Crew Tee - Large"}], "linking": [[42, 52]], "id": 52}, {"box": [173, 382, 202, 217], "text": "100", "label": "column_value", "words": [{"box": [173, 382, 202, 217], "text": "100"}], "linking": [[41, 53]], "id": 53}, {"box": [758, 381, 793, 809], "text": "4.00", "label": "column_value", "words": [{"box": [758, 381, 793, 809], "text": "4.00"}], "linking": [[40, 54]], "id": 54}, {"box": [864, 381, 914, 930], "text": "400.00", "label": "column_value", "words": [{"box": [864, 381, 914, 930], "text": "400.00"}], "linking": [[43, 55]], "id": 55}, {"box": [171, 401, 201, 218], "text": "150", "label": "column_value", "words": [{"box": [171, 401, 201, 218], "text": "150"}], "linking": [[41, 56]], "id": 56}, {"box": [243, 402, 501, 516], "text": "Charcoal - Men's S/S Crew Tee - Smal", "label": "column_value", "words": [{"box": [243, 402, 501, 516], "text": "Charcoal - Men's S/S Crew Tee - Smal"}], "linking": [[42, 57]], "id": 57}, {"box": [758, 401, 793, 810], "text": "3.50", "label": "column_value", "words": [{"box": [758, 401, 793, 810], "text": "3.50"}], "linking": [[40, 58]], "id": 58}, {"box": [864, 402, 914, 929], "text": "525.00", "label": "column_value", "words": [{"box": [864, 402, 914, 929], "text": "525.00"}], "linking": [[43, 59]], "id": 59}, {"box": [173, 424, 202, 217], "text": "200", "label": "column_value", "words": [{"box": [173, 424, 202, 217], "text": "200"}], "linking": [[41, 60]], "id": 60}, {"box": [245, 424, 518, 532], "text": "Charcoal - Men's S/S Crew Tee - Medium", "label": "column_value", "words": [{"box": [245, 424, 518, 532], "text": "Charcoal - Men's S/S Crew Tee - Medium"}], "linking": [[42, 61]], "id": 61}, {"box": [758, 423, 793, 809], "text": "3.75", "label": "column_value", "words": [{"box": [758, 423, 793, 809], "text": "3.75"}], "linking": [[40, 62]], "id": 62}, {"box": [864, 423, 913, 929], "text": "750.00", "label": "column_value", "words": [{"box": [864, 423, 913, 929], "text": "750.00"}], "linking": [[43, 63]], "id": 63}, {"box": [171, 444, 201, 218], "text": "100", "label": "column_value", "words": [{"box": [171, 444, 201, 218], "text": "100"}], "linking": [[41, 64]], "id": 64}, {"box": [242, 445, 501, 516], "text": "Charcoal - Men's S/S Crew Tee - Largee.", "label": "column_value", "words": [{"box": [242, 445, 501, 516], "text": "Charcoal - Men's S/S Crew Tee - Largee."}], "linking": [[42, 65]], "id": 65}, {"box": [758, 444, 793, 809], "text": "4.00", "label": "column_value", "words": [{"box": [758, 444, 793, 809], "text": "4.00"}], "linking": [[40, 66]], "id": 66}, {"box": [864, 445, 914, 930], "text": "400.00", "label": "column_value", "words": [{"box": [864, 445, 914, 930], "text": "400.00"}], "linking": [[43, 67]], "id": 67}, {"box": [880, 466, 913, 930], "text": "0.00", "label": "others", "words": [{"box": [880, 466, 913, 930], "text": "0.00"}], "linking": [], "id": 68}, {"box": [879, 485, 914, 931], "text": "0.00", "label": "others", "words": [{"box": [879, 485, 914, 931], "text": "0.00"}], "linking": [], "id": 69}, {"box": [879, 507, 914, 930], "text": "0.00", "label": "others", "words": [{"box": [879, 507, 914, 930], "text": "0.00"}], "linking": [], "id": 70}, {"box": [879, 528, 916, 932], "text": "0.00", "label": "others", "words": [{"box": [879, 528, 916, 932], "text": "0.00"}], "linking": [], "id": 71}, {"box": [879, 549, 914, 930], "text": "0.00", "label": "others", "words": [{"box": [879, 549, 914, 930], "text": "0.00"}], "linking": [], "id": 72}, {"box": [879, 570, 914, 931], "text": "0.00", "label": "others", "words": [{"box": [879, 570, 914, 931], "text": "0.00"}], "linking": [], "id": 73}, {"box": [879, 591, 914, 931], "text": "0.00", "label": "others", "words": [{"box": [879, 591, 914, 931], "text": "0.00"}], "linking": [], "id": 74}, {"box": [879, 612, 914, 930], "text": "0.00", "label": "others", "words": [{"box": [879, 612, 914, 930], "text": "0.00"}], "linking": [], "id": 75}, {"box": [879, 633, 914, 930], "text": "0.00", "label": "others", "words": [{"box": [879, 633, 914, 930], "text": "0.00"}], "linking": [], "id": 76}, {"box": [879, 654, 914, 931], "text": "0.00", "label": "others", "words": [{"box": [879, 654, 914, 931], "text": "0.00"}], "linking": [], "id": 77}, {"box": [879, 675, 914, 930], "text": "0.00", "label": "others", "words": [{"box": [879, 675, 914, 930], "text": "0.00"}], "linking": [], "id": 78}, {"box": [879, 696, 914, 931], "text": "0.00", "label": "others", "words": [{"box": [879, 696, 914, 931], "text": "0.00"}], "linking": [], "id": 79}, {"box": [879, 718, 914, 930], "text": "0.00", "label": "others", "words": [{"box": [879, 718, 914, 930], "text": "0.00"}], "linking": [], "id": 80}, {"box": [879, 738, 913, 930], "text": "0.00", "label": "others", "words": [{"box": [879, 738, 913, 930], "text": "0.00"}], "linking": [], "id": 81}, {"box": [879, 759, 914, 930], "text": "0.00", "label": "others", "words": [{"box": [879, 759, 914, 930], "text": "0.00"}], "linking": [], "id": 82}, {"box": [879, 781, 914, 930], "text": "0.00", "label": "others", "words": [{"box": [879, 781, 914, 930], "text": "0.00"}], "linking": [], "id": 83}, {"box": [880, 803, 913, 925], "text": "0.00", "label": "others", "words": [{"box": [880, 803, 913, 925], "text": "0.00"}], "linking": [], "id": 84}, {"box": [879, 823, 914, 930], "text": "0.00", "label": "others", "words": [{"box": [879, 823, 914, 930], "text": "0.00"}], "linking": [], "id": 85}, {"box": [879, 844, 916, 933], "text": "0.00", "label": "others", "words": [{"box": [879, 844, 916, 933], "text": "0.00"}], "linking": [], "id": 86}, {"box": [135, 869, 233, 244], "text": "APPROVED BY", "label": "others", "words": [{"box": [135, 869, 233, 244], "text": "APPROVED BY"}], "linking": [], "id": 87}, {"box": [852, 869, 913, 929], "text": "3,350.00", "label": "others", "words": [{"box": [852, 869, 913, 929], "text": "3,350.00"}], "linking": [], "id": 88}, {"box": [647, 874, 731, 747], "text": "Subtotal ($)", "label": "others", "words": [{"box": [647, 874, 731, 747], "text": "Subtotal ($)"}], "linking": [], "id": 89}, {"box": [864, 897, 914, 930], "text": "402.00", "label": "others", "words": [{"box": [864, 897, 914, 930], "text": "402.00"}], "linking": [], "id": 90}, {"box": [415, 900, 465, 481], "text": "1837.5", "label": "others", "words": [{"box": [415, 900, 465, 481], "text": "1837.5"}], "linking": [], "id": 91}, {"box": [753, 897, 773, 787], "text": "12", "label": "others", "words": [{"box": [753, 897, 773, 787], "text": "12"}], "linking": [], "id": 92}, {"box": [643, 902, 733, 748], "text": "Sales Tax (%)", "label": "others", "words": [{"box": [643, 902, 733, 748], "text": "Sales Tax (%)"}], "linking": [], "id": 93}, {"box": [132, 919, 291, 304], "text": "AUTHORIZED SIGNATORY", "label": "others", "words": [{"box": [132, 919, 291, 304], "text": "AUTHORIZED SIGNATORY"}], "linking": [], "id": 94}, {"box": [417, 920, 455, 468], "text": "DATE", "label": "others", "words": [{"box": [417, 920, 455, 468], "text": "DATE"}], "linking": [], "id": 95}, {"box": [853, 925, 914, 930], "text": "3,752.00", "label": "total_cost", "words": [{"box": [853, 925, 914, 930], "text": "3,752.00"}], "linking": [[97, 96]], "id": 96}, {"box": [613, 930, 731, 746], "text": "Total Amount ($)", "label": "total_id", "words": [{"box": [613, 930, 731, 746], "text": "Total Amount ($)"}], "linking": [[97, 96]], "id": 97}, {"box": [801, 131, 884, 900], "text": "mm/dd/yyyy", "label": "po_date", "words": [{"box": [801, 131, 884, 900], "text": "mm/dd/yyyy"}], "linking": [[7, 98]], "id": 98}]}