{"form": [{"box": [591, 32, 923, 955], "text": "PURCHASE", "label": "others", "words": [{"box": [591, 32, 923, 955], "text": "PURCHASE"}], "linking": [], "id": 0}, {"box": [262, 61, 424, 442], "text": "WESTVIEW", "label": "others", "words": [{"box": [262, 61, 424, 442], "text": "WESTVIEW"}], "linking": [], "id": 1}, {"box": [276, 80, 408, 423], "text": "Highschool", "label": "others", "words": [{"box": [276, 80, 408, 423], "text": "Highschool"}], "linking": [], "id": 2}, {"box": [716, 89, 923, 956], "text": "ORDER", "label": "others", "words": [{"box": [716, 89, 923, 956], "text": "ORDER"}], "linking": [], "id": 3}, {"box": [768, 151, 816, 831], "text": "PO #:", "label": "po_no_heading", "words": [{"box": [768, 151, 816, 831], "text": "PO #:"}], "linking": [[4, 5]], "id": 4}, {"box": [835, 152, 926, 941], "text": "HS2012532", "label": "po_no", "words": [{"box": [835, 152, 926, 941], "text": "HS2012532"}], "linking": [[4, 5]], "id": 5}, {"box": [88, 152, 433, 447], "text": "234 Highschool Avenue, Knowledgetown, 21585 NY", "label": "sender_address", "words": [{"box": [88, 152, 433, 447], "text": "234 Highschool Avenue, Knowledgetown, 21585 NY"}], "linking": [[68, 6]], "id": 6}, {"box": [83, 169, 439, 453], "text": "(000) 1235 58987 emailhighschool@mailserver.com", "label": "sender_address", "words": [{"box": [83, 169, 439, 453], "text": "(000) 1235 58987 emailhighschool@mailserver.com"}], "linking": [[68, 7]], "id": 7}, {"box": [762, 170, 817, 832], "text": "DATE: 10-05-2022", "label": "date_heading", "words": [{"box": [762, 170, 817, 832], "text": "DATE: 10-05-2022"}], "linking": [[8, 67]], "id": 8}, {"box": [597, 205, 685, 700], "text": "Ordered by", "label": "others", "words": [{"box": [597, 205, 685, 700], "text": "Ordered by"}], "linking": [], "id": 9}, {"box": [165, 206, 359, 369], "text": "VENDOR INFORMATION", "label": "vendor_address_title", "words": [{"box": [165, 206, 359, 369], "text": "VENDOR INFORMATION"}], "linking": [[10, 12], [10, 14], [10, 16], [10, 17], [10, 19]], "id": 10}, {"box": [600, 221, 674, 689], "text": "John Doe", "label": "others", "words": [{"box": [600, 221, 674, 689], "text": "John Doe"}], "linking": [], "id": 11}, {"box": [66, 239, 225, 239], "text": "Attn. Hannah M. Cold", "label": "vendor_address", "words": [{"box": [66, 239, 225, 239], "text": "Attn. Hannah M. Cold"}], "linking": [[10, 12]], "id": 12}, {"box": [599, 255, 663, 678], "text": "Position", "label": "others", "words": [{"box": [599, 255, 663, 678], "text": "Position"}], "linking": [], "id": 13}, {"box": [66, 255, 227, 241], "text": "VENDOR COMPANY", "label": "vendor_address", "words": [{"box": [66, 255, 227, 241], "text": "VENDOR COMPANY"}], "linking": [[10, 14]], "id": 14}, {"box": [601, 271, 745, 759], "text": "School Accountant", "label": "others", "words": [{"box": [601, 271, 745, 759], "text": "School Accountant"}], "linking": [], "id": 15}, {"box": [66, 273, 215, 229], "text": "150 Education Drive", "label": "vendor_address", "words": [{"box": [66, 273, 215, 229], "text": "150 Education Drive"}], "linking": [[10, 16]], "id": 16}, {"box": [64, 291, 225, 239], "text": "Marrywille, NY 14588", "label": "vendor_address", "words": [{"box": [64, 291, 225, 239], "text": "Marrywille, NY 14588"}], "linking": [[10, 17]], "id": 17}, {"box": [598, 304, 799, 814], "text": "Budget area to be charged", "label": "others", "words": [{"box": [598, 304, 799, 814], "text": "Budget area to be charged"}], "linking": [], "id": 18}, {"box": [64, 307, 265, 279], "text": "Phone: (555) 100 6565 522", "label": "vendor_address", "words": [{"box": [64, 307, 265, 279], "text": "Phone: (555) 100 6565 522"}], "linking": [[10, 19]], "id": 19}, {"box": [601, 322, 759, 771], "text": "Cabinets Renovation", "label": "others", "words": [{"box": [601, 322, 759, 771], "text": "Cabinets Renovation"}], "linking": [], "id": 20}, {"box": [329, 356, 662, 673], "text": "REFERENCE & SPECIALINSTRUCTIONS", "label": "others", "words": [{"box": [329, 356, 662, 673], "text": "REFERENCE & SPECIALINSTRUCTIONS"}], "linking": [], "id": 21}, {"box": [66, 378, 908, 918], "text": "Dear Ms. Hannah, according to your offer #12345/2022 from 22-04-2022 we have pleasure in placing with you our order with items listed below", "label": "others", "words": [{"box": [66, 378, 908, 918], "text": "Dear Ms. Hannah, according to your offer #12345/2022 from 22-04-2022 we have pleasure in placing with you our order with items listed below"}], "linking": [], "id": 22}, {"box": [66, 389, 616, 626], "text": "Please deliver all items in 5 working days. Delivery must be in school working hours (7am-2pm)", "label": "others", "words": [{"box": [66, 389, 616, 626], "text": "Please deliver all items in 5 working days. Delivery must be in school working hours (7am-2pm)"}], "linking": [], "id": 23}, {"box": [61, 433, 83, 96], "text": "ID", "label": "column_name", "words": [{"box": [61, 433, 83, 96], "text": "ID"}], "linking": [[24, 69], [24, 39], [24, 44], [24, 70], [24, 53], [24, 56]], "id": 24}, {"box": [625, 433, 658, 671], "text": "QTY", "label": "column_name", "words": [{"box": [625, 433, 658, 671], "text": "QTY"}], "linking": [[25, 71], [25, 38], [25, 47]], "id": 25}, {"box": [878, 432, 927, 942], "text": "TOTAL", "label": "column_name", "words": [{"box": [878, 432, 927, 942], "text": "TOTAL"}], "linking": [[26, 32], [26, 37], [26, 46]], "id": 26}, {"box": [228, 434, 372, 382], "text": "ITEM DESCRIPTION", "label": "column_name", "words": [{"box": [228, 434, 372, 382], "text": "ITEM DESCRIPTION"}], "linking": [[27, 29], [27, 30], [27, 33], [27, 34], [27, 35], [27, 36], [27, 41], [27, 42], [27, 43], [27, 48], [27, 49], [27, 50], [27, 51], [27, 52], [27, 54], [27, 55]], "id": 27}, {"box": [701, 434, 789, 800], "text": "UNIT PRICE", "label": "column_name", "words": [{"box": [701, 434, 789, 800], "text": "UNIT PRICE"}], "linking": [[28, 31], [28, 40], [28, 45]], "id": 28}, {"box": [95, 465, 517, 531], "text": "School board with reinforced aluminium frame", "label": "column_value", "words": [{"box": [95, 465, 517, 531], "text": "School board with reinforced aluminium frame"}], "linking": [[27, 29]], "id": 29}, {"box": [95, 481, 270, 284], "text": "Dimensions 3000x1500x8mn", "label": "column_value", "words": [{"box": [95, 481, 270, 284], "text": "Dimensions 3000x1500x8mn"}], "linking": [[27, 30]], "id": 30}, {"box": [726, 486, 772, 783], "text": "75.00$", "label": "column_value", "words": [{"box": [726, 486, 772, 783], "text": "75.00$"}], "linking": [[28, 31]], "id": 31}, {"box": [872, 486, 927, 938], "text": "300.00$", "label": "column_value", "words": [{"box": [872, 486, 927, 938], "text": "300.00$"}], "linking": [[26, 32]], "id": 32}, {"box": [95, 494, 434, 444], "text": "Special impregnated wood, painted in 3 layers, waterproof", "label": "column_value", "words": [{"box": [95, 494, 434, 444], "text": "Special impregnated wood, painted in 3 layers, waterproof"}], "linking": [[27, 33]], "id": 33}, {"box": [95, 504, 389, 399], "text": "Thick aluminium frame with safety rounded edges", "label": "column_value", "words": [{"box": [95, 504, 389, 399], "text": "Thick aluminium frame with safety rounded edges"}], "linking": [[27, 34]], "id": 34}, {"box": [95, 524, 156, 171], "text": "Chairs", "label": "column_value", "words": [{"box": [95, 524, 156, 171], "text": "Chairs"}], "linking": [[27, 35]], "id": 35}, {"box": [95, 543, 275, 285], "text": "Dimensions 450x600x800mm", "label": "column_value", "words": [{"box": [95, 543, 275, 285], "text": "Dimensions 450x600x800mm"}], "linking": [[27, 36]], "id": 36}, {"box": [861, 545, 928, 943], "text": "2,100.00$", "label": "column_value", "words": [{"box": [861, 545, 928, 943], "text": "2,100.00$"}], "linking": [[26, 37]], "id": 37}, {"box": [630, 545, 654, 668], "text": "60", "label": "column_value", "words": [{"box": [630, 545, 654, 668], "text": "60"}], "linking": [[25, 38]], "id": 38}, {"box": [67, 547, 76, 85], "text": "2", "label": "column_value", "words": [{"box": [67, 547, 76, 85], "text": "2"}], "linking": [[24, 39]], "id": 39}, {"box": [725, 546, 774, 785], "text": "35.00$", "label": "column_value", "words": [{"box": [725, 546, 774, 785], "text": "35.00$"}], "linking": [[28, 40]], "id": 40}, {"box": [91, 552, 363, 377], "text": " Specially painted and reinforced for longevity.", "label": "column_value", "words": [{"box": [91, 552, 363, 377], "text": " Specially painted and reinforced for longevity."}], "linking": [[27, 41]], "id": 41}, {"box": [93, 585, 174, 189], "text": "Curtains", "label": "column_value", "words": [{"box": [93, 585, 174, 189], "text": "Curtains"}], "linking": [[27, 42]], "id": 42}, {"box": [92, 602, 279, 291], "text": " Red with medium transparency.", "label": "column_value", "words": [{"box": [92, 602, 279, 291], "text": " Red with medium transparency."}], "linking": [[27, 43]], "id": 43}, {"box": [66, 605, 78, 88], "text": "3", "label": "column_value", "words": [{"box": [66, 605, 78, 88], "text": "3"}], "linking": [[24, 44]], "id": 44}, {"box": [722, 604, 777, 792], "text": "120.00$", "label": "column_value", "words": [{"box": [722, 604, 777, 792], "text": "120.00$"}], "linking": [[28, 45]], "id": 45}, {"box": [871, 604, 929, 944], "text": "480.00$", "label": "column_value", "words": [{"box": [871, 604, 929, 944], "text": "480.00$"}], "linking": [[26, 46]], "id": 46}, {"box": [635, 605, 651, 668], "text": "4", "label": "column_value", "words": [{"box": [635, 605, 651, 668], "text": "4"}], "linking": [[25, 47]], "id": 47}, {"box": [94, 614, 187, 198], "text": "2000x1000mm", "label": "column_value", "words": [{"box": [94, 614, 187, 198], "text": "2000x1000mm"}], "linking": [[27, 48]], "id": 48}, {"box": [95, 643, 167, 182], "text": "Item #4", "label": "column_value", "words": [{"box": [95, 643, 167, 182], "text": "Item #4"}], "linking": [[27, 49]], "id": 49}, {"box": [94, 660, 241, 255], "text": "Describe your item here.", "label": "column_value", "words": [{"box": [94, 660, 241, 255], "text": "Describe your item here."}], "linking": [[27, 50]], "id": 50}, {"box": [95, 703, 167, 182], "text": "Item #5", "label": "column_value", "words": [{"box": [95, 703, 167, 182], "text": "Item #5"}], "linking": [[27, 51]], "id": 51}, {"box": [95, 722, 238, 248], "text": "Describe your item here", "label": "column_value", "words": [{"box": [95, 722, 238, 248], "text": "Describe your item here"}], "linking": [[27, 52]], "id": 52}, {"box": [62, 724, 80, 87], "text": "5", "label": "column_value", "words": [{"box": [62, 724, 80, 87], "text": "5"}], "linking": [[24, 53]], "id": 53}, {"box": [95, 763, 167, 182], "text": "Item #6", "label": "column_value", "words": [{"box": [95, 763, 167, 182], "text": "Item #6"}], "linking": [[27, 54]], "id": 54}, {"box": [95, 781, 240, 250], "text": "Describe your item here.", "label": "column_value", "words": [{"box": [95, 781, 240, 250], "text": "Describe your item here."}], "linking": [[27, 55]], "id": 55}, {"box": [66, 785, 78, 87], "text": "6", "label": "column_value", "words": [{"box": [66, 785, 78, 87], "text": "6"}], "linking": [[24, 56]], "id": 56}, {"box": [709, 834, 797, 812], "text": "SUBTOTAL", "label": "others", "words": [{"box": [709, 834, 797, 812], "text": "SUBTOTAL"}], "linking": [], "id": 57}, {"box": [839, 833, 924, 939], "text": "2,880.00$", "label": "others", "words": [{"box": [839, 833, 924, 939], "text": "2,880.00$"}], "linking": [], "id": 58}, {"box": [724, 855, 802, 817], "text": "TAX RATE", "label": "others", "words": [{"box": [724, 855, 802, 817], "text": "TAX RATE"}], "linking": [], "id": 59}, {"box": [183, 855, 342, 356], "text": "Principal Signature", "label": "others", "words": [{"box": [183, 855, 342, 356], "text": "Principal Signature"}], "linking": [], "id": 60}, {"box": [894, 855, 925, 940], "text": "10%", "label": "others", "words": [{"box": [894, 855, 925, 940], "text": "10%"}], "linking": [], "id": 61}, {"box": [722, 874, 801, 816], "text": "SHIPPING", "label": "others", "words": [{"box": [722, 874, 801, 816], "text": "SHIPPING"}], "linking": [], "id": 62}, {"box": [869, 874, 926, 942], "text": "15.00$", "label": "others", "words": [{"box": [869, 874, 926, 942], "text": "15.00$"}], "linking": [], "id": 63}, {"box": [804, 908, 930, 945], "text": "GRAND TOTAL:", "label": "total_id", "words": [{"box": [804, 908, 930, 945], "text": "GRAND TOTAL:"}], "linking": [[64, 66]], "id": 64}, {"box": [143, 933, 381, 395], "text": "Business Manager Signature.", "label": "others", "words": [{"box": [143, 933, 381, 395], "text": "Business Manager Signature."}], "linking": [], "id": 65}, {"box": [814, 946, 924, 942], "text": "3,183.00$", "label": "total_cost", "words": [{"box": [814, 946, 924, 942], "text": "3,183.00$"}], "linking": [[64, 66]], "id": 66}, {"box": [831, 169, 933, 947], "text": "10-05-2022", "label": "po_date", "words": [{"box": [831, 169, 933, 947], "text": "10-05-2022"}], "linking": [[8, 67]], "id": 67}, {"box": [84, 129, 228, 245], "text": "Sender Info:", "label": "sender_address_title", "words": [{"box": [84, 129, 228, 245], "text": "Sender Info:"}], "linking": [[68, 6], [68, 7]], "id": 68}, {"box": [62, 486, 77, 92], "text": "1", "label": "column_value", "words": [{"box": [62, 486, 77, 92], "text": "1"}], "linking": [[24, 69]], "id": 69}, {"box": [62, 664, 78, 93], "text": "4", "label": "column_value", "words": [{"box": [62, 664, 78, 93], "text": "4"}], "linking": [[24, 70]], "id": 70}, {"box": [631, 487, 652, 666], "text": "4", "label": "column_value", "words": [{"box": [631, 487, 652, 666], "text": "4"}], "linking": [[25, 71]], "id": 71}]}