{"form": [{"box": [179, 34, 391, 416], "text": "STATIONERY", "label": "others", "words": [{"box": [179, 34, 391, 416], "text": "STATIONERY"}], "linking": [], "id": 0}, {"box": [743, 37, 960, 975], "text": "December 18. 2021", "label": "po_date", "words": [{"box": [743, 37, 960, 975], "text": "December 18. 2021"}], "linking": [[2, 1]], "id": 1}, {"box": [793, 64, 969, 983], "text": "Purchase Order Date", "label": "date_heading", "words": [{"box": [793, 64, 969, 983], "text": "Purchase Order Date"}], "linking": [[2, 1]], "id": 2}, {"box": [177, 67, 369, 384], "text": "Company Slogan Here", "label": "others", "words": [{"box": [177, 67, 369, 384], "text": "Company Slogan Here"}], "linking": [], "id": 3}, {"box": [242, 139, 560, 578], "text": "PURCHASE ORDER", "label": "po_no_heading", "words": [{"box": [242, 139, 560, 578], "text": "PURCHASE ORDER"}], "linking": [[4, 5]], "id": 4}, {"box": [594, 138, 762, 780], "text": "#1258820", "label": "po_no", "words": [{"box": [594, 138, 762, 780], "text": "#1258820"}], "linking": [[4, 5]], "id": 5}, {"box": [530, 186, 585, 600], "text": " ShiP tO", "label": "sender_address_title", "words": [{"box": [530, 186, 585, 600], "text": " ShiP tO"}], "linking": [[6, 9], [6, 11], [6, 13], [6, 15], [6, 17], [6, 19]], "id": 6}, {"box": [31, 189, 80, 91], "text": "BILL TO", "label": "vendor_address_title", "words": [{"box": [31, 189, 80, 91], "text": "BILL TO"}], "linking": [[7, 8], [7, 10], [7, 12], [7, 14], [7, 16], [7, 18]], "id": 7}, {"box": [34, 204, 229, 243], "text": "ATTN: Name / Department", "label": "vendor_address", "words": [{"box": [34, 204, 229, 243], "text": "ATTN: Name / Department"}], "linking": [[7, 8]], "id": 8}, {"box": [534, 204, 732, 746], "text": "ATTN: Name / Department", "label": "sender_address", "words": [{"box": [534, 204, 732, 746], "text": "ATTN: Name / Department"}], "linking": [[6, 9]], "id": 9}, {"box": [34, 223, 160, 174], "text": "Company Name", "label": "vendor_address", "words": [{"box": [34, 223, 160, 174], "text": "Company Name"}], "linking": [[7, 10]], "id": 10}, {"box": [534, 223, 662, 676], "text": "Company Name", "label": "sender_address", "words": [{"box": [534, 223, 662, 676], "text": "Company Name"}], "linking": [[6, 11]], "id": 11}, {"box": [33, 241, 185, 199], "text": "252 Stationery Street", "label": "vendor_address", "words": [{"box": [33, 241, 185, 199], "text": "252 Stationery Street"}], "linking": [[7, 12]], "id": 12}, {"box": [533, 241, 686, 700], "text": "252 Stationery Street", "label": "sender_address", "words": [{"box": [533, 241, 686, 700], "text": "252 Stationery Street"}], "linking": [[6, 13]], "id": 13}, {"box": [33, 258, 189, 203], "text": "Manchester, IL 22565", "label": "vendor_address", "words": [{"box": [33, 258, 189, 203], "text": "Manchester, IL 22565"}], "linking": [[7, 14]], "id": 14}, {"box": [533, 258, 689, 703], "text": "Manchester, IL 22565", "label": "sender_address", "words": [{"box": [533, 258, 689, 703], "text": "Manchester, IL 22565"}], "linking": [[6, 15]], "id": 15}, {"box": [34, 277, 138, 149], "text": "(444) 456-9900", "label": "vendor_address", "words": [{"box": [34, 277, 138, 149], "text": "(444) 456-9900"}], "linking": [[7, 16]], "id": 16}, {"box": [536, 278, 640, 652], "text": "(444) 456-9900", "label": "sender_address", "words": [{"box": [536, 278, 640, 652], "text": "(444) 456-9900"}], "linking": [[6, 17]], "id": 17}, {"box": [34, 297, 137, 148], "text": "Email Address", "label": "vendor_address", "words": [{"box": [34, 297, 137, 148], "text": "Email Address"}], "linking": [[7, 18]], "id": 18}, {"box": [533, 297, 638, 650], "text": "Email Address", "label": "sender_address", "words": [{"box": [533, 297, 638, 650], "text": "Email Address"}], "linking": [[6, 19]], "id": 19}, {"box": [693, 330, 758, 773], "text": "PAYMENT", "label": "others", "words": [{"box": [693, 330, 758, 773], "text": "PAYMENT"}], "linking": [], "id": 20}, {"box": [150, 331, 412, 424], "text": "SHIPPING METHOD AND SHIPPING TERMSE", "label": "others", "words": [{"box": [150, 331, 412, 424], "text": "SHIPPING METHOD AND SHIPPING TERMSE"}], "linking": [], "id": 21}, {"box": [558, 328, 620, 635], "text": " ShiP VIA", "label": "others", "words": [{"box": [558, 328, 620, 635], "text": " ShiP VIA"}], "linking": [], "id": 22}, {"box": [838, 332, 935, 945], "text": "DELIVERY DATE", "label": "others", "words": [{"box": [838, 332, 935, 945], "text": "DELIVERY DATE"}], "linking": [], "id": 23}, {"box": [571, 347, 605, 621], "text": "DHL", "label": "others", "words": [{"box": [571, 347, 605, 621], "text": "DHL"}], "linking": [], "id": 24}, {"box": [138, 349, 422, 436], "text": "Express shipment / Payed by customer.", "label": "others", "words": [{"box": [138, 349, 422, 436], "text": "Express shipment / Payed by customer."}], "linking": [], "id": 25}, {"box": [698, 348, 752, 767], "text": "NET 30", "label": "others", "words": [{"box": [698, 348, 752, 767], "text": "NET 30"}], "linking": [], "id": 26}, {"box": [845, 349, 924, 936], "text": "2021-12-31", "label": "others", "words": [{"box": [845, 349, 924, 936], "text": "2021-12-31"}], "linking": [], "id": 27}, {"box": [54, 384, 115, 130], "text": "Item no.", "label": "column_name", "words": [{"box": [54, 384, 115, 130], "text": "Item no."}], "linking": [[28, 33], [28, 38], [28, 43], [28, 48]], "id": 28}, {"box": [292, 386, 378, 390], "text": "DESCRIPTION", "label": "column_name", "words": [{"box": [292, 386, 378, 390], "text": "DESCRIPTION"}], "linking": [[29, 37], [29, 39], [29, 44], [29, 49]], "id": 29}, {"box": [574, 385, 604, 617], "text": "Qty", "label": "column_name", "words": [{"box": [574, 385, 604, 617], "text": "Qty"}], "linking": [[30, 34], [30, 40], [30, 45], [30, 52]], "id": 30}, {"box": [690, 386, 762, 774], "text": "UNIT PRICE", "label": "column_name", "words": [{"box": [690, 386, 762, 774], "text": "UNIT PRICE"}], "linking": [[31, 35], [31, 41], [31, 46], [31, 50]], "id": 31}, {"box": [866, 385, 908, 922], "text": "TOTAL", "label": "column_name", "words": [{"box": [866, 385, 908, 922], "text": "TOTAL"}], "linking": [[32, 36], [32, 42], [32, 47], [32, 51]], "id": 32}, {"box": [58, 403, 109, 124], "text": "AX100", "label": "column_value", "words": [{"box": [58, 403, 109, 124], "text": "AX100"}], "linking": [[28, 33]], "id": 33}, {"box": [579, 403, 601, 616], "text": "10", "label": "column_value", "words": [{"box": [579, 403, 601, 616], "text": "10"}], "linking": [[30, 34]], "id": 34}, {"box": [740, 403, 798, 813], "text": "100.00$", "label": "column_value", "words": [{"box": [740, 403, 798, 813], "text": "100.00$"}], "linking": [[31, 35]], "id": 35}, {"box": [893, 403, 966, 981], "text": "1,000.00$", "label": "column_value", "words": [{"box": [893, 403, 966, 981], "text": "1,000.00$"}], "linking": [[32, 36]], "id": 36}, {"box": [140, 405, 254, 267], "text": "Item from stock", "label": "column_value", "words": [{"box": [140, 405, 254, 267], "text": "Item from stock"}], "linking": [[29, 37]], "id": 37}, {"box": [58, 421, 107, 122], "text": " BX200", "label": "column_value", "words": [{"box": [58, 421, 107, 122], "text": " BX200"}], "linking": [[28, 38]], "id": 38}, {"box": [137, 422, 280, 294], "text": "Service description", "label": "column_value", "words": [{"box": [137, 422, 280, 294], "text": "Service description"}], "linking": [[29, 39]], "id": 39}, {"box": [579, 420, 597, 610], "text": "5", "label": "column_value", "words": [{"box": [579, 420, 597, 610], "text": "5"}], "linking": [[30, 40]], "id": 40}, {"box": [744, 421, 798, 813], "text": "25.00$", "label": "column_value", "words": [{"box": [744, 421, 798, 813], "text": "25.00$"}], "linking": [[31, 41]], "id": 41}, {"box": [909, 421, 965, 980], "text": "125.00$", "label": "column_value", "words": [{"box": [909, 421, 965, 980], "text": "125.00$"}], "linking": [[32, 42]], "id": 42}, {"box": [56, 440, 108, 123], "text": "CX300", "label": "column_value", "words": [{"box": [56, 440, 108, 123], "text": "CX300"}], "linking": [[28, 43]], "id": 43}, {"box": [138, 440, 261, 275], "text": "Describe item#3", "label": "column_value", "words": [{"box": [138, 440, 261, 275], "text": "Describe item#3"}], "linking": [[29, 44]], "id": 44}, {"box": [580, 440, 601, 615], "text": "10", "label": "column_value", "words": [{"box": [580, 440, 601, 615], "text": "10"}], "linking": [[30, 45]], "id": 45}, {"box": [753, 439, 798, 813], "text": "5.00$", "label": "column_value", "words": [{"box": [753, 439, 798, 813], "text": "5.00$"}], "linking": [[31, 46]], "id": 46}, {"box": [914, 439, 968, 983], "text": "50.00$", "label": "column_value", "words": [{"box": [914, 439, 968, 983], "text": "50.00$"}], "linking": [[32, 47]], "id": 47}, {"box": [57, 456, 109, 124], "text": "DX400", "label": "column_value", "words": [{"box": [57, 456, 109, 124], "text": "DX400"}], "linking": [[28, 48]], "id": 48}, {"box": [138, 457, 261, 275], "text": "Describe item#4", "label": "column_value", "words": [{"box": [138, 457, 261, 275], "text": "Describe item#4"}], "linking": [[29, 49]], "id": 49}, {"box": [747, 456, 798, 813], "text": "10.00$", "label": "column_value", "words": [{"box": [747, 456, 798, 813], "text": "10.00$"}], "linking": [[31, 50]], "id": 50}, {"box": [912, 456, 966, 981], "text": "50.00$", "label": "column_value", "words": [{"box": [912, 456, 966, 981], "text": "50.00$"}], "linking": [[32, 51]], "id": 51}, {"box": [583, 458, 595, 606], "text": "5", "label": "column_value", "words": [{"box": [583, 458, 595, 606], "text": "5"}], "linking": [[30, 52]], "id": 52}, {"box": [896, 618, 966, 981], "text": "1,225.00$", "label": "others", "words": [{"box": [896, 618, 966, 981], "text": "1,225.00$"}], "linking": [], "id": 53}, {"box": [33, 622, 196, 210], "text": "Remarks / Instructions:", "label": "others", "words": [{"box": [33, 622, 196, 210], "text": "Remarks / Instructions:"}], "linking": [], "id": 54}, {"box": [714, 621, 787, 798], "text": "SUBTOTAL", "label": "others", "words": [{"box": [714, 621, 787, 798], "text": "SUBTOTAL"}], "linking": [], "id": 55}, {"box": [709, 638, 788, 803], "text": "DISCOUNT", "label": "others", "words": [{"box": [709, 638, 788, 803], "text": "DISCOUNT"}], "linking": [], "id": 56}, {"box": [915, 638, 964, 979], "text": "50.00$", "label": "others", "words": [{"box": [915, 638, 964, 979], "text": "50.00$"}], "linking": [], "id": 57}, {"box": [601, 655, 787, 801], "text": "SubtOtaL LEss DiSCOuNt", "label": "others", "words": [{"box": [601, 655, 787, 801], "text": "SubtOtaL LEss DiSCOuNt"}], "linking": [], "id": 58}, {"box": [896, 656, 966, 982], "text": "1,175.00$", "label": "others", "words": [{"box": [896, 656, 966, 982], "text": "1,175.00$"}], "linking": [], "id": 59}, {"box": [717, 675, 787, 798], "text": "TAX RATE", "label": "others", "words": [{"box": [717, 675, 787, 798], "text": "TAX RATE"}], "linking": [], "id": 60}, {"box": [914, 674, 966, 981], "text": "10.00%", "label": "others", "words": [{"box": [914, 674, 966, 981], "text": "10.00%"}], "linking": [], "id": 61}, {"box": [907, 693, 964, 980], "text": "117.50$", "label": "others", "words": [{"box": [907, 693, 964, 980], "text": "117.50$"}], "linking": [], "id": 62}, {"box": [708, 694, 787, 799], "text": "TOTAL TAx", "label": "others", "words": [{"box": [708, 694, 787, 799], "text": "TOTAL TAx"}], "linking": [], "id": 63}, {"box": [915, 713, 965, 980], "text": "50.00$", "label": "others", "words": [{"box": [915, 713, 965, 980], "text": "50.00$"}], "linking": [], "id": 64}, {"box": [631, 712, 787, 801], "text": "SHIPPING/HANDLING", "label": "others", "words": [{"box": [631, 712, 787, 801], "text": "SHIPPING/HANDLING"}], "linking": [], "id": 65}, {"box": [914, 732, 964, 980], "text": "50.00$", "label": "others", "words": [{"box": [914, 732, 964, 980], "text": "50.00$"}], "linking": [], "id": 66}, {"box": [33, 731, 390, 404], "text": "Please make check payable to Your Company Name..", "label": "others", "words": [{"box": [33, 731, 390, 404], "text": "Please make check payable to Your Company Name.."}], "linking": [], "id": 67}, {"box": [738, 731, 787, 799], "text": "OTher", "label": "others", "words": [{"box": [738, 731, 787, 799], "text": "OTher"}], "linking": [], "id": 68}, {"box": [36, 752, 204, 222], "text": "THANK YOU", "label": "others", "words": [{"box": [36, 752, 204, 222], "text": "THANK YOU"}], "linking": [], "id": 69}, {"box": [740, 753, 791, 806], "text": "tOtAL", "label": "total_id", "words": [{"box": [740, 753, 791, 806], "text": "tOtAL"}], "linking": [[70, 71]], "id": 70}, {"box": [896, 754, 965, 980], "text": "1,392.50$", "label": "total_cost", "words": [{"box": [896, 754, 965, 980], "text": "1,392.50$"}], "linking": [[70, 71]], "id": 71}, {"box": [202, 793, 361, 375], "text": "AUTHORIZED SIGNATURE", "label": "others", "words": [{"box": [202, 793, 361, 375], "text": "AUTHORIZED SIGNATURE"}], "linking": [], "id": 72}, {"box": [159, 822, 391, 435], "text": "ternplate lal", "label": "others", "words": [{"box": [159, 822, 391, 435], "text": "ternplate lal"}], "linking": [], "id": 73}, {"box": [140, 929, 396, 410], "text": "STATIONERY (COMPANY NAME)", "label": "others", "words": [{"box": [140, 929, 396, 410], "text": "STATIONERY (COMPANY NAME)"}], "linking": [], "id": 74}, {"box": [557, 929, 963, 977], "text": " For questions concerning this Purchase Order, please contact", "label": "others", "words": [{"box": [557, 929, 963, 977], "text": " For questions concerning this Purchase Order, please contact"}], "linking": [], "id": 75}, {"box": [141, 947, 268, 282], "text": "123 Main Street", "label": "others", "words": [{"box": [141, 947, 268, 282], "text": "123 Main Street"}], "linking": [], "id": 76}, {"box": [621, 947, 962, 976], "text": "John Doe, (555) 112-7890, john.doe@stationery.com", "label": "others", "words": [{"box": [621, 947, 962, 976], "text": "John Doe, (555) 112-7890, john.doe@stationery.com"}], "linking": [], "id": 77}, {"box": [140, 965, 335, 349], "text": "Georgetown, OH 24410", "label": "others", "words": [{"box": [140, 965, 335, 349], "text": "Georgetown, OH 24410"}], "linking": [], "id": 78}, {"box": [747, 967, 961, 971], "text": "www.stationerywebaddress.com", "label": "others", "words": [{"box": [747, 967, 961, 971], "text": "www.stationerywebaddress.com"}], "linking": [], "id": 79}]}